profile_id,attempt_id,synthetic,generator_version,label_niveau,score_global,questions_repondues,bonnes_reponses,taux_reponse,score_comprehension,score_langue_grammaire,score_connaissance_oeuvres,score_figures_procedes,score_interpretation_justification,score_debutant,score_intermediaire,score_avance
debutant_0001,1,True,positioning_synthetic_v1,debutant,15,20,3,100,0,25,25,0,25,29,14,0
debutant_0001,2,True,positioning_synthetic_v1,debutant,0,20,0,100,0,0,0,0,0,0,0,0
debutant_0001,3,True,positioning_synthetic_v1,debutant,15,20,3,100,0,0,25,50,0,29,14,0
debutant_0001,4,True,positioning_synthetic_v1,debutant,5,20,1,100,0,0,0,0,25,0,14,0
debutant_0002,1,True,positioning_synthetic_v1,debutant,35,20,7,100,25,50,0,25,75,43,57,0
debutant_0002,2,True,positioning_synthetic_v1,debutant,40,20,8,100,0,75,50,0,75,57,43,17
debutant_0002,3,True,positioning_synthetic_v1,debutant,30,20,6,100,25,25,25,50,25,57,14,17
debutant_0002,4,True,positioning_synthetic_v1,debutant,35,20,7,100,75,0,50,25,25,29,43,33
debutant_0003,1,True,positioning_synthetic_v1,debutant,15,20,3,100,0,25,25,25,0,29,14,0
debutant_0003,2,True,positioning_synthetic_v1,debutant,15,20,3,100,25,25,0,25,0,43,0,0
debutant_0003,3,True,positioning_synthetic_v1,debutant,30,20,6,100,50,50,0,50,0,57,14,17
debutant_0003,4,True,positioning_synthetic_v1,debutant,30,20,6,100,0,0,75,75,0,43,14,33
debutant_0004,1,True,positioning_synthetic_v1,debutant,35,20,7,100,25,25,50,25,50,29,57,17
debutant_0004,2,True,positioning_synthetic_v1,debutant,55,20,11,100,50,75,50,25,75,86,57,17
debutant_0004,3,True,positioning_synthetic_v1,debutant,25,20,5,100,25,0,25,0,75,14,43,17
debutant_0004,4,True,positioning_synthetic_v1,debutant,35,20,7,100,25,75,50,0,25,57,29,17
debutant_0005,1,True,positioning_synthetic_v1,debutant,20,20,4,100,25,0,25,25,25,43,14,0
debutant_0005,2,True,positioning_synthetic_v1,debutant,15,20,3,100,25,25,25,0,0,29,14,0
debutant_0005,3,True,positioning_synthetic_v1,debutant,45,20,9,100,75,25,25,100,0,29,57,50
debutant_0005,4,True,positioning_synthetic_v1,debutant,40,20,8,100,50,50,25,25,50,57,29,33
debutant_0006,1,True,positioning_synthetic_v1,debutant,10,20,2,100,25,0,25,0,0,29,0,0
debutant_0006,2,True,positioning_synthetic_v1,debutant,35,20,7,100,50,25,50,50,0,71,29,0
debutant_0006,3,True,positioning_synthetic_v1,debutant,25,20,5,100,25,25,25,0,50,57,14,0
debutant_0006,4,True,positioning_synthetic_v1,debutant,20,20,4,100,25,25,0,50,0,43,14,0
debutant_0007,1,True,positioning_synthetic_v1,debutant,20,20,4,100,25,25,0,25,25,43,0,17
debutant_0007,2,True,positioning_synthetic_v1,debutant,20,20,4,100,25,25,25,25,0,57,0,0
debutant_0007,3,True,positioning_synthetic_v1,debutant,25,20,5,100,25,25,0,50,25,29,29,17
debutant_0007,4,True,positioning_synthetic_v1,debutant,10,20,2,100,0,25,0,25,0,29,0,0
debutant_0008,1,True,positioning_synthetic_v1,debutant,30,20,6,100,25,25,0,75,25,43,29,17
debutant_0008,2,True,positioning_synthetic_v1,debutant,15,20,3,100,50,0,0,25,0,14,29,0
debutant_0008,3,True,positioning_synthetic_v1,debutant,35,20,7,100,25,25,50,50,25,43,43,17
debutant_0008,4,True,positioning_synthetic_v1,debutant,10,20,2,100,0,0,25,25,0,14,0,17
debutant_0009,1,True,positioning_synthetic_v1,debutant,25,20,5,100,25,50,0,0,50,43,29,0
debutant_0009,2,True,positioning_synthetic_v1,debutant,20,20,4,100,0,25,50,0,25,43,14,0
debutant_0009,3,True,positioning_synthetic_v1,debutant,30,20,6,100,25,50,25,50,0,14,43,33
debutant_0009,4,True,positioning_synthetic_v1,debutant,45,20,9,100,50,50,25,25,75,86,29,17
debutant_0010,1,True,positioning_synthetic_v1,debutant,5,20,1,100,25,0,0,0,0,14,0,0
debutant_0010,2,True,positioning_synthetic_v1,debutant,20,20,4,100,50,25,0,25,0,14,29,17
debutant_0010,3,True,positioning_synthetic_v1,debutant,10,20,2,100,0,25,25,0,0,29,0,0
debutant_0010,4,True,positioning_synthetic_v1,debutant,25,20,5,100,50,0,50,25,0,43,29,0
debutant_0011,1,True,positioning_synthetic_v1,debutant,25,20,5,100,50,25,25,25,0,43,29,0
debutant_0011,2,True,positioning_synthetic_v1,debutant,30,20,6,100,25,0,25,75,25,29,29,33
debutant_0011,3,True,positioning_synthetic_v1,debutant,20,20,4,100,50,0,50,0,0,14,29,17
debutant_0011,4,True,positioning_synthetic_v1,debutant,35,20,7,100,0,25,25,75,50,29,57,17
debutant_0012,1,True,positioning_synthetic_v1,debutant,30,20,6,100,0,50,25,50,25,57,14,17
debutant_0012,2,True,positioning_synthetic_v1,debutant,50,20,10,100,50,25,25,100,50,86,29,33
debutant_0012,3,True,positioning_synthetic_v1,debutant,10,20,2,100,0,0,25,0,25,29,0,0
debutant_0012,4,True,positioning_synthetic_v1,debutant,15,20,3,100,25,0,50,0,0,29,14,0
debutant_0013,1,True,positioning_synthetic_v1,debutant,35,20,7,100,25,25,75,0,50,57,29,17
debutant_0013,2,True,positioning_synthetic_v1,debutant,25,20,5,100,0,25,0,75,25,29,29,17
debutant_0013,3,True,positioning_synthetic_v1,debutant,0,20,0,100,0,0,0,0,0,0,0,0
debutant_0013,4,True,positioning_synthetic_v1,debutant,20,20,4,100,25,25,0,0,50,29,29,0
debutant_0014,1,True,positioning_synthetic_v1,debutant,25,20,5,100,0,25,50,0,50,43,0,33
debutant_0014,2,True,positioning_synthetic_v1,debutant,25,20,5,100,50,0,25,50,0,43,29,0
debutant_0014,3,True,positioning_synthetic_v1,debutant,20,20,4,100,0,50,0,25,25,43,0,17
debutant_0014,4,True,positioning_synthetic_v1,debutant,30,20,6,100,50,25,50,25,0,43,43,0
debutant_0015,1,True,positioning_synthetic_v1,debutant,55,20,11,100,50,75,75,50,25,86,43,33
debutant_0015,2,True,positioning_synthetic_v1,debutant,25,20,5,100,25,0,25,25,50,43,29,0
debutant_0015,3,True,positioning_synthetic_v1,debutant,50,20,10,100,50,100,50,25,25,100,14,33
debutant_0015,4,True,positioning_synthetic_v1,debutant,55,20,11,100,25,50,50,75,75,71,57,33
debutant_0016,1,True,positioning_synthetic_v1,debutant,20,20,4,100,50,25,0,0,25,29,14,17
debutant_0016,2,True,positioning_synthetic_v1,debutant,10,20,2,100,0,0,25,0,25,29,0,0
debutant_0016,3,True,positioning_synthetic_v1,debutant,25,20,5,100,25,0,0,50,50,29,29,17
debutant_0016,4,True,positioning_synthetic_v1,debutant,25,20,5,100,0,0,50,50,25,57,0,17
debutant_0017,1,True,positioning_synthetic_v1,debutant,20,20,4,100,25,0,0,0,75,14,0,50
debutant_0017,2,True,positioning_synthetic_v1,debutant,10,20,2,100,0,0,25,25,0,29,0,0
debutant_0017,3,True,positioning_synthetic_v1,debutant,15,20,3,100,25,0,25,25,0,43,0,0
debutant_0017,4,True,positioning_synthetic_v1,debutant,35,20,7,100,25,50,25,25,50,57,29,17
debutant_0018,1,True,positioning_synthetic_v1,debutant,40,20,8,100,50,25,25,75,25,57,29,33
debutant_0018,2,True,positioning_synthetic_v1,debutant,30,20,6,100,25,25,25,0,75,57,14,17
debutant_0018,3,True,positioning_synthetic_v1,debutant,35,20,7,100,25,25,25,75,25,29,57,17
debutant_0018,4,True,positioning_synthetic_v1,debutant,20,20,4,100,0,0,25,75,0,29,14,17
debutant_0019,1,True,positioning_synthetic_v1,debutant,30,20,6,100,0,50,50,0,50,29,29,33
debutant_0019,2,True,positioning_synthetic_v1,debutant,40,20,8,100,50,25,75,25,25,43,43,33
debutant_0019,3,True,positioning_synthetic_v1,debutant,45,20,9,100,25,50,25,75,50,57,43,33
debutant_0019,4,True,positioning_synthetic_v1,debutant,25,20,5,100,50,25,0,25,25,43,14,17
debutant_0020,1,True,positioning_synthetic_v1,debutant,30,20,6,100,0,75,50,25,0,14,43,33
debutant_0020,2,True,positioning_synthetic_v1,debutant,15,20,3,100,0,25,25,0,25,14,29,0
debutant_0020,3,True,positioning_synthetic_v1,debutant,20,20,4,100,25,25,25,0,25,43,14,0
debutant_0020,4,True,positioning_synthetic_v1,debutant,40,20,8,100,25,75,50,0,50,57,29,33
debutant_0021,1,True,positioning_synthetic_v1,debutant,30,20,6,100,25,25,25,25,50,43,14,33
debutant_0021,2,True,positioning_synthetic_v1,debutant,25,20,5,100,25,25,50,25,0,14,29,33
debutant_0021,3,True,positioning_synthetic_v1,debutant,25,20,5,100,25,0,0,75,25,57,14,0
debutant_0021,4,True,positioning_synthetic_v1,debutant,25,20,5,100,25,0,0,50,50,29,43,0
debutant_0022,1,True,positioning_synthetic_v1,debutant,30,20,6,100,25,25,25,75,0,43,14,33
debutant_0022,2,True,positioning_synthetic_v1,debutant,20,20,4,100,25,0,75,0,0,43,14,0
debutant_0022,3,True,positioning_synthetic_v1,debutant,35,20,7,100,0,50,50,25,50,57,43,0
debutant_0022,4,True,positioning_synthetic_v1,debutant,40,20,8,100,25,25,50,50,50,43,29,50
debutant_0023,1,True,positioning_synthetic_v1,debutant,15,20,3,100,0,0,50,0,25,29,14,0
debutant_0023,2,True,positioning_synthetic_v1,debutant,10,20,2,100,0,25,25,0,0,29,0,0
debutant_0023,3,True,positioning_synthetic_v1,debutant,35,20,7,100,50,25,25,50,25,100,0,0
debutant_0023,4,True,positioning_synthetic_v1,debutant,25,20,5,100,25,0,0,50,50,29,29,17
debutant_0024,1,True,positioning_synthetic_v1,debutant,35,20,7,100,50,50,25,50,0,43,43,17
debutant_0024,2,True,positioning_synthetic_v1,debutant,10,20,2,100,25,0,0,0,25,14,14,0
debutant_0024,3,True,positioning_synthetic_v1,debutant,5,20,1,100,0,0,25,0,0,14,0,0
debutant_0024,4,True,positioning_synthetic_v1,debutant,5,20,1,100,0,0,25,0,0,0,0,17
debutant_0025,1,True,positioning_synthetic_v1,debutant,35,20,7,100,25,25,50,75,0,71,29,0
debutant_0025,2,True,positioning_synthetic_v1,debutant,40,20,8,100,25,25,0,50,100,43,57,17
debutant_0025,3,True,positioning_synthetic_v1,debutant,10,20,2,100,0,0,25,25,0,14,0,17
debutant_0025,4,True,positioning_synthetic_v1,debutant,30,20,6,100,0,0,50,50,50,57,0,33
debutant_0026,1,True,positioning_synthetic_v1,debutant,25,20,5,100,25,25,50,25,0,43,14,17
debutant_0026,2,True,positioning_synthetic_v1,debutant,30,20,6,100,25,75,25,0,25,57,29,0
debutant_0026,3,True,positioning_synthetic_v1,debutant,45,20,9,100,25,75,50,75,0,71,14,50
debutant_0026,4,True,positioning_synthetic_v1,debutant,25,20,5,100,25,50,25,25,0,43,14,17
debutant_0027,1,True,positioning_synthetic_v1,debutant,15,20,3,100,0,25,25,0,25,29,14,0
debutant_0027,2,True,positioning_synthetic_v1,debutant,15,20,3,100,25,25,0,25,0,43,0,0
debutant_0027,3,True,positioning_synthetic_v1,debutant,20,20,4,100,50,0,0,25,25,57,0,0
debutant_0027,4,True,positioning_synthetic_v1,debutant,15,20,3,100,25,0,25,0,25,14,29,0
debutant_0028,1,True,positioning_synthetic_v1,debutant,20,20,4,100,50,0,25,25,0,43,14,0
debutant_0028,2,True,positioning_synthetic_v1,debutant,30,20,6,100,50,0,25,50,25,57,14,17
debutant_0028,3,True,positioning_synthetic_v1,debutant,20,20,4,100,0,75,0,25,0,29,29,0
debutant_0028,4,True,positioning_synthetic_v1,debutant,40,20,8,100,50,75,25,50,0,43,57,17
debutant_0029,1,True,positioning_synthetic_v1,debutant,20,20,4,100,25,25,25,25,0,14,29,17
debutant_0029,2,True,positioning_synthetic_v1,debutant,15,20,3,100,25,0,25,25,0,29,14,0
debutant_0029,3,True,positioning_synthetic_v1,debutant,25,20,5,100,25,25,25,0,50,14,29,33
debutant_0029,4,True,positioning_synthetic_v1,debutant,20,20,4,100,0,50,0,25,25,29,14,17
debutant_0030,1,True,positioning_synthetic_v1,debutant,30,20,6,100,0,25,50,75,0,57,29,0
debutant_0030,2,True,positioning_synthetic_v1,debutant,10,20,2,100,0,0,0,25,25,0,0,33
debutant_0030,3,True,positioning_synthetic_v1,debutant,45,20,9,100,25,75,50,75,0,43,43,50
debutant_0030,4,True,positioning_synthetic_v1,debutant,40,20,8,100,25,75,0,50,50,43,43,33
debutant_0031,1,True,positioning_synthetic_v1,debutant,20,20,4,100,0,25,25,25,25,29,14,17
debutant_0031,2,True,positioning_synthetic_v1,debutant,10,20,2,100,25,0,0,0,25,29,0,0
debutant_0031,3,True,positioning_synthetic_v1,debutant,30,20,6,100,25,50,25,25,25,71,14,0
debutant_0031,4,True,positioning_synthetic_v1,debutant,25,20,5,100,25,25,50,0,25,57,14,0
debutant_0032,1,True,positioning_synthetic_v1,debutant,40,20,8,100,50,25,50,25,50,71,43,0
debutant_0032,2,True,positioning_synthetic_v1,debutant,30,20,6,100,50,0,25,25,50,71,14,0
debutant_0032,3,True,positioning_synthetic_v1,debutant,25,20,5,100,25,25,25,25,25,43,14,17
debutant_0032,4,True,positioning_synthetic_v1,debutant,15,20,3,100,0,0,25,50,0,14,29,0
debutant_0033,1,True,positioning_synthetic_v1,debutant,25,20,5,100,75,0,0,25,25,14,29,33
debutant_0033,2,True,positioning_synthetic_v1,debutant,40,20,8,100,25,50,25,50,50,86,29,0
debutant_0033,3,True,positioning_synthetic_v1,debutant,25,20,5,100,25,25,25,25,25,29,43,0
debutant_0033,4,True,positioning_synthetic_v1,debutant,25,20,5,100,25,25,25,0,50,57,14,0
debutant_0034,1,True,positioning_synthetic_v1,debutant,55,20,11,100,75,25,50,50,75,86,71,0
debutant_0034,2,True,positioning_synthetic_v1,debutant,20,20,4,100,0,50,25,0,25,29,14,17
debutant_0034,3,True,positioning_synthetic_v1,debutant,40,20,8,100,50,25,75,50,0,43,43,33
debutant_0034,4,True,positioning_synthetic_v1,debutant,50,20,10,100,75,50,25,50,50,71,43,33
debutant_0035,1,True,positioning_synthetic_v1,debutant,55,20,11,100,50,50,50,50,75,100,43,17
debutant_0035,2,True,positioning_synthetic_v1,debutant,30,20,6,100,25,25,25,50,25,71,0,17
debutant_0035,3,True,positioning_synthetic_v1,debutant,5,20,1,100,25,0,0,0,0,0,0,17
debutant_0035,4,True,positioning_synthetic_v1,debutant,20,20,4,100,0,0,25,50,25,43,14,0
debutant_0036,1,True,positioning_synthetic_v1,debutant,35,20,7,100,25,50,25,25,50,57,43,0
debutant_0036,2,True,positioning_synthetic_v1,debutant,35,20,7,100,50,25,25,25,50,14,57,33
debutant_0036,3,True,positioning_synthetic_v1,debutant,20,20,4,100,25,25,25,25,0,29,29,0
debutant_0036,4,True,positioning_synthetic_v1,debutant,35,20,7,100,50,50,25,50,0,57,14,33
debutant_0037,1,True,positioning_synthetic_v1,debutant,40,20,8,100,50,0,50,50,50,43,57,17
debutant_0037,2,True,positioning_synthetic_v1,debutant,20,20,4,100,25,0,0,25,50,43,0,17
debutant_0037,3,True,positioning_synthetic_v1,debutant,30,20,6,100,0,25,0,100,25,29,43,17
debutant_0037,4,True,positioning_synthetic_v1,debutant,15,20,3,100,25,0,0,25,25,14,29,0
debutant_0038,1,True,positioning_synthetic_v1,debutant,25,20,5,100,25,25,25,25,25,43,14,17
debutant_0038,2,True,positioning_synthetic_v1,debutant,25,20,5,100,25,0,25,25,50,43,29,0
debutant_0038,3,True,positioning_synthetic_v1,debutant,15,20,3,100,0,50,0,0,25,14,14,17
debutant_0038,4,True,positioning_synthetic_v1,debutant,25,20,5,100,25,0,75,25,0,29,29,17
debutant_0039,1,True,positioning_synthetic_v1,debutant,15,20,3,100,0,25,0,50,0,29,14,0
debutant_0039,2,True,positioning_synthetic_v1,debutant,25,20,5,100,0,75,25,25,0,29,14,33
debutant_0039,3,True,positioning_synthetic_v1,debutant,15,20,3,100,0,0,25,0,50,14,14,17
debutant_0039,4,True,positioning_synthetic_v1,debutant,25,20,5,100,25,25,25,50,0,14,29,33
debutant_0040,1,True,positioning_synthetic_v1,debutant,15,20,3,100,0,25,25,0,25,29,14,0
debutant_0040,2,True,positioning_synthetic_v1,debutant,20,20,4,100,0,25,0,25,50,43,14,0
debutant_0040,3,True,positioning_synthetic_v1,debutant,25,20,5,100,50,25,25,0,25,57,0,17
debutant_0040,4,True,positioning_synthetic_v1,debutant,15,20,3,100,0,50,0,0,25,14,14,17
debutant_0041,1,True,positioning_synthetic_v1,debutant,20,20,4,100,25,25,25,0,25,43,14,0
debutant_0041,2,True,positioning_synthetic_v1,debutant,20,20,4,100,25,25,25,0,25,14,43,0
debutant_0041,3,True,positioning_synthetic_v1,debutant,10,20,2,100,0,25,25,0,0,29,0,0
debutant_0041,4,True,positioning_synthetic_v1,debutant,25,20,5,100,0,0,75,0,50,29,14,33
debutant_0042,1,True,positioning_synthetic_v1,debutant,25,20,5,100,25,50,0,25,25,43,29,0
debutant_0042,2,True,positioning_synthetic_v1,debutant,30,20,6,100,25,0,0,50,75,43,29,17
debutant_0042,3,True,positioning_synthetic_v1,debutant,15,20,3,100,25,25,0,25,0,14,29,0
debutant_0042,4,True,positioning_synthetic_v1,debutant,30,20,6,100,0,25,50,50,25,57,14,17
debutant_0043,1,True,positioning_synthetic_v1,debutant,25,20,5,100,25,25,25,25,25,43,0,33
debutant_0043,2,True,positioning_synthetic_v1,debutant,50,20,10,100,50,75,50,25,50,71,43,33
debutant_0043,3,True,positioning_synthetic_v1,debutant,40,20,8,100,75,25,75,0,25,43,57,17
debutant_0043,4,True,positioning_synthetic_v1,debutant,30,20,6,100,25,25,25,50,25,29,14,50
debutant_0044,1,True,positioning_synthetic_v1,debutant,35,20,7,100,0,100,25,50,0,43,29,33
debutant_0044,2,True,positioning_synthetic_v1,debutant,15,20,3,100,0,50,0,0,25,14,14,17
debutant_0044,3,True,positioning_synthetic_v1,debutant,15,20,3,100,50,25,0,0,0,29,0,17
debutant_0044,4,True,positioning_synthetic_v1,debutant,10,20,2,100,25,0,0,25,0,14,0,17
debutant_0045,1,True,positioning_synthetic_v1,debutant,50,20,10,100,75,75,25,25,50,57,57,33
debutant_0045,2,True,positioning_synthetic_v1,debutant,25,20,5,100,25,25,25,25,25,29,43,0
debutant_0045,3,True,positioning_synthetic_v1,debutant,35,20,7,100,25,25,25,50,50,86,14,0
debutant_0045,4,True,positioning_synthetic_v1,debutant,40,20,8,100,25,75,25,25,50,43,43,33
debutant_0046,1,True,positioning_synthetic_v1,debutant,40,20,8,100,50,0,50,75,25,43,43,33
debutant_0046,2,True,positioning_synthetic_v1,debutant,25,20,5,100,25,0,0,75,25,29,29,17
debutant_0046,3,True,positioning_synthetic_v1,debutant,30,20,6,100,0,25,25,25,75,43,43,0
debutant_0046,4,True,positioning_synthetic_v1,debutant,20,20,4,100,0,0,50,50,0,14,14,33
debutant_0047,1,True,positioning_synthetic_v1,debutant,20,20,4,100,50,0,25,25,0,29,14,17
debutant_0047,2,True,positioning_synthetic_v1,debutant,30,20,6,100,50,50,25,25,0,57,14,17
debutant_0047,3,True,positioning_synthetic_v1,debutant,35,20,7,100,50,50,50,25,0,71,14,17
debutant_0047,4,True,positioning_synthetic_v1,debutant,15,20,3,100,25,0,25,25,0,14,14,17
debutant_0048,1,True,positioning_synthetic_v1,debutant,25,20,5,100,25,25,0,50,25,43,14,17
debutant_0048,2,True,positioning_synthetic_v1,debutant,35,20,7,100,25,50,50,25,25,43,43,17
debutant_0048,3,True,positioning_synthetic_v1,debutant,30,20,6,100,50,25,50,0,25,57,29,0
debutant_0048,4,True,positioning_synthetic_v1,debutant,45,20,9,100,25,25,75,25,75,71,29,33
debutant_0049,1,True,positioning_synthetic_v1,debutant,35,20,7,100,25,0,75,50,25,29,57,17
debutant_0049,2,True,positioning_synthetic_v1,debutant,40,20,8,100,50,25,25,50,50,71,43,0
debutant_0049,3,True,positioning_synthetic_v1,debutant,50,20,10,100,25,50,50,100,25,71,43,33
debutant_0049,4,True,positioning_synthetic_v1,debutant,40,20,8,100,0,25,50,50,75,43,57,17
debutant_0050,1,True,positioning_synthetic_v1,debutant,30,20,6,100,50,50,25,25,0,57,14,17
debutant_0050,2,True,positioning_synthetic_v1,debutant,40,20,8,100,50,0,25,100,25,43,29,50
debutant_0050,3,True,positioning_synthetic_v1,debutant,40,20,8,100,50,25,50,0,75,57,43,17
debutant_0050,4,True,positioning_synthetic_v1,debutant,30,20,6,100,25,50,25,25,25,57,29,0
debutant_0051,1,True,positioning_synthetic_v1,debutant,20,20,4,100,0,25,25,0,50,43,0,17
debutant_0051,2,True,positioning_synthetic_v1,debutant,15,20,3,100,25,25,0,25,0,14,29,0
debutant_0051,3,True,positioning_synthetic_v1,debutant,0,20,0,100,0,0,0,0,0,0,0,0
debutant_0051,4,True,positioning_synthetic_v1,debutant,25,20,5,100,25,0,0,50,50,43,29,0
debutant_0052,1,True,positioning_synthetic_v1,debutant,35,20,7,100,0,0,75,50,50,71,29,0
debutant_0052,2,True,positioning_synthetic_v1,debutant,35,20,7,100,50,50,25,25,25,57,29,17
debutant_0052,3,True,positioning_synthetic_v1,debutant,25,20,5,100,25,25,25,25,25,43,0,33
debutant_0052,4,True,positioning_synthetic_v1,debutant,30,20,6,100,50,25,25,25,25,57,29,0
debutant_0053,1,True,positioning_synthetic_v1,debutant,55,20,11,100,50,50,50,75,50,100,14,50
debutant_0053,2,True,positioning_synthetic_v1,debutant,35,20,7,100,25,50,75,0,25,57,29,17
debutant_0053,3,True,positioning_synthetic_v1,debutant,45,20,9,100,75,50,25,50,25,57,57,17
debutant_0053,4,True,positioning_synthetic_v1,debutant,45,20,9,100,25,25,25,50,100,71,43,17
debutant_0054,1,True,positioning_synthetic_v1,debutant,20,20,4,100,25,25,25,0,25,14,43,0
debutant_0054,2,True,positioning_synthetic_v1,debutant,10,20,2,100,0,25,0,25,0,14,14,0
debutant_0054,3,True,positioning_synthetic_v1,debutant,10,20,2,100,0,25,0,25,0,14,0,17
debutant_0054,4,True,positioning_synthetic_v1,debutant,25,20,5,100,25,50,0,25,25,57,0,17
debutant_0055,1,True,positioning_synthetic_v1,debutant,10,20,2,100,0,0,0,25,25,14,0,17
debutant_0055,2,True,positioning_synthetic_v1,debutant,20,20,4,100,25,25,0,25,25,43,14,0
debutant_0055,3,True,positioning_synthetic_v1,debutant,25,20,5,100,0,25,0,50,50,43,14,17
debutant_0055,4,True,positioning_synthetic_v1,debutant,20,20,4,100,25,0,0,50,25,43,14,0
debutant_0056,1,True,positioning_synthetic_v1,debutant,35,20,7,100,50,0,75,25,25,57,29,17
debutant_0056,2,True,positioning_synthetic_v1,debutant,25,20,5,100,75,0,50,0,0,29,29,17
debutant_0056,3,True,positioning_synthetic_v1,debutant,25,20,5,100,25,25,25,0,50,43,14,17
debutant_0056,4,True,positioning_synthetic_v1,debutant,10,20,2,100,25,0,0,0,25,29,0,0
debutant_0057,1,True,positioning_synthetic_v1,debutant,40,20,8,100,25,25,75,50,25,57,57,0
debutant_0057,2,True,positioning_synthetic_v1,debutant,40,20,8,100,50,50,50,0,50,86,14,17
debutant_0057,3,True,positioning_synthetic_v1,debutant,40,20,8,100,25,0,50,75,50,43,71,0
debutant_0057,4,True,positioning_synthetic_v1,debutant,30,20,6,100,50,0,75,0,25,57,0,33
debutant_0058,1,True,positioning_synthetic_v1,debutant,20,20,4,100,25,25,25,0,25,43,0,17
debutant_0058,2,True,positioning_synthetic_v1,debutant,20,20,4,100,50,0,25,0,25,29,14,17
debutant_0058,3,True,positioning_synthetic_v1,debutant,35,20,7,100,25,100,50,0,0,57,29,17
debutant_0058,4,True,positioning_synthetic_v1,debutant,30,20,6,100,25,25,50,0,50,43,43,0
debutant_0059,1,True,positioning_synthetic_v1,debutant,25,20,5,100,75,0,25,25,0,29,14,33
debutant_0059,2,True,positioning_synthetic_v1,debutant,45,20,9,100,100,25,25,50,25,57,29,50
debutant_0059,3,True,positioning_synthetic_v1,debutant,35,20,7,100,50,50,50,0,25,57,14,33
debutant_0059,4,True,positioning_synthetic_v1,debutant,30,20,6,100,25,25,25,25,50,29,43,17
debutant_0060,1,True,positioning_synthetic_v1,debutant,15,20,3,100,0,50,25,0,0,29,14,0
debutant_0060,2,True,positioning_synthetic_v1,debutant,20,20,4,100,0,25,50,0,25,43,14,0
debutant_0060,3,True,positioning_synthetic_v1,debutant,45,20,9,100,25,25,25,75,75,57,43,33
debutant_0060,4,True,positioning_synthetic_v1,debutant,25,20,5,100,50,25,25,0,25,43,14,17
debutant_0061,1,True,positioning_synthetic_v1,debutant,25,20,5,100,25,25,0,50,25,57,14,0
debutant_0061,2,True,positioning_synthetic_v1,debutant,25,20,5,100,0,25,25,25,50,29,29,17
debutant_0061,3,True,positioning_synthetic_v1,debutant,25,20,5,100,0,25,25,50,25,57,14,0
debutant_0061,4,True,positioning_synthetic_v1,debutant,35,20,7,100,25,75,0,25,50,57,43,0
debutant_0062,1,True,positioning_synthetic_v1,debutant,25,20,5,100,50,25,50,0,0,43,0,33
debutant_0062,2,True,positioning_synthetic_v1,debutant,35,20,7,100,25,25,0,75,50,71,29,0
debutant_0062,3,True,positioning_synthetic_v1,debutant,30,20,6,100,0,50,25,50,25,43,29,17
debutant_0062,4,True,positioning_synthetic_v1,debutant,25,20,5,100,25,25,25,25,25,57,0,17
debutant_0063,1,True,positioning_synthetic_v1,debutant,25,20,5,100,25,0,50,25,25,29,0,50
debutant_0063,2,True,positioning_synthetic_v1,debutant,35,20,7,100,25,50,50,25,25,71,14,17
debutant_0063,3,True,positioning_synthetic_v1,debutant,15,20,3,100,0,0,50,0,25,29,0,17
debutant_0063,4,True,positioning_synthetic_v1,debutant,30,20,6,100,25,25,50,25,25,43,29,17
debutant_0064,1,True,positioning_synthetic_v1,debutant,20,20,4,100,50,0,25,0,25,29,14,17
debutant_0064,2,True,positioning_synthetic_v1,debutant,15,20,3,100,0,0,0,25,50,29,14,0
debutant_0064,3,True,positioning_synthetic_v1,debutant,10,20,2,100,0,25,25,0,0,14,14,0
debutant_0064,4,True,positioning_synthetic_v1,debutant,30,20,6,100,25,25,0,50,50,57,14,17
debutant_0065,1,True,positioning_synthetic_v1,debutant,35,20,7,100,0,25,100,25,25,43,43,17
debutant_0065,2,True,positioning_synthetic_v1,debutant,25,20,5,100,25,25,0,75,0,29,29,17
debutant_0065,3,True,positioning_synthetic_v1,debutant,45,20,9,100,25,25,50,50,75,57,57,17
debutant_0065,4,True,positioning_synthetic_v1,debutant,25,20,5,100,0,50,0,75,0,43,0,33
debutant_0066,1,True,positioning_synthetic_v1,debutant,30,20,6,100,25,25,25,50,25,57,29,0
debutant_0066,2,True,positioning_synthetic_v1,debutant,20,20,4,100,0,25,0,50,25,43,14,0
debutant_0066,3,True,positioning_synthetic_v1,debutant,25,20,5,100,0,25,25,50,25,57,14,0
debutant_0066,4,True,positioning_synthetic_v1,debutant,25,20,5,100,0,50,0,50,25,29,29,17
debutant_0067,1,True,positioning_synthetic_v1,debutant,25,20,5,100,50,0,25,0,50,14,43,17
debutant_0067,2,True,positioning_synthetic_v1,debutant,40,20,8,100,50,25,25,0,100,43,29,50
debutant_0067,3,True,positioning_synthetic_v1,debutant,20,20,4,100,25,0,0,25,50,14,14,33
debutant_0067,4,True,positioning_synthetic_v1,debutant,20,20,4,100,25,50,0,0,25,57,0,0
debutant_0068,1,True,positioning_synthetic_v1,debutant,5,20,1,100,0,0,25,0,0,0,14,0
debutant_0068,2,True,positioning_synthetic_v1,debutant,25,20,5,100,25,25,50,25,0,29,0,50
debutant_0068,3,True,positioning_synthetic_v1,debutant,20,20,4,100,50,0,0,25,25,14,43,0
debutant_0068,4,True,positioning_synthetic_v1,debutant,25,20,5,100,50,0,25,50,0,43,29,0
debutant_0069,1,True,positioning_synthetic_v1,debutant,5,20,1,100,25,0,0,0,0,14,0,0
debutant_0069,2,True,positioning_synthetic_v1,debutant,45,20,9,100,50,50,50,50,25,86,43,0
debutant_0069,3,True,positioning_synthetic_v1,debutant,30,20,6,100,25,50,0,75,0,29,57,0
debutant_0069,4,True,positioning_synthetic_v1,debutant,20,20,4,100,25,0,25,50,0,43,0,17
debutant_0070,1,True,positioning_synthetic_v1,debutant,35,20,7,100,25,50,50,25,25,57,29,17
debutant_0070,2,True,positioning_synthetic_v1,debutant,25,20,5,100,0,25,25,25,50,43,14,17
debutant_0070,3,True,positioning_synthetic_v1,debutant,45,20,9,100,25,25,75,50,50,43,57,33
debutant_0070,4,True,positioning_synthetic_v1,debutant,35,20,7,100,25,50,50,25,25,43,57,0
debutant_0071,1,True,positioning_synthetic_v1,debutant,10,20,2,100,0,0,0,25,25,14,0,17
debutant_0071,2,True,positioning_synthetic_v1,debutant,25,20,5,100,25,75,0,0,25,43,29,0
debutant_0071,3,True,positioning_synthetic_v1,debutant,20,20,4,100,50,25,0,0,25,43,14,0
debutant_0071,4,True,positioning_synthetic_v1,debutant,30,20,6,100,0,25,50,25,50,43,43,0
debutant_0072,1,True,positioning_synthetic_v1,debutant,25,20,5,100,50,0,25,50,0,29,43,0
debutant_0072,2,True,positioning_synthetic_v1,debutant,40,20,8,100,75,25,0,50,50,71,29,17
debutant_0072,3,True,positioning_synthetic_v1,debutant,55,20,11,100,50,75,50,50,50,57,71,33
debutant_0072,4,True,positioning_synthetic_v1,debutant,25,20,5,100,75,0,0,25,25,57,14,0
debutant_0073,1,True,positioning_synthetic_v1,debutant,25,20,5,100,0,25,75,0,25,29,0,50
debutant_0073,2,True,positioning_synthetic_v1,debutant,20,20,4,100,0,25,25,25,25,57,0,0
debutant_0073,3,True,positioning_synthetic_v1,debutant,10,20,2,100,25,0,25,0,0,0,14,17
debutant_0073,4,True,positioning_synthetic_v1,debutant,25,20,5,100,25,50,0,0,50,43,29,0
debutant_0074,1,True,positioning_synthetic_v1,debutant,25,20,5,100,0,25,0,25,75,29,29,17
debutant_0074,2,True,positioning_synthetic_v1,debutant,20,20,4,100,25,50,25,0,0,43,0,17
debutant_0074,3,True,positioning_synthetic_v1,debutant,25,20,5,100,25,25,0,50,25,43,14,17
debutant_0074,4,True,positioning_synthetic_v1,debutant,15,20,3,100,25,25,0,0,25,29,0,17
debutant_0075,1,True,positioning_synthetic_v1,debutant,15,20,3,100,25,0,25,0,25,29,14,0
debutant_0075,2,True,positioning_synthetic_v1,debutant,40,20,8,100,0,50,50,50,50,71,29,17
debutant_0075,3,True,positioning_synthetic_v1,debutant,30,20,6,100,50,0,50,25,25,29,29,33
debutant_0075,4,True,positioning_synthetic_v1,debutant,35,20,7,100,25,50,50,50,0,57,43,0
debutant_0076,1,True,positioning_synthetic_v1,debutant,20,20,4,100,25,25,0,0,50,29,29,0
debutant_0076,2,True,positioning_synthetic_v1,debutant,30,20,6,100,0,0,75,50,25,43,29,17
debutant_0076,3,True,positioning_synthetic_v1,debutant,20,20,4,100,0,0,25,0,75,29,29,0
debutant_0076,4,True,positioning_synthetic_v1,debutant,45,20,9,100,25,50,75,25,50,29,57,50
debutant_0077,1,True,positioning_synthetic_v1,debutant,30,20,6,100,25,0,25,25,75,29,29,33
debutant_0077,2,True,positioning_synthetic_v1,debutant,40,20,8,100,0,50,75,25,50,43,71,0
debutant_0077,3,True,positioning_synthetic_v1,debutant,15,20,3,100,0,0,50,0,25,14,14,17
debutant_0077,4,True,positioning_synthetic_v1,debutant,10,20,2,100,0,25,0,0,25,14,14,0
debutant_0078,1,True,positioning_synthetic_v1,debutant,10,20,2,100,50,0,0,0,0,14,14,0
debutant_0078,2,True,positioning_synthetic_v1,debutant,30,20,6,100,25,50,25,0,50,43,43,0
debutant_0078,3,True,positioning_synthetic_v1,debutant,20,20,4,100,50,25,0,25,0,14,43,0
debutant_0078,4,True,positioning_synthetic_v1,debutant,35,20,7,100,25,0,50,50,50,57,29,17
debutant_0079,1,True,positioning_synthetic_v1,debutant,30,20,6,100,25,0,50,50,25,57,0,33
debutant_0079,2,True,positioning_synthetic_v1,debutant,20,20,4,100,25,25,0,25,25,14,43,0
debutant_0079,3,True,positioning_synthetic_v1,debutant,5,20,1,100,0,0,0,0,25,14,0,0
debutant_0079,4,True,positioning_synthetic_v1,debutant,25,20,5,100,25,50,0,25,25,57,14,0
debutant_0080,1,True,positioning_synthetic_v1,debutant,45,20,9,100,75,25,50,50,25,57,71,0
debutant_0080,2,True,positioning_synthetic_v1,debutant,20,20,4,100,0,50,0,50,0,14,43,0
debutant_0080,3,True,positioning_synthetic_v1,debutant,40,20,8,100,100,50,25,25,0,57,43,17
debutant_0080,4,True,positioning_synthetic_v1,debutant,35,20,7,100,0,50,50,25,50,71,14,17
debutant_0081,1,True,positioning_synthetic_v1,debutant,15,20,3,100,25,25,0,0,25,14,29,0
debutant_0081,2,True,positioning_synthetic_v1,debutant,15,20,3,100,0,0,0,25,50,29,0,17
debutant_0081,3,True,positioning_synthetic_v1,debutant,20,20,4,100,0,25,0,25,50,29,29,0
debutant_0081,4,True,positioning_synthetic_v1,debutant,20,20,4,100,25,25,0,25,25,29,29,0
debutant_0082,1,True,positioning_synthetic_v1,debutant,40,20,8,100,75,50,25,25,25,57,57,0
debutant_0082,2,True,positioning_synthetic_v1,debutant,20,20,4,100,0,25,25,0,50,43,14,0
debutant_0082,3,True,positioning_synthetic_v1,debutant,25,20,5,100,25,25,50,25,0,43,0,33
debutant_0082,4,True,positioning_synthetic_v1,debutant,25,20,5,100,50,0,25,0,50,43,29,0
debutant_0083,1,True,positioning_synthetic_v1,debutant,35,20,7,100,25,50,25,25,50,43,43,17
debutant_0083,2,True,positioning_synthetic_v1,debutant,40,20,8,100,0,50,50,50,50,71,14,33
debutant_0083,3,True,positioning_synthetic_v1,debutant,35,20,7,100,25,25,50,25,50,57,29,17
debutant_0083,4,True,positioning_synthetic_v1,debutant,25,20,5,100,25,75,0,25,0,43,14,17
debutant_0084,1,True,positioning_synthetic_v1,debutant,5,20,1,100,0,0,25,0,0,14,0,0
debutant_0084,2,True,positioning_synthetic_v1,debutant,35,20,7,100,25,25,50,25,50,43,57,0
debutant_0084,3,True,positioning_synthetic_v1,debutant,15,20,3,100,0,25,25,0,25,29,14,0
debutant_0084,4,True,positioning_synthetic_v1,debutant,25,20,5,100,25,50,25,0,25,57,14,0
debutant_0085,1,True,positioning_synthetic_v1,debutant,35,20,7,100,0,25,50,50,50,29,57,17
debutant_0085,2,True,positioning_synthetic_v1,debutant,5,20,1,100,0,0,0,0,25,14,0,0
debutant_0085,3,True,positioning_synthetic_v1,debutant,10,20,2,100,0,0,25,25,0,29,0,0
debutant_0085,4,True,positioning_synthetic_v1,debutant,25,20,5,100,0,25,25,50,25,29,29,17
debutant_0086,1,True,positioning_synthetic_v1,debutant,30,20,6,100,25,0,0,50,75,57,14,17
debutant_0086,2,True,positioning_synthetic_v1,debutant,25,20,5,100,25,0,25,25,50,57,14,0
debutant_0086,3,True,positioning_synthetic_v1,debutant,10,20,2,100,0,0,0,50,0,14,14,0
debutant_0086,4,True,positioning_synthetic_v1,debutant,20,20,4,100,0,50,0,0,50,29,29,0
debutant_0087,1,True,positioning_synthetic_v1,debutant,10,20,2,100,25,25,0,0,0,29,0,0
debutant_0087,2,True,positioning_synthetic_v1,debutant,15,20,3,100,25,0,0,25,25,14,29,0
debutant_0087,3,True,positioning_synthetic_v1,debutant,10,20,2,100,25,25,0,0,0,0,14,17
debutant_0087,4,True,positioning_synthetic_v1,debutant,15,20,3,100,0,25,25,0,25,14,29,0
debutant_0088,1,True,positioning_synthetic_v1,debutant,35,20,7,100,75,50,25,0,25,57,43,0
debutant_0088,2,True,positioning_synthetic_v1,debutant,20,20,4,100,25,0,25,25,25,29,29,0
debutant_0088,3,True,positioning_synthetic_v1,debutant,30,20,6,100,0,0,25,100,25,43,29,17
debutant_0088,4,True,positioning_synthetic_v1,debutant,35,20,7,100,25,50,25,50,25,43,43,17
debutant_0089,1,True,positioning_synthetic_v1,debutant,15,20,3,100,0,25,25,25,0,29,0,17
debutant_0089,2,True,positioning_synthetic_v1,debutant,15,20,3,100,0,25,25,25,0,43,0,0
debutant_0089,3,True,positioning_synthetic_v1,debutant,15,20,3,100,0,25,25,0,25,43,0,0
debutant_0089,4,True,positioning_synthetic_v1,debutant,10,20,2,100,25,25,0,0,0,0,29,0
debutant_0090,1,True,positioning_synthetic_v1,debutant,40,20,8,100,50,50,50,50,0,71,43,0
debutant_0090,2,True,positioning_synthetic_v1,debutant,10,20,2,100,25,0,0,0,25,14,14,0
debutant_0090,3,True,positioning_synthetic_v1,debutant,35,20,7,100,25,75,0,50,25,43,43,17
debutant_0090,4,True,positioning_synthetic_v1,debutant,25,20,5,100,50,75,0,0,0,57,14,0
debutant_0091,1,True,positioning_synthetic_v1,debutant,30,20,6,100,50,0,25,25,50,43,43,0
debutant_0091,2,True,positioning_synthetic_v1,debutant,45,20,9,100,75,0,25,75,50,71,43,17
debutant_0091,3,True,positioning_synthetic_v1,debutant,25,20,5,100,50,50,0,25,0,57,14,0
debutant_0091,4,True,positioning_synthetic_v1,debutant,45,20,9,100,25,50,25,50,75,43,43,50
debutant_0092,1,True,positioning_synthetic_v1,debutant,20,20,4,100,25,0,25,25,25,43,14,0
debutant_0092,2,True,positioning_synthetic_v1,debutant,25,20,5,100,0,25,0,75,25,14,29,33
debutant_0092,3,True,positioning_synthetic_v1,debutant,20,20,4,100,0,25,25,25,25,29,14,17
debutant_0092,4,True,positioning_synthetic_v1,debutant,25,20,5,100,0,0,75,25,25,43,0,33
debutant_0093,1,True,positioning_synthetic_v1,debutant,30,20,6,100,50,25,50,25,0,43,43,0
debutant_0093,2,True,positioning_synthetic_v1,debutant,30,20,6,100,25,25,25,50,25,57,14,17
debutant_0093,3,True,positioning_synthetic_v1,debutant,40,20,8,100,25,25,50,50,50,29,71,17
debutant_0093,4,True,positioning_synthetic_v1,debutant,20,20,4,100,50,0,0,25,25,29,29,0
debutant_0094,1,True,positioning_synthetic_v1,debutant,20,20,4,100,25,0,25,0,50,43,14,0
debutant_0094,2,True,positioning_synthetic_v1,debutant,10,20,2,100,0,0,25,25,0,14,14,0
debutant_0094,3,True,positioning_synthetic_v1,debutant,25,20,5,100,25,25,25,25,25,57,14,0
debutant_0094,4,True,positioning_synthetic_v1,debutant,20,20,4,100,0,25,0,25,50,29,29,0
debutant_0095,1,True,positioning_synthetic_v1,debutant,35,20,7,100,25,50,50,25,25,57,29,17
debutant_0095,2,True,positioning_synthetic_v1,debutant,25,20,5,100,25,25,0,25,50,29,14,33
debutant_0095,3,True,positioning_synthetic_v1,debutant,15,20,3,100,25,25,0,25,0,29,0,17
debutant_0095,4,True,positioning_synthetic_v1,debutant,25,20,5,100,50,0,25,25,25,43,29,0
debutant_0096,1,True,positioning_synthetic_v1,debutant,25,20,5,100,50,0,25,25,25,14,29,33
debutant_0096,2,True,positioning_synthetic_v1,debutant,20,20,4,100,0,25,25,0,50,43,14,0
debutant_0096,3,True,positioning_synthetic_v1,debutant,10,20,2,100,25,0,25,0,0,29,0,0
debutant_0096,4,True,positioning_synthetic_v1,debutant,5,20,1,100,0,0,0,0,25,14,0,0
debutant_0097,1,True,positioning_synthetic_v1,debutant,10,20,2,100,0,0,25,0,25,29,0,0
debutant_0097,2,True,positioning_synthetic_v1,debutant,20,20,4,100,25,0,50,25,0,29,29,0
debutant_0097,3,True,positioning_synthetic_v1,debutant,25,20,5,100,75,0,25,0,25,29,29,17
debutant_0097,4,True,positioning_synthetic_v1,debutant,35,20,7,100,50,50,0,25,50,57,29,17
debutant_0098,1,True,positioning_synthetic_v1,debutant,40,20,8,100,50,50,25,25,50,43,43,33
debutant_0098,2,True,positioning_synthetic_v1,debutant,25,20,5,100,50,25,25,0,25,43,14,17
debutant_0098,3,True,positioning_synthetic_v1,debutant,25,20,5,100,0,50,25,25,25,29,29,17
debutant_0098,4,True,positioning_synthetic_v1,debutant,25,20,5,100,0,25,25,0,75,43,29,0
debutant_0099,1,True,positioning_synthetic_v1,debutant,45,20,9,100,50,50,25,25,75,57,43,33
debutant_0099,2,True,positioning_synthetic_v1,debutant,25,20,5,100,25,25,25,25,25,71,0,0
debutant_0099,3,True,positioning_synthetic_v1,debutant,25,20,5,100,0,50,0,75,0,29,29,17
debutant_0099,4,True,positioning_synthetic_v1,debutant,45,20,9,100,75,25,25,50,50,43,57,33
debutant_0100,1,True,positioning_synthetic_v1,debutant,10,20,2,100,0,0,0,25,25,14,14,0
debutant_0100,2,True,positioning_synthetic_v1,debutant,30,20,6,100,25,0,50,25,50,43,43,0
debutant_0100,3,True,positioning_synthetic_v1,debutant,25,20,5,100,25,0,0,25,75,14,29,33
debutant_0100,4,True,positioning_synthetic_v1,debutant,15,20,3,100,0,25,0,50,0,29,0,17
debutant_0101,1,True,positioning_synthetic_v1,debutant,15,20,3,100,0,0,50,0,25,14,29,0
debutant_0101,2,True,positioning_synthetic_v1,debutant,30,20,6,100,25,0,75,0,50,57,29,0
debutant_0101,3,True,positioning_synthetic_v1,debutant,30,20,6,100,25,50,25,0,50,43,43,0
debutant_0101,4,True,positioning_synthetic_v1,debutant,35,20,7,100,25,0,75,25,50,43,29,33
debutant_0102,1,True,positioning_synthetic_v1,debutant,20,20,4,100,25,25,25,0,25,43,0,17
debutant_0102,2,True,positioning_synthetic_v1,debutant,25,20,5,100,0,50,0,25,50,29,29,17
debutant_0102,3,True,positioning_synthetic_v1,debutant,20,20,4,100,25,25,25,25,0,43,14,0
debutant_0102,4,True,positioning_synthetic_v1,debutant,10,20,2,100,0,25,25,0,0,29,0,0
debutant_0103,1,True,positioning_synthetic_v1,debutant,25,20,5,100,25,0,0,75,25,14,57,0
debutant_0103,2,True,positioning_synthetic_v1,debutant,20,20,4,100,25,0,0,50,25,29,29,0
debutant_0103,3,True,positioning_synthetic_v1,debutant,15,20,3,100,25,0,0,25,25,14,14,17
debutant_0103,4,True,positioning_synthetic_v1,debutant,30,20,6,100,50,50,0,25,25,43,14,33
debutant_0104,1,True,positioning_synthetic_v1,debutant,10,20,2,100,25,25,0,0,0,29,0,0
debutant_0104,2,True,positioning_synthetic_v1,debutant,25,20,5,100,25,25,25,50,0,29,29,17
debutant_0104,3,True,positioning_synthetic_v1,debutant,15,20,3,100,0,0,50,25,0,14,14,17
debutant_0104,4,True,positioning_synthetic_v1,debutant,20,20,4,100,25,0,25,25,25,43,14,0
debutant_0105,1,True,positioning_synthetic_v1,debutant,25,20,5,100,25,50,0,25,25,57,14,0
debutant_0105,2,True,positioning_synthetic_v1,debutant,30,20,6,100,25,0,50,50,25,43,43,0
debutant_0105,3,True,positioning_synthetic_v1,debutant,50,20,10,100,25,50,50,50,75,57,57,33
debutant_0105,4,True,positioning_synthetic_v1,debutant,40,20,8,100,50,25,50,25,50,71,29,17
debutant_0106,1,True,positioning_synthetic_v1,debutant,15,20,3,100,0,50,25,0,0,29,0,17
debutant_0106,2,True,positioning_synthetic_v1,debutant,60,20,12,100,100,50,50,100,0,71,71,33
debutant_0106,3,True,positioning_synthetic_v1,debutant,35,20,7,100,25,75,25,25,25,57,29,17
debutant_0106,4,True,positioning_synthetic_v1,debutant,25,20,5,100,25,25,25,25,25,43,14,17
debutant_0107,1,True,positioning_synthetic_v1,debutant,30,20,6,100,25,25,50,25,25,43,14,33
debutant_0107,2,True,positioning_synthetic_v1,debutant,35,20,7,100,25,25,25,50,50,86,0,17
debutant_0107,3,True,positioning_synthetic_v1,debutant,30,20,6,100,0,50,0,50,50,43,29,17
debutant_0107,4,True,positioning_synthetic_v1,debutant,40,20,8,100,25,25,25,75,50,57,43,17
debutant_0108,1,True,positioning_synthetic_v1,debutant,15,20,3,100,0,25,25,25,0,14,29,0
debutant_0108,2,True,positioning_synthetic_v1,debutant,35,20,7,100,75,25,25,0,50,29,43,33
debutant_0108,3,True,positioning_synthetic_v1,debutant,20,20,4,100,25,0,0,25,50,29,0,33
debutant_0108,4,True,positioning_synthetic_v1,debutant,10,20,2,100,0,25,0,0,25,14,14,0
debutant_0109,1,True,positioning_synthetic_v1,debutant,55,20,11,100,75,75,75,25,25,71,57,33
debutant_0109,2,True,positioning_synthetic_v1,debutant,55,20,11,100,75,50,25,50,75,100,43,17
debutant_0109,3,True,positioning_synthetic_v1,debutant,35,20,7,100,25,0,50,25,75,57,43,0
debutant_0109,4,True,positioning_synthetic_v1,debutant,50,20,10,100,100,50,25,50,25,71,57,17
debutant_0110,1,True,positioning_synthetic_v1,debutant,25,20,5,100,25,50,0,25,25,29,29,17
debutant_0110,2,True,positioning_synthetic_v1,debutant,40,20,8,100,75,50,25,25,25,57,14,50
debutant_0110,3,True,positioning_synthetic_v1,debutant,20,20,4,100,50,0,25,0,25,14,29,17
debutant_0110,4,True,positioning_synthetic_v1,debutant,40,20,8,100,25,25,75,50,25,57,29,33
debutant_0111,1,True,positioning_synthetic_v1,debutant,35,20,7,100,25,0,50,50,50,43,57,0
debutant_0111,2,True,positioning_synthetic_v1,debutant,35,20,7,100,25,25,50,25,50,57,29,17
debutant_0111,3,True,positioning_synthetic_v1,debutant,20,20,4,100,0,0,75,0,25,29,14,17
debutant_0111,4,True,positioning_synthetic_v1,debutant,20,20,4,100,0,25,25,25,25,29,14,17
debutant_0112,1,True,positioning_synthetic_v1,debutant,40,20,8,100,50,50,50,25,25,57,43,17
debutant_0112,2,True,positioning_synthetic_v1,debutant,35,20,7,100,50,25,25,25,50,43,29,33
debutant_0112,3,True,positioning_synthetic_v1,debutant,55,20,11,100,75,50,25,50,75,100,43,17
debutant_0112,4,True,positioning_synthetic_v1,debutant,35,20,7,100,50,75,0,25,25,29,29,50
debutant_0113,1,True,positioning_synthetic_v1,debutant,25,20,5,100,50,0,25,25,25,43,29,0
debutant_0113,2,True,positioning_synthetic_v1,debutant,30,20,6,100,0,50,50,50,0,43,14,33
debutant_0113,3,True,positioning_synthetic_v1,debutant,35,20,7,100,25,0,75,25,50,57,29,17
debutant_0113,4,True,positioning_synthetic_v1,debutant,20,20,4,100,25,50,0,25,0,43,14,0
debutant_0114,1,True,positioning_synthetic_v1,debutant,20,20,4,100,0,25,25,25,25,29,0,33
debutant_0114,2,True,positioning_synthetic_v1,debutant,45,20,9,100,50,50,50,25,50,71,43,17
debutant_0114,3,True,positioning_synthetic_v1,debutant,35,20,7,100,50,25,0,50,50,43,29,33
debutant_0114,4,True,positioning_synthetic_v1,debutant,25,20,5,100,0,50,50,25,0,14,43,17
debutant_0115,1,True,positioning_synthetic_v1,debutant,35,20,7,100,50,0,75,0,50,43,43,17
debutant_0115,2,True,positioning_synthetic_v1,debutant,20,20,4,100,0,0,50,50,0,29,29,0
debutant_0115,3,True,positioning_synthetic_v1,debutant,20,20,4,100,0,0,0,50,50,43,0,17
debutant_0115,4,True,positioning_synthetic_v1,debutant,30,20,6,100,0,25,50,25,50,29,29,33
debutant_0116,1,True,positioning_synthetic_v1,debutant,30,20,6,100,25,25,0,50,50,29,29,33
debutant_0116,2,True,positioning_synthetic_v1,debutant,15,20,3,100,25,0,0,0,50,29,14,0
debutant_0116,3,True,positioning_synthetic_v1,debutant,30,20,6,100,75,0,0,25,50,57,29,0
debutant_0116,4,True,positioning_synthetic_v1,debutant,20,20,4,100,25,0,0,50,25,29,29,0
debutant_0117,1,True,positioning_synthetic_v1,debutant,35,20,7,100,25,50,50,25,25,57,43,0
debutant_0117,2,True,positioning_synthetic_v1,debutant,45,20,9,100,50,25,50,75,25,100,29,0
debutant_0117,3,True,positioning_synthetic_v1,debutant,45,20,9,100,50,75,100,0,0,57,29,50
debutant_0117,4,True,positioning_synthetic_v1,debutant,35,20,7,100,25,25,25,50,50,57,29,17
debutant_0118,1,True,positioning_synthetic_v1,debutant,45,20,9,100,25,75,25,50,50,57,29,50
debutant_0118,2,True,positioning_synthetic_v1,debutant,15,20,3,100,0,0,50,25,0,29,14,0
debutant_0118,3,True,positioning_synthetic_v1,debutant,30,20,6,100,25,50,25,0,50,57,29,0
debutant_0118,4,True,positioning_synthetic_v1,debutant,25,20,5,100,0,0,50,0,75,57,14,0
debutant_0119,1,True,positioning_synthetic_v1,debutant,20,20,4,100,0,50,0,25,25,29,14,17
debutant_0119,2,True,positioning_synthetic_v1,debutant,20,20,4,100,0,50,0,0,50,14,43,0
debutant_0119,3,True,positioning_synthetic_v1,debutant,35,20,7,100,25,50,25,0,75,71,14,17
debutant_0119,4,True,positioning_synthetic_v1,debutant,15,20,3,100,25,25,0,25,0,14,14,17
debutant_0120,1,True,positioning_synthetic_v1,debutant,20,20,4,100,0,25,50,0,25,29,14,17
debutant_0120,2,True,positioning_synthetic_v1,debutant,30,20,6,100,25,25,25,25,50,43,43,0
debutant_0120,3,True,positioning_synthetic_v1,debutant,15,20,3,100,0,25,0,0,50,29,0,17
debutant_0120,4,True,positioning_synthetic_v1,debutant,5,20,1,100,0,0,25,0,0,0,14,0
debutant_0121,1,True,positioning_synthetic_v1,debutant,15,20,3,100,25,0,25,25,0,43,0,0
debutant_0121,2,True,positioning_synthetic_v1,debutant,25,20,5,100,50,25,25,0,25,29,29,17
debutant_0121,3,True,positioning_synthetic_v1,debutant,10,20,2,100,25,0,25,0,0,29,0,0
debutant_0121,4,True,positioning_synthetic_v1,debutant,20,20,4,100,25,0,50,0,25,29,29,0
debutant_0122,1,True,positioning_synthetic_v1,debutant,30,20,6,100,25,25,75,0,25,57,29,0
debutant_0122,2,True,positioning_synthetic_v1,debutant,15,20,3,100,0,50,0,25,0,29,14,0
debutant_0122,3,True,positioning_synthetic_v1,debutant,35,20,7,100,50,25,50,25,25,57,43,0
debutant_0122,4,True,positioning_synthetic_v1,debutant,40,20,8,100,25,50,25,50,50,43,43,33
debutant_0123,1,True,positioning_synthetic_v1,debutant,0,20,0,100,0,0,0,0,0,0,0,0
debutant_0123,2,True,positioning_synthetic_v1,debutant,20,20,4,100,25,0,25,25,25,43,14,0
debutant_0123,3,True,positioning_synthetic_v1,debutant,10,20,2,100,0,25,0,25,0,14,14,0
debutant_0123,4,True,positioning_synthetic_v1,debutant,10,20,2,100,0,25,0,25,0,14,0,17
debutant_0124,1,True,positioning_synthetic_v1,debutant,30,20,6,100,25,75,25,0,25,14,57,17
debutant_0124,2,True,positioning_synthetic_v1,debutant,40,20,8,100,0,25,25,75,75,57,43,17
debutant_0124,3,True,positioning_synthetic_v1,debutant,40,20,8,100,0,25,75,50,50,43,57,17
debutant_0124,4,True,positioning_synthetic_v1,debutant,35,20,7,100,0,25,50,75,25,43,43,17
debutant_0125,1,True,positioning_synthetic_v1,debutant,15,20,3,100,0,0,25,50,0,14,29,0
debutant_0125,2,True,positioning_synthetic_v1,debutant,10,20,2,100,0,0,50,0,0,14,0,17
debutant_0125,3,True,positioning_synthetic_v1,debutant,15,20,3,100,0,25,0,50,0,14,14,17
debutant_0125,4,True,positioning_synthetic_v1,debutant,0,20,0,100,0,0,0,0,0,0,0,0
debutant_0126,1,True,positioning_synthetic_v1,debutant,25,20,5,100,25,25,50,25,0,29,29,17
debutant_0126,2,True,positioning_synthetic_v1,debutant,40,20,8,100,25,25,50,50,50,71,29,17
debutant_0126,3,True,positioning_synthetic_v1,debutant,50,20,10,100,75,75,0,75,25,71,57,17
debutant_0126,4,True,positioning_synthetic_v1,debutant,50,20,10,100,50,75,25,75,25,57,57,33
debutant_0127,1,True,positioning_synthetic_v1,debutant,30,20,6,100,25,50,25,25,25,57,14,17
debutant_0127,2,True,positioning_synthetic_v1,debutant,25,20,5,100,50,0,0,50,25,43,14,17
debutant_0127,3,True,positioning_synthetic_v1,debutant,5,20,1,100,0,0,25,0,0,0,14,0
debutant_0127,4,True,positioning_synthetic_v1,debutant,0,20,0,100,0,0,0,0,0,0,0,0
debutant_0128,1,True,positioning_synthetic_v1,debutant,10,20,2,100,0,25,25,0,0,0,29,0
debutant_0128,2,True,positioning_synthetic_v1,debutant,40,20,8,100,50,25,50,25,50,57,14,50
debutant_0128,3,True,positioning_synthetic_v1,debutant,45,20,9,100,75,25,25,25,75,86,43,0
debutant_0128,4,True,positioning_synthetic_v1,debutant,30,20,6,100,50,25,25,25,25,29,43,17
debutant_0129,1,True,positioning_synthetic_v1,debutant,20,20,4,100,25,50,0,0,25,14,29,17
debutant_0129,2,True,positioning_synthetic_v1,debutant,25,20,5,100,50,50,0,0,25,29,29,17
debutant_0129,3,True,positioning_synthetic_v1,debutant,30,20,6,100,75,0,50,0,25,29,29,33
debutant_0129,4,True,positioning_synthetic_v1,debutant,20,20,4,100,25,25,0,0,50,14,29,17
debutant_0130,1,True,positioning_synthetic_v1,debutant,50,20,10,100,75,25,50,50,50,43,57,50
debutant_0130,2,True,positioning_synthetic_v1,debutant,30,20,6,100,50,25,0,75,0,57,0,33
debutant_0130,3,True,positioning_synthetic_v1,debutant,25,20,5,100,25,0,75,25,0,43,29,0
debutant_0130,4,True,positioning_synthetic_v1,debutant,45,20,9,100,50,0,75,50,50,86,29,17
debutant_0131,1,True,positioning_synthetic_v1,debutant,40,20,8,100,25,75,25,50,25,43,71,0
debutant_0131,2,True,positioning_synthetic_v1,debutant,30,20,6,100,75,0,0,50,25,29,29,33
debutant_0131,3,True,positioning_synthetic_v1,debutant,30,20,6,100,50,0,0,75,25,29,29,33
debutant_0131,4,True,positioning_synthetic_v1,debutant,45,20,9,100,75,100,0,25,25,86,14,33
debutant_0132,1,True,positioning_synthetic_v1,debutant,35,20,7,100,50,25,25,25,50,29,43,33
debutant_0132,2,True,positioning_synthetic_v1,debutant,25,20,5,100,25,50,50,0,0,57,0,17
debutant_0132,3,True,positioning_synthetic_v1,debutant,35,20,7,100,25,25,25,50,50,71,14,17
debutant_0132,4,True,positioning_synthetic_v1,debutant,15,20,3,100,25,0,25,0,25,29,14,0
debutant_0133,1,True,positioning_synthetic_v1,debutant,35,20,7,100,50,0,25,50,50,57,29,17
debutant_0133,2,True,positioning_synthetic_v1,debutant,20,20,4,100,0,0,25,25,50,43,14,0
debutant_0133,3,True,positioning_synthetic_v1,debutant,35,20,7,100,25,0,50,75,25,29,57,17
debutant_0133,4,True,positioning_synthetic_v1,debutant,10,20,2,100,0,0,0,25,25,29,0,0
debutant_0134,1,True,positioning_synthetic_v1,debutant,35,20,7,100,25,25,0,100,25,43,14,50
debutant_0134,2,True,positioning_synthetic_v1,debutant,30,20,6,100,25,50,25,25,25,71,14,0
debutant_0134,3,True,positioning_synthetic_v1,debutant,45,20,9,100,75,25,50,50,25,71,57,0
debutant_0134,4,True,positioning_synthetic_v1,debutant,25,20,5,100,25,25,0,25,50,43,14,17
debutant_0135,1,True,positioning_synthetic_v1,debutant,30,20,6,100,25,25,50,25,25,29,43,17
debutant_0135,2,True,positioning_synthetic_v1,debutant,10,20,2,100,25,0,25,0,0,0,29,0
debutant_0135,3,True,positioning_synthetic_v1,debutant,25,20,5,100,25,0,25,0,75,43,29,0
debutant_0135,4,True,positioning_synthetic_v1,debutant,25,20,5,100,0,25,75,0,25,57,0,17
debutant_0136,1,True,positioning_synthetic_v1,debutant,55,20,11,100,75,0,75,50,75,86,57,17
debutant_0136,2,True,positioning_synthetic_v1,debutant,45,20,9,100,75,0,50,25,75,43,57,33
debutant_0136,3,True,positioning_synthetic_v1,debutant,50,20,10,100,50,25,50,50,75,43,86,17
debutant_0136,4,True,positioning_synthetic_v1,debutant,55,20,11,100,50,50,50,100,25,71,57,33
debutant_0137,1,True,positioning_synthetic_v1,debutant,40,20,8,100,25,50,75,25,25,57,14,50
debutant_0137,2,True,positioning_synthetic_v1,debutant,25,20,5,100,25,25,50,25,0,14,43,17
debutant_0137,3,True,positioning_synthetic_v1,debutant,45,20,9,100,50,50,0,75,50,86,14,33
debutant_0137,4,True,positioning_synthetic_v1,debutant,30,20,6,100,0,25,50,50,25,71,0,17
debutant_0138,1,True,positioning_synthetic_v1,debutant,20,20,4,100,50,0,0,0,50,29,14,17
debutant_0138,2,True,positioning_synthetic_v1,debutant,25,20,5,100,25,25,25,25,25,29,14,33
debutant_0138,3,True,positioning_synthetic_v1,debutant,25,20,5,100,0,25,25,25,50,43,14,17
debutant_0138,4,True,positioning_synthetic_v1,debutant,15,20,3,100,0,25,50,0,0,29,14,0
debutant_0139,1,True,positioning_synthetic_v1,debutant,20,20,4,100,25,0,50,0,25,43,14,0
debutant_0139,2,True,positioning_synthetic_v1,debutant,25,20,5,100,25,0,0,50,50,57,14,0
debutant_0139,3,True,positioning_synthetic_v1,debutant,35,20,7,100,25,25,50,0,75,71,29,0
debutant_0139,4,True,positioning_synthetic_v1,debutant,20,20,4,100,50,0,0,0,50,29,29,0
debutant_0140,1,True,positioning_synthetic_v1,debutant,25,20,5,100,25,75,25,0,0,29,29,17
debutant_0140,2,True,positioning_synthetic_v1,debutant,15,20,3,100,25,25,0,0,25,29,0,17
debutant_0140,3,True,positioning_synthetic_v1,debutant,25,20,5,100,75,25,25,0,0,29,29,17
debutant_0140,4,True,positioning_synthetic_v1,debutant,10,20,2,100,25,25,0,0,0,14,0,17
debutant_0141,1,True,positioning_synthetic_v1,debutant,35,20,7,100,50,50,50,25,0,57,43,0
debutant_0141,2,True,positioning_synthetic_v1,debutant,40,20,8,100,75,0,50,25,50,57,43,17
debutant_0141,3,True,positioning_synthetic_v1,debutant,30,20,6,100,75,25,50,0,0,43,29,17
debutant_0141,4,True,positioning_synthetic_v1,debutant,40,20,8,100,25,50,25,50,50,71,29,17
debutant_0142,1,True,positioning_synthetic_v1,debutant,20,20,4,100,0,25,0,25,50,43,14,0
debutant_0142,2,True,positioning_synthetic_v1,debutant,40,20,8,100,0,50,25,100,25,57,29,33
debutant_0142,3,True,positioning_synthetic_v1,debutant,25,20,5,100,0,25,50,50,0,43,29,0
debutant_0142,4,True,positioning_synthetic_v1,debutant,35,20,7,100,25,50,25,75,0,43,43,17
debutant_0143,1,True,positioning_synthetic_v1,debutant,35,20,7,100,50,25,50,25,25,57,43,0
debutant_0143,2,True,positioning_synthetic_v1,debutant,15,20,3,100,0,0,25,0,50,29,14,0
debutant_0143,3,True,positioning_synthetic_v1,debutant,15,20,3,100,25,0,25,0,25,14,29,0
debutant_0143,4,True,positioning_synthetic_v1,debutant,45,20,9,100,50,25,25,50,75,43,29,67
debutant_0144,1,True,positioning_synthetic_v1,debutant,30,20,6,100,0,50,25,25,50,43,43,0
debutant_0144,2,True,positioning_synthetic_v1,debutant,20,20,4,100,0,50,25,25,0,29,29,0
debutant_0144,3,True,positioning_synthetic_v1,debutant,25,20,5,100,25,25,25,0,50,43,14,17
debutant_0144,4,True,positioning_synthetic_v1,debutant,20,20,4,100,25,50,0,0,25,43,14,0
debutant_0145,1,True,positioning_synthetic_v1,debutant,30,20,6,100,0,75,25,0,50,29,43,17
debutant_0145,2,True,positioning_synthetic_v1,debutant,35,20,7,100,50,75,0,25,25,57,43,0
debutant_0145,3,True,positioning_synthetic_v1,debutant,25,20,5,100,50,25,0,50,0,43,29,0
debutant_0145,4,True,positioning_synthetic_v1,debutant,25,20,5,100,25,50,25,25,0,29,14,33
debutant_0146,1,True,positioning_synthetic_v1,debutant,15,20,3,100,25,25,0,25,0,0,29,17
debutant_0146,2,True,positioning_synthetic_v1,debutant,25,20,5,100,50,25,25,0,25,71,0,0
debutant_0146,3,True,positioning_synthetic_v1,debutant,25,20,5,100,0,25,50,50,0,43,14,17
debutant_0146,4,True,positioning_synthetic_v1,debutant,20,20,4,100,25,25,25,25,0,14,14,33
debutant_0147,1,True,positioning_synthetic_v1,debutant,30,20,6,100,25,25,50,0,50,57,14,17
debutant_0147,2,True,positioning_synthetic_v1,debutant,35,20,7,100,25,50,0,50,50,43,43,17
debutant_0147,3,True,positioning_synthetic_v1,debutant,30,20,6,100,50,25,50,0,25,43,43,0
debutant_0147,4,True,positioning_synthetic_v1,debutant,25,20,5,100,50,25,25,0,25,57,14,0
debutant_0148,1,True,positioning_synthetic_v1,debutant,15,20,3,100,0,0,75,0,0,14,29,0
debutant_0148,2,True,positioning_synthetic_v1,debutant,25,20,5,100,50,25,0,25,25,29,29,17
debutant_0148,3,True,positioning_synthetic_v1,debutant,20,20,4,100,0,25,25,25,25,57,0,0
debutant_0148,4,True,positioning_synthetic_v1,debutant,15,20,3,100,0,50,0,25,0,29,14,0
debutant_0149,1,True,positioning_synthetic_v1,debutant,35,20,7,100,50,25,75,0,25,29,14,67
debutant_0149,2,True,positioning_synthetic_v1,debutant,25,20,5,100,25,0,25,25,50,43,0,33
debutant_0149,3,True,positioning_synthetic_v1,debutant,30,20,6,100,25,25,50,0,50,57,14,17
debutant_0149,4,True,positioning_synthetic_v1,debutant,10,20,2,100,0,0,0,25,25,14,0,17
debutant_0150,1,True,positioning_synthetic_v1,debutant,10,20,2,100,0,25,0,25,0,29,0,0
debutant_0150,2,True,positioning_synthetic_v1,debutant,30,20,6,100,0,25,50,25,50,57,14,17
debutant_0150,3,True,positioning_synthetic_v1,debutant,15,20,3,100,0,25,0,25,25,43,0,0
debutant_0150,4,True,positioning_synthetic_v1,debutant,15,20,3,100,25,0,25,25,0,43,0,0
debutant_0151,1,True,positioning_synthetic_v1,debutant,25,20,5,100,0,0,25,50,50,57,0,17
debutant_0151,2,True,positioning_synthetic_v1,debutant,5,20,1,100,0,0,0,25,0,14,0,0
debutant_0151,3,True,positioning_synthetic_v1,debutant,20,20,4,100,50,25,0,25,0,43,14,0
debutant_0151,4,True,positioning_synthetic_v1,debutant,25,20,5,100,50,0,25,25,25,29,29,17
debutant_0152,1,True,positioning_synthetic_v1,debutant,20,20,4,100,50,0,0,25,25,29,14,17
debutant_0152,2,True,positioning_synthetic_v1,debutant,25,20,5,100,25,25,25,25,25,57,14,0
debutant_0152,3,True,positioning_synthetic_v1,debutant,20,20,4,100,25,25,25,25,0,29,14,17
debutant_0152,4,True,positioning_synthetic_v1,debutant,30,20,6,100,25,50,0,25,50,71,14,0
debutant_0153,1,True,positioning_synthetic_v1,debutant,15,20,3,100,0,25,25,0,25,14,29,0
debutant_0153,2,True,positioning_synthetic_v1,debutant,5,20,1,100,0,0,0,0,25,14,0,0
debutant_0153,3,True,positioning_synthetic_v1,debutant,25,20,5,100,25,25,0,0,75,43,29,0
debutant_0153,4,True,positioning_synthetic_v1,debutant,15,20,3,100,0,0,0,50,25,14,14,17
debutant_0154,1,True,positioning_synthetic_v1,debutant,15,20,3,100,25,0,0,25,25,29,0,17
debutant_0154,2,True,positioning_synthetic_v1,debutant,10,20,2,100,25,0,25,0,0,14,14,0
debutant_0154,3,True,positioning_synthetic_v1,debutant,5,20,1,100,0,25,0,0,0,0,14,0
debutant_0154,4,True,positioning_synthetic_v1,debutant,15,20,3,100,25,25,0,0,25,29,14,0
debutant_0155,1,True,positioning_synthetic_v1,debutant,30,20,6,100,25,50,25,25,25,57,14,17
debutant_0155,2,True,positioning_synthetic_v1,debutant,10,20,2,100,0,25,0,25,0,29,0,0
debutant_0155,3,True,positioning_synthetic_v1,debutant,15,20,3,100,0,25,25,0,25,29,14,0
debutant_0155,4,True,positioning_synthetic_v1,debutant,15,20,3,100,25,25,0,0,25,14,29,0
debutant_0156,1,True,positioning_synthetic_v1,debutant,20,20,4,100,0,50,25,0,25,29,14,17
debutant_0156,2,True,positioning_synthetic_v1,debutant,30,20,6,100,0,75,0,0,75,29,14,50
debutant_0156,3,True,positioning_synthetic_v1,debutant,35,20,7,100,25,25,0,75,50,57,29,17
debutant_0156,4,True,positioning_synthetic_v1,debutant,35,20,7,100,50,50,0,50,25,43,43,17
debutant_0157,1,True,positioning_synthetic_v1,debutant,45,20,9,100,25,75,25,50,50,71,29,33
debutant_0157,2,True,positioning_synthetic_v1,debutant,25,20,5,100,25,0,50,0,50,29,0,50
debutant_0157,3,True,positioning_synthetic_v1,debutant,60,20,12,100,50,75,75,50,50,100,29,50
debutant_0157,4,True,positioning_synthetic_v1,debutant,35,20,7,100,50,75,50,0,0,43,14,50
debutant_0158,1,True,positioning_synthetic_v1,debutant,35,20,7,100,25,50,25,25,50,43,29,33
debutant_0158,2,True,positioning_synthetic_v1,debutant,15,20,3,100,0,50,0,0,25,43,0,0
debutant_0158,3,True,positioning_synthetic_v1,debutant,10,20,2,100,0,0,25,25,0,14,0,17
debutant_0158,4,True,positioning_synthetic_v1,debutant,30,20,6,100,25,25,0,50,50,57,29,0
debutant_0159,1,True,positioning_synthetic_v1,debutant,30,20,6,100,50,50,0,0,50,57,29,0
debutant_0159,2,True,positioning_synthetic_v1,debutant,20,20,4,100,25,0,0,25,50,29,29,0
debutant_0159,3,True,positioning_synthetic_v1,debutant,40,20,8,100,50,0,75,25,50,43,14,67
debutant_0159,4,True,positioning_synthetic_v1,debutant,15,20,3,100,50,25,0,0,0,29,0,17
debutant_0160,1,True,positioning_synthetic_v1,debutant,20,20,4,100,0,25,50,25,0,14,43,0
debutant_0160,2,True,positioning_synthetic_v1,debutant,35,20,7,100,25,50,50,50,0,57,29,17
debutant_0160,3,True,positioning_synthetic_v1,debutant,5,20,1,100,0,0,25,0,0,0,0,17
debutant_0160,4,True,positioning_synthetic_v1,debutant,25,20,5,100,25,0,50,25,25,29,29,17
debutant_0161,1,True,positioning_synthetic_v1,debutant,35,20,7,100,0,75,25,25,50,57,29,17
debutant_0161,2,True,positioning_synthetic_v1,debutant,30,20,6,100,25,25,0,50,50,43,29,17
debutant_0161,3,True,positioning_synthetic_v1,debutant,15,20,3,100,0,0,0,25,50,29,14,0
debutant_0161,4,True,positioning_synthetic_v1,debutant,10,20,2,100,25,0,0,0,25,29,0,0
debutant_0162,1,True,positioning_synthetic_v1,debutant,25,20,5,100,25,0,0,50,50,29,14,33
debutant_0162,2,True,positioning_synthetic_v1,debutant,20,20,4,100,25,25,0,25,25,57,0,0
debutant_0162,3,True,positioning_synthetic_v1,debutant,20,20,4,100,25,0,25,25,25,43,14,0
debutant_0162,4,True,positioning_synthetic_v1,debutant,30,20,6,100,75,0,0,25,50,43,29,17
debutant_0163,1,True,positioning_synthetic_v1,debutant,15,20,3,100,0,25,0,0,50,29,14,0
debutant_0163,2,True,positioning_synthetic_v1,debutant,20,20,4,100,25,50,0,0,25,29,29,0
debutant_0163,3,True,positioning_synthetic_v1,debutant,15,20,3,100,25,0,0,0,50,43,0,0
debutant_0163,4,True,positioning_synthetic_v1,debutant,35,20,7,100,75,25,0,25,50,43,14,50
debutant_0164,1,True,positioning_synthetic_v1,debutant,10,20,2,100,0,0,25,25,0,0,0,33
debutant_0164,2,True,positioning_synthetic_v1,debutant,30,20,6,100,50,25,0,75,0,43,43,0
debutant_0164,3,True,positioning_synthetic_v1,debutant,30,20,6,100,25,50,0,25,50,43,29,17
debutant_0164,4,True,positioning_synthetic_v1,debutant,35,20,7,100,25,25,25,50,50,57,29,17
debutant_0165,1,True,positioning_synthetic_v1,debutant,40,20,8,100,25,25,50,50,50,71,29,17
debutant_0165,2,True,positioning_synthetic_v1,debutant,60,20,12,100,25,50,75,50,100,100,43,33
debutant_0165,3,True,positioning_synthetic_v1,debutant,45,20,9,100,25,75,25,75,25,57,71,0
debutant_0165,4,True,positioning_synthetic_v1,debutant,20,20,4,100,0,25,25,0,50,14,29,17
debutant_0166,1,True,positioning_synthetic_v1,debutant,30,20,6,100,25,25,50,25,25,57,14,17
debutant_0166,2,True,positioning_synthetic_v1,debutant,10,20,2,100,0,0,0,0,50,14,14,0
debutant_0166,3,True,positioning_synthetic_v1,debutant,0,20,0,100,0,0,0,0,0,0,0,0
debutant_0166,4,True,positioning_synthetic_v1,debutant,15,20,3,100,25,0,25,25,0,29,14,0
debutant_0167,1,True,positioning_synthetic_v1,debutant,20,20,4,100,25,50,25,0,0,29,14,17
debutant_0167,2,True,positioning_synthetic_v1,debutant,30,20,6,100,25,25,0,25,75,14,29,50
debutant_0167,3,True,positioning_synthetic_v1,debutant,35,20,7,100,50,50,25,25,25,57,29,17
debutant_0167,4,True,positioning_synthetic_v1,debutant,35,20,7,100,50,75,25,0,25,57,0,50
debutant_0168,1,True,positioning_synthetic_v1,debutant,30,20,6,100,50,50,50,0,0,43,43,0
debutant_0168,2,True,positioning_synthetic_v1,debutant,30,20,6,100,25,50,25,25,25,57,29,0
debutant_0168,3,True,positioning_synthetic_v1,debutant,15,20,3,100,0,0,0,25,50,29,0,17
debutant_0168,4,True,positioning_synthetic_v1,debutant,25,20,5,100,0,50,0,25,50,57,14,0
debutant_0169,1,True,positioning_synthetic_v1,debutant,30,20,6,100,0,0,50,50,50,43,14,33
debutant_0169,2,True,positioning_synthetic_v1,debutant,45,20,9,100,25,25,50,50,75,43,57,33
debutant_0169,3,True,positioning_synthetic_v1,debutant,35,20,7,100,25,50,25,0,75,57,14,33
debutant_0169,4,True,positioning_synthetic_v1,debutant,35,20,7,100,25,50,75,25,0,57,14,33
debutant_0170,1,True,positioning_synthetic_v1,debutant,55,20,11,100,100,50,25,50,50,57,57,50
debutant_0170,2,True,positioning_synthetic_v1,debutant,30,20,6,100,50,50,0,50,0,57,29,0
debutant_0170,3,True,positioning_synthetic_v1,debutant,25,20,5,100,25,25,25,25,25,29,29,17
debutant_0170,4,True,positioning_synthetic_v1,debutant,35,20,7,100,25,75,25,25,25,57,29,17
debutant_0171,1,True,positioning_synthetic_v1,debutant,15,20,3,100,50,0,0,0,25,14,14,17
debutant_0171,2,True,positioning_synthetic_v1,debutant,10,20,2,100,25,0,0,0,25,14,14,0
debutant_0171,3,True,positioning_synthetic_v1,debutant,15,20,3,100,0,0,25,50,0,29,14,0
debutant_0171,4,True,positioning_synthetic_v1,debutant,25,20,5,100,25,0,50,25,25,29,43,0
debutant_0172,1,True,positioning_synthetic_v1,debutant,20,20,4,100,0,25,25,25,25,57,0,0
debutant_0172,2,True,positioning_synthetic_v1,debutant,35,20,7,100,0,25,75,50,25,86,0,17
debutant_0172,3,True,positioning_synthetic_v1,debutant,25,20,5,100,0,25,0,50,50,29,43,0
debutant_0172,4,True,positioning_synthetic_v1,debutant,5,20,1,100,25,0,0,0,0,14,0,0
debutant_0173,1,True,positioning_synthetic_v1,debutant,15,20,3,100,0,0,25,0,50,14,29,0
debutant_0173,2,True,positioning_synthetic_v1,debutant,35,20,7,100,50,25,25,75,0,14,43,50
debutant_0173,3,True,positioning_synthetic_v1,debutant,25,20,5,100,50,50,25,0,0,43,29,0
debutant_0173,4,True,positioning_synthetic_v1,debutant,30,20,6,100,25,25,25,0,75,57,14,17
debutant_0174,1,True,positioning_synthetic_v1,debutant,20,20,4,100,50,0,50,0,0,43,14,0
debutant_0174,2,True,positioning_synthetic_v1,debutant,25,20,5,100,50,0,25,50,0,57,0,17
debutant_0174,3,True,positioning_synthetic_v1,debutant,30,20,6,100,25,25,50,50,0,43,29,17
debutant_0174,4,True,positioning_synthetic_v1,debutant,30,20,6,100,0,50,25,50,25,71,14,0
debutant_0175,1,True,positioning_synthetic_v1,debutant,15,20,3,100,0,0,0,50,25,29,14,0
debutant_0175,2,True,positioning_synthetic_v1,debutant,20,20,4,100,25,25,0,50,0,29,14,17
debutant_0175,3,True,positioning_synthetic_v1,debutant,15,20,3,100,0,0,0,50,25,14,14,17
debutant_0175,4,True,positioning_synthetic_v1,debutant,25,20,5,100,25,25,25,25,25,43,14,17
debutant_0176,1,True,positioning_synthetic_v1,debutant,25,20,5,100,25,50,0,25,25,29,29,17
debutant_0176,2,True,positioning_synthetic_v1,debutant,20,20,4,100,25,25,25,25,0,29,14,17
debutant_0176,3,True,positioning_synthetic_v1,debutant,5,20,1,100,0,0,0,25,0,14,0,0
debutant_0176,4,True,positioning_synthetic_v1,debutant,25,20,5,100,25,50,0,25,25,43,29,0
debutant_0177,1,True,positioning_synthetic_v1,debutant,25,20,5,100,75,0,25,0,25,43,0,33
debutant_0177,2,True,positioning_synthetic_v1,debutant,20,20,4,100,0,25,25,25,25,43,14,0
debutant_0177,3,True,positioning_synthetic_v1,debutant,15,20,3,100,25,0,25,0,25,43,0,0
debutant_0177,4,True,positioning_synthetic_v1,debutant,10,20,2,100,0,25,25,0,0,14,0,17
debutant_0178,1,True,positioning_synthetic_v1,debutant,15,20,3,100,0,0,0,25,50,29,0,17
debutant_0178,2,True,positioning_synthetic_v1,debutant,10,20,2,100,0,25,25,0,0,29,0,0
debutant_0178,3,True,positioning_synthetic_v1,debutant,25,20,5,100,0,0,50,25,50,29,29,17
debutant_0178,4,True,positioning_synthetic_v1,debutant,20,20,4,100,0,25,25,25,25,29,14,17
debutant_0179,1,True,positioning_synthetic_v1,debutant,10,20,2,100,0,0,25,0,25,14,14,0
debutant_0179,2,True,positioning_synthetic_v1,debutant,10,20,2,100,0,25,0,0,25,29,0,0
debutant_0179,3,True,positioning_synthetic_v1,debutant,20,20,4,100,25,50,0,0,25,29,14,17
debutant_0179,4,True,positioning_synthetic_v1,debutant,35,20,7,100,50,50,25,50,0,43,43,17
debutant_0180,1,True,positioning_synthetic_v1,debutant,45,20,9,100,75,100,25,0,25,43,43,50
debutant_0180,2,True,positioning_synthetic_v1,debutant,20,20,4,100,0,25,25,25,25,14,43,0
debutant_0180,3,True,positioning_synthetic_v1,debutant,20,20,4,100,50,50,0,0,0,14,43,0
debutant_0180,4,True,positioning_synthetic_v1,debutant,25,20,5,100,0,75,0,25,25,29,29,17
debutant_0181,1,True,positioning_synthetic_v1,debutant,25,20,5,100,25,25,25,25,25,29,14,33
debutant_0181,2,True,positioning_synthetic_v1,debutant,25,20,5,100,25,25,0,25,50,43,14,17
debutant_0181,3,True,positioning_synthetic_v1,debutant,5,20,1,100,0,0,0,25,0,0,14,0
debutant_0181,4,True,positioning_synthetic_v1,debutant,20,20,4,100,25,0,0,25,50,43,0,17
debutant_0182,1,True,positioning_synthetic_v1,debutant,20,20,4,100,0,25,25,50,0,57,0,0
debutant_0182,2,True,positioning_synthetic_v1,debutant,10,20,2,100,25,0,0,25,0,29,0,0
debutant_0182,3,True,positioning_synthetic_v1,debutant,25,20,5,100,25,25,25,25,25,29,43,0
debutant_0182,4,True,positioning_synthetic_v1,debutant,30,20,6,100,25,25,50,25,25,29,43,17
debutant_0183,1,True,positioning_synthetic_v1,debutant,15,20,3,100,0,0,0,50,25,14,14,17
debutant_0183,2,True,positioning_synthetic_v1,debutant,15,20,3,100,25,0,25,25,0,0,43,0
debutant_0183,3,True,positioning_synthetic_v1,debutant,5,20,1,100,0,0,25,0,0,14,0,0
debutant_0183,4,True,positioning_synthetic_v1,debutant,20,20,4,100,50,0,0,25,25,14,29,17
debutant_0184,1,True,positioning_synthetic_v1,debutant,20,20,4,100,0,25,50,25,0,29,29,0
debutant_0184,2,True,positioning_synthetic_v1,debutant,20,20,4,100,25,25,0,50,0,14,29,17
debutant_0184,3,True,positioning_synthetic_v1,debutant,25,20,5,100,25,50,0,25,25,71,0,0
debutant_0184,4,True,positioning_synthetic_v1,debutant,40,20,8,100,0,50,50,50,50,71,29,17
debutant_0185,1,True,positioning_synthetic_v1,debutant,25,20,5,100,25,25,50,25,0,29,29,17
debutant_0185,2,True,positioning_synthetic_v1,debutant,35,20,7,100,25,50,25,25,50,29,57,17
debutant_0185,3,True,positioning_synthetic_v1,debutant,25,20,5,100,0,50,0,0,75,14,43,17
debutant_0185,4,True,positioning_synthetic_v1,debutant,30,20,6,100,0,50,50,50,0,43,29,17
debutant_0186,1,True,positioning_synthetic_v1,debutant,35,20,7,100,25,50,50,25,25,57,43,0
debutant_0186,2,True,positioning_synthetic_v1,debutant,35,20,7,100,25,50,25,25,50,43,14,50
debutant_0186,3,True,positioning_synthetic_v1,debutant,45,20,9,100,50,75,25,25,50,43,71,17
debutant_0186,4,True,positioning_synthetic_v1,debutant,30,20,6,100,25,25,25,25,50,57,14,17
debutant_0187,1,True,positioning_synthetic_v1,debutant,35,20,7,100,25,25,50,50,25,71,14,17
debutant_0187,2,True,positioning_synthetic_v1,debutant,25,20,5,100,25,0,50,0,50,43,0,33
debutant_0187,3,True,positioning_synthetic_v1,debutant,25,20,5,100,25,50,25,0,25,43,0,33
debutant_0187,4,True,positioning_synthetic_v1,debutant,35,20,7,100,25,25,50,50,25,29,43,33
debutant_0188,1,True,positioning_synthetic_v1,debutant,20,20,4,100,0,25,25,25,25,43,0,17
debutant_0188,2,True,positioning_synthetic_v1,debutant,10,20,2,100,25,25,0,0,0,14,0,17
debutant_0188,3,True,positioning_synthetic_v1,debutant,25,20,5,100,0,25,50,50,0,43,29,0
debutant_0188,4,True,positioning_synthetic_v1,debutant,25,20,5,100,0,25,50,50,0,29,43,0
debutant_0189,1,True,positioning_synthetic_v1,debutant,20,20,4,100,0,50,0,25,25,14,43,0
debutant_0189,2,True,positioning_synthetic_v1,debutant,20,20,4,100,0,25,25,25,25,29,14,17
debutant_0189,3,True,positioning_synthetic_v1,debutant,25,20,5,100,25,25,50,25,0,43,29,0
debutant_0189,4,True,positioning_synthetic_v1,debutant,5,20,1,100,0,0,25,0,0,0,14,0
debutant_0190,1,True,positioning_synthetic_v1,debutant,50,20,10,100,25,50,75,25,75,71,43,33
debutant_0190,2,True,positioning_synthetic_v1,debutant,50,20,10,100,50,50,75,25,50,71,43,33
debutant_0190,3,True,positioning_synthetic_v1,debutant,40,20,8,100,50,50,25,25,50,57,43,17
debutant_0190,4,True,positioning_synthetic_v1,debutant,40,20,8,100,50,50,50,25,25,43,71,0
debutant_0191,1,True,positioning_synthetic_v1,debutant,30,20,6,100,25,50,25,50,0,43,29,17
debutant_0191,2,True,positioning_synthetic_v1,debutant,45,20,9,100,25,75,50,50,25,43,43,50
debutant_0191,3,True,positioning_synthetic_v1,debutant,45,20,9,100,50,50,50,50,25,71,43,17
debutant_0191,4,True,positioning_synthetic_v1,debutant,60,20,12,100,25,50,50,100,75,57,57,67
debutant_0192,1,True,positioning_synthetic_v1,debutant,10,20,2,100,25,0,0,0,25,29,0,0
debutant_0192,2,True,positioning_synthetic_v1,debutant,10,20,2,100,0,25,0,25,0,14,14,0
debutant_0192,3,True,positioning_synthetic_v1,debutant,20,20,4,100,25,25,0,25,25,14,14,33
debutant_0192,4,True,positioning_synthetic_v1,debutant,15,20,3,100,25,25,0,25,0,14,14,17
debutant_0193,1,True,positioning_synthetic_v1,debutant,20,20,4,100,0,25,25,0,50,43,0,17
debutant_0193,2,True,positioning_synthetic_v1,debutant,15,20,3,100,25,0,25,25,0,29,14,0
debutant_0193,3,True,positioning_synthetic_v1,debutant,20,20,4,100,0,25,25,0,50,43,14,0
debutant_0193,4,True,positioning_synthetic_v1,debutant,20,20,4,100,25,50,0,0,25,43,14,0
debutant_0194,1,True,positioning_synthetic_v1,debutant,15,20,3,100,0,25,0,25,25,14,0,33
debutant_0194,2,True,positioning_synthetic_v1,debutant,40,20,8,100,75,25,25,50,25,57,43,17
debutant_0194,3,True,positioning_synthetic_v1,debutant,20,20,4,100,0,0,50,25,25,43,14,0
debutant_0194,4,True,positioning_synthetic_v1,debutant,15,20,3,100,25,25,0,0,25,29,14,0
debutant_0195,1,True,positioning_synthetic_v1,debutant,25,20,5,100,50,25,0,50,0,29,14,33
debutant_0195,2,True,positioning_synthetic_v1,debutant,25,20,5,100,25,50,25,25,0,43,29,0
debutant_0195,3,True,positioning_synthetic_v1,debutant,20,20,4,100,50,25,25,0,0,14,29,17
debutant_0195,4,True,positioning_synthetic_v1,debutant,25,20,5,100,25,50,50,0,0,43,29,0
debutant_0196,1,True,positioning_synthetic_v1,debutant,25,20,5,100,25,50,25,25,0,29,29,17
debutant_0196,2,True,positioning_synthetic_v1,debutant,25,20,5,100,25,0,50,50,0,57,14,0
debutant_0196,3,True,positioning_synthetic_v1,debutant,60,20,12,100,75,75,50,25,75,100,43,33
debutant_0196,4,True,positioning_synthetic_v1,debutant,35,20,7,100,50,50,25,0,50,57,29,17
debutant_0197,1,True,positioning_synthetic_v1,debutant,25,20,5,100,50,25,25,0,25,29,43,0
debutant_0197,2,True,positioning_synthetic_v1,debutant,20,20,4,100,0,25,25,25,25,43,0,17
debutant_0197,3,True,positioning_synthetic_v1,debutant,20,20,4,100,0,25,50,0,25,29,14,17
debutant_0197,4,True,positioning_synthetic_v1,debutant,45,20,9,100,25,75,50,50,25,86,29,17
debutant_0198,1,True,positioning_synthetic_v1,debutant,15,20,3,100,0,0,50,0,25,29,14,0
debutant_0198,2,True,positioning_synthetic_v1,debutant,35,20,7,100,75,25,25,0,50,43,43,17
debutant_0198,3,True,positioning_synthetic_v1,debutant,30,20,6,100,25,75,0,25,25,29,29,33
debutant_0198,4,True,positioning_synthetic_v1,debutant,25,20,5,100,0,25,50,25,25,29,14,33
debutant_0199,1,True,positioning_synthetic_v1,debutant,35,20,7,100,0,50,25,50,50,57,29,17
debutant_0199,2,True,positioning_synthetic_v1,debutant,30,20,6,100,25,50,25,50,0,57,14,17
debutant_0199,3,True,positioning_synthetic_v1,debutant,10,20,2,100,25,0,25,0,0,14,14,0
debutant_0199,4,True,positioning_synthetic_v1,debutant,15,20,3,100,25,0,50,0,0,29,14,0
debutant_0200,1,True,positioning_synthetic_v1,debutant,40,20,8,100,50,25,25,50,50,71,29,17
debutant_0200,2,True,positioning_synthetic_v1,debutant,30,20,6,100,0,50,50,25,25,57,14,17
debutant_0200,3,True,positioning_synthetic_v1,debutant,30,20,6,100,0,50,0,50,50,14,43,33
debutant_0200,4,True,positioning_synthetic_v1,debutant,35,20,7,100,50,75,0,50,0,57,29,17
debutant_0201,1,True,positioning_synthetic_v1,debutant,40,20,8,100,75,25,25,0,75,57,43,17
debutant_0201,2,True,positioning_synthetic_v1,debutant,10,20,2,100,0,25,0,25,0,29,0,0
debutant_0201,3,True,positioning_synthetic_v1,debutant,25,20,5,100,50,0,25,25,25,43,14,17
debutant_0201,4,True,positioning_synthetic_v1,debutant,10,20,2,100,25,0,0,25,0,0,29,0
debutant_0202,1,True,positioning_synthetic_v1,debutant,15,20,3,100,25,25,0,0,25,43,0,0
debutant_0202,2,True,positioning_synthetic_v1,debutant,35,20,7,100,50,75,0,0,50,43,29,33
debutant_0202,3,True,positioning_synthetic_v1,debutant,25,20,5,100,50,50,0,0,25,29,43,0
debutant_0202,4,True,positioning_synthetic_v1,debutant,25,20,5,100,50,25,0,0,50,29,29,17
debutant_0203,1,True,positioning_synthetic_v1,debutant,15,20,3,100,0,25,0,25,25,43,0,0
debutant_0203,2,True,positioning_synthetic_v1,debutant,10,20,2,100,0,0,0,0,50,14,14,0
debutant_0203,3,True,positioning_synthetic_v1,debutant,10,20,2,100,0,0,0,25,25,29,0,0
debutant_0203,4,True,positioning_synthetic_v1,debutant,15,20,3,100,0,0,25,25,25,29,0,17
debutant_0204,1,True,positioning_synthetic_v1,debutant,35,20,7,100,50,75,0,50,0,71,14,17
debutant_0204,2,True,positioning_synthetic_v1,debutant,20,20,4,100,50,25,0,25,0,43,14,0
debutant_0204,3,True,positioning_synthetic_v1,debutant,30,20,6,100,25,25,0,25,75,43,43,0
debutant_0204,4,True,positioning_synthetic_v1,debutant,25,20,5,100,0,75,25,0,25,29,29,17
debutant_0205,1,True,positioning_synthetic_v1,debutant,10,20,2,100,25,0,0,0,25,0,14,17
debutant_0205,2,True,positioning_synthetic_v1,debutant,20,20,4,100,0,25,25,50,0,29,29,0
debutant_0205,3,True,positioning_synthetic_v1,debutant,5,20,1,100,0,0,25,0,0,14,0,0
debutant_0205,4,True,positioning_synthetic_v1,debutant,20,20,4,100,25,0,50,0,25,29,29,0
debutant_0206,1,True,positioning_synthetic_v1,debutant,5,20,1,100,0,25,0,0,0,0,14,0
debutant_0206,2,True,positioning_synthetic_v1,debutant,25,20,5,100,25,25,0,25,50,71,0,0
debutant_0206,3,True,positioning_synthetic_v1,debutant,15,20,3,100,25,25,0,0,25,14,29,0
debutant_0206,4,True,positioning_synthetic_v1,debutant,25,20,5,100,25,25,0,25,50,43,29,0
debutant_0207,1,True,positioning_synthetic_v1,debutant,20,20,4,100,25,50,0,0,25,57,0,0
debutant_0207,2,True,positioning_synthetic_v1,debutant,35,20,7,100,50,25,25,25,50,57,29,17
debutant_0207,3,True,positioning_synthetic_v1,debutant,20,20,4,100,25,25,0,0,50,43,14,0
debutant_0207,4,True,positioning_synthetic_v1,debutant,25,20,5,100,0,25,0,25,75,29,29,17
debutant_0208,1,True,positioning_synthetic_v1,debutant,35,20,7,100,50,25,25,50,25,43,29,33
debutant_0208,2,True,positioning_synthetic_v1,debutant,70,20,14,100,75,75,50,75,75,86,71,50
debutant_0208,3,True,positioning_synthetic_v1,debutant,35,20,7,100,0,50,50,50,25,43,14,50
debutant_0208,4,True,positioning_synthetic_v1,debutant,30,20,6,100,50,50,25,25,0,43,43,0
debutant_0209,1,True,positioning_synthetic_v1,debutant,25,20,5,100,50,25,25,0,25,71,0,0
debutant_0209,2,True,positioning_synthetic_v1,debutant,30,20,6,100,25,50,25,25,25,43,29,17
debutant_0209,3,True,positioning_synthetic_v1,debutant,10,20,2,100,0,25,25,0,0,29,0,0
debutant_0209,4,True,positioning_synthetic_v1,debutant,20,20,4,100,50,0,50,0,0,43,14,0
debutant_0210,1,True,positioning_synthetic_v1,debutant,5,20,1,100,0,0,0,25,0,0,14,0
debutant_0210,2,True,positioning_synthetic_v1,debutant,15,20,3,100,25,0,25,0,25,43,0,0
debutant_0210,3,True,positioning_synthetic_v1,debutant,20,20,4,100,0,0,75,25,0,14,29,17
debutant_0210,4,True,positioning_synthetic_v1,debutant,20,20,4,100,0,0,50,25,25,43,14,0
debutant_0211,1,True,positioning_synthetic_v1,debutant,15,20,3,100,25,0,25,25,0,43,0,0
debutant_0211,2,True,positioning_synthetic_v1,debutant,25,20,5,100,25,25,25,25,25,43,29,0
debutant_0211,3,True,positioning_synthetic_v1,debutant,15,20,3,100,0,50,0,0,25,29,14,0
debutant_0211,4,True,positioning_synthetic_v1,debutant,30,20,6,100,50,50,0,25,25,57,29,0
debutant_0212,1,True,positioning_synthetic_v1,debutant,40,20,8,100,25,50,50,0,75,71,14,33
debutant_0212,2,True,positioning_synthetic_v1,debutant,25,20,5,100,25,25,25,0,50,29,14,33
debutant_0212,3,True,positioning_synthetic_v1,debutant,20,20,4,100,0,0,25,25,50,29,29,0
debutant_0212,4,True,positioning_synthetic_v1,debutant,30,20,6,100,25,25,50,50,0,43,29,17
debutant_0213,1,True,positioning_synthetic_v1,debutant,10,20,2,100,0,0,25,25,0,29,0,0
debutant_0213,2,True,positioning_synthetic_v1,debutant,15,20,3,100,0,25,25,0,25,29,14,0
debutant_0213,3,True,positioning_synthetic_v1,debutant,30,20,6,100,25,50,25,50,0,43,0,50
debutant_0213,4,True,positioning_synthetic_v1,debutant,25,20,5,100,75,0,25,0,25,29,43,0
debutant_0214,1,True,positioning_synthetic_v1,debutant,20,20,4,100,50,25,25,0,0,43,0,17
debutant_0214,2,True,positioning_synthetic_v1,debutant,35,20,7,100,0,25,25,50,75,71,29,0
debutant_0214,3,True,positioning_synthetic_v1,debutant,30,20,6,100,50,25,25,50,0,43,43,0
debutant_0214,4,True,positioning_synthetic_v1,debutant,40,20,8,100,25,50,50,50,25,57,57,0
debutant_0215,1,True,positioning_synthetic_v1,debutant,25,20,5,100,25,0,50,25,25,29,43,0
debutant_0215,2,True,positioning_synthetic_v1,debutant,40,20,8,100,50,75,0,50,25,86,14,17
debutant_0215,3,True,positioning_synthetic_v1,debutant,25,20,5,100,25,25,25,25,25,57,14,0
debutant_0215,4,True,positioning_synthetic_v1,debutant,15,20,3,100,50,0,25,0,0,14,14,17
debutant_0216,1,True,positioning_synthetic_v1,debutant,10,20,2,100,25,0,25,0,0,29,0,0
debutant_0216,2,True,positioning_synthetic_v1,debutant,15,20,3,100,25,0,0,25,25,29,14,0
debutant_0216,3,True,positioning_synthetic_v1,debutant,15,20,3,100,25,25,0,0,25,29,0,17
debutant_0216,4,True,positioning_synthetic_v1,debutant,25,20,5,100,0,25,25,50,25,29,43,0
debutant_0217,1,True,positioning_synthetic_v1,debutant,30,20,6,100,0,0,25,75,50,57,14,17
debutant_0217,2,True,positioning_synthetic_v1,debutant,25,20,5,100,50,0,25,0,50,43,29,0
debutant_0217,3,True,positioning_synthetic_v1,debutant,15,20,3,100,25,25,0,0,25,29,14,0
debutant_0217,4,True,positioning_synthetic_v1,debutant,20,20,4,100,25,0,0,25,50,43,14,0
debutant_0218,1,True,positioning_synthetic_v1,debutant,30,20,6,100,50,25,0,0,75,43,14,33
debutant_0218,2,True,positioning_synthetic_v1,debutant,30,20,6,100,25,50,50,25,0,43,29,17
debutant_0218,3,True,positioning_synthetic_v1,debutant,10,20,2,100,25,0,0,25,0,14,14,0
debutant_0218,4,True,positioning_synthetic_v1,debutant,20,20,4,100,25,25,0,25,25,43,14,0
debutant_0219,1,True,positioning_synthetic_v1,debutant,45,20,9,100,50,25,50,50,50,71,29,33
debutant_0219,2,True,positioning_synthetic_v1,debutant,45,20,9,100,50,50,50,75,0,71,43,17
debutant_0219,3,True,positioning_synthetic_v1,debutant,35,20,7,100,0,25,50,25,75,43,43,17
debutant_0219,4,True,positioning_synthetic_v1,debutant,30,20,6,100,50,25,25,50,0,43,29,17
debutant_0220,1,True,positioning_synthetic_v1,debutant,35,20,7,100,25,50,25,25,50,43,43,17
debutant_0220,2,True,positioning_synthetic_v1,debutant,40,20,8,100,50,25,25,25,75,57,29,33
debutant_0220,3,True,positioning_synthetic_v1,debutant,45,20,9,100,75,75,25,25,25,71,43,17
debutant_0220,4,True,positioning_synthetic_v1,debutant,35,20,7,100,25,25,0,50,75,29,43,33
debutant_0221,1,True,positioning_synthetic_v1,debutant,20,20,4,100,25,0,75,0,0,29,14,17
debutant_0221,2,True,positioning_synthetic_v1,debutant,20,20,4,100,25,25,0,25,25,43,0,17
debutant_0221,3,True,positioning_synthetic_v1,debutant,20,20,4,100,0,25,0,25,50,0,14,50
debutant_0221,4,True,positioning_synthetic_v1,debutant,25,20,5,100,25,0,0,50,50,43,14,17
debutant_0222,1,True,positioning_synthetic_v1,debutant,10,20,2,100,25,25,0,0,0,29,0,0
debutant_0222,2,True,positioning_synthetic_v1,debutant,5,20,1,100,0,0,0,0,25,0,14,0
debutant_0222,3,True,positioning_synthetic_v1,debutant,10,20,2,100,0,0,25,0,25,14,14,0
debutant_0222,4,True,positioning_synthetic_v1,debutant,20,20,4,100,25,0,25,25,25,29,14,17
debutant_0223,1,True,positioning_synthetic_v1,debutant,25,20,5,100,0,50,25,25,25,57,14,0
debutant_0223,2,True,positioning_synthetic_v1,debutant,25,20,5,100,50,0,50,25,0,29,29,17
debutant_0223,3,True,positioning_synthetic_v1,debutant,30,20,6,100,25,25,25,75,0,43,29,17
debutant_0223,4,True,positioning_synthetic_v1,debutant,15,20,3,100,0,50,0,0,25,14,14,17
debutant_0224,1,True,positioning_synthetic_v1,debutant,10,20,2,100,25,0,0,25,0,29,0,0
debutant_0224,2,True,positioning_synthetic_v1,debutant,30,20,6,100,25,0,25,75,25,43,29,17
debutant_0224,3,True,positioning_synthetic_v1,debutant,15,20,3,100,25,0,25,0,25,29,14,0
debutant_0224,4,True,positioning_synthetic_v1,debutant,25,20,5,100,25,75,25,0,0,43,14,17
debutant_0225,1,True,positioning_synthetic_v1,debutant,25,20,5,100,25,0,0,75,25,29,14,33
debutant_0225,2,True,positioning_synthetic_v1,debutant,25,20,5,100,25,50,25,25,0,43,14,17
debutant_0225,3,True,positioning_synthetic_v1,debutant,35,20,7,100,50,0,25,75,25,71,0,33
debutant_0225,4,True,positioning_synthetic_v1,debutant,25,20,5,100,50,50,25,0,0,57,14,0
debutant_0226,1,True,positioning_synthetic_v1,debutant,15,20,3,100,25,0,0,25,25,29,14,0
debutant_0226,2,True,positioning_synthetic_v1,debutant,15,20,3,100,50,0,0,25,0,29,14,0
debutant_0226,3,True,positioning_synthetic_v1,debutant,20,20,4,100,0,0,25,75,0,14,29,17
debutant_0226,4,True,positioning_synthetic_v1,debutant,35,20,7,100,50,25,0,50,50,71,0,33
debutant_0227,1,True,positioning_synthetic_v1,debutant,15,20,3,100,0,0,25,25,25,29,14,0
debutant_0227,2,True,positioning_synthetic_v1,debutant,10,20,2,100,0,0,0,25,25,14,14,0
debutant_0227,3,True,positioning_synthetic_v1,debutant,20,20,4,100,50,25,0,0,25,14,43,0
debutant_0227,4,True,positioning_synthetic_v1,debutant,20,20,4,100,0,50,25,25,0,29,14,17
debutant_0228,1,True,positioning_synthetic_v1,debutant,30,20,6,100,50,25,25,0,50,43,43,0
debutant_0228,2,True,positioning_synthetic_v1,debutant,50,20,10,100,75,50,25,25,75,71,71,0
debutant_0228,3,True,positioning_synthetic_v1,debutant,35,20,7,100,75,50,25,25,0,57,43,0
debutant_0228,4,True,positioning_synthetic_v1,debutant,30,20,6,100,25,25,25,50,25,57,29,0
debutant_0229,1,True,positioning_synthetic_v1,debutant,30,20,6,100,50,25,50,25,0,71,0,17
debutant_0229,2,True,positioning_synthetic_v1,debutant,55,20,11,100,50,50,75,50,50,57,71,33
debutant_0229,3,True,positioning_synthetic_v1,debutant,20,20,4,100,0,50,0,0,50,14,29,17
debutant_0229,4,True,positioning_synthetic_v1,debutant,40,20,8,100,25,25,50,50,50,43,57,17
debutant_0230,1,True,positioning_synthetic_v1,debutant,10,20,2,100,0,25,0,25,0,0,29,0
debutant_0230,2,True,positioning_synthetic_v1,debutant,20,20,4,100,0,25,25,50,0,29,14,17
debutant_0230,3,True,positioning_synthetic_v1,debutant,15,20,3,100,0,0,0,25,50,43,0,0
debutant_0230,4,True,positioning_synthetic_v1,debutant,15,20,3,100,0,25,25,25,0,29,14,0
debutant_0231,1,True,positioning_synthetic_v1,debutant,35,20,7,100,50,0,50,25,50,57,29,17
debutant_0231,2,True,positioning_synthetic_v1,debutant,25,20,5,100,25,50,25,0,25,71,0,0
debutant_0231,3,True,positioning_synthetic_v1,debutant,20,20,4,100,0,0,75,0,25,29,14,17
debutant_0231,4,True,positioning_synthetic_v1,debutant,35,20,7,100,0,50,50,25,50,71,29,0
debutant_0232,1,True,positioning_synthetic_v1,debutant,15,20,3,100,0,0,50,0,25,14,29,0
debutant_0232,2,True,positioning_synthetic_v1,debutant,15,20,3,100,25,25,0,0,25,29,14,0
debutant_0232,3,True,positioning_synthetic_v1,debutant,15,20,3,100,0,0,50,0,25,43,0,0
debutant_0232,4,True,positioning_synthetic_v1,debutant,20,20,4,100,0,0,25,50,25,29,29,0
debutant_0233,1,True,positioning_synthetic_v1,debutant,15,20,3,100,25,0,0,25,25,29,14,0
debutant_0233,2,True,positioning_synthetic_v1,debutant,30,20,6,100,0,25,0,75,50,57,29,0
debutant_0233,3,True,positioning_synthetic_v1,debutant,15,20,3,100,0,25,25,0,25,29,0,17
debutant_0233,4,True,positioning_synthetic_v1,debutant,10,20,2,100,25,0,0,0,25,29,0,0
debutant_0234,1,True,positioning_synthetic_v1,debutant,20,20,4,100,25,50,0,0,25,43,14,0
debutant_0234,2,True,positioning_synthetic_v1,debutant,15,20,3,100,25,0,25,25,0,14,29,0
debutant_0234,3,True,positioning_synthetic_v1,debutant,10,20,2,100,0,0,25,25,0,14,14,0
debutant_0234,4,True,positioning_synthetic_v1,debutant,15,20,3,100,50,0,25,0,0,29,14,0
debutant_0235,1,True,positioning_synthetic_v1,debutant,5,20,1,100,0,0,0,25,0,0,0,17
debutant_0235,2,True,positioning_synthetic_v1,debutant,10,20,2,100,0,0,25,0,25,14,14,0
debutant_0235,3,True,positioning_synthetic_v1,debutant,20,20,4,100,25,25,25,0,25,57,0,0
debutant_0235,4,True,positioning_synthetic_v1,debutant,0,20,0,100,0,0,0,0,0,0,0,0
debutant_0236,1,True,positioning_synthetic_v1,debutant,20,20,4,100,25,25,25,0,25,43,14,0
debutant_0236,2,True,positioning_synthetic_v1,debutant,30,20,6,100,75,25,25,0,25,29,29,33
debutant_0236,3,True,positioning_synthetic_v1,debutant,50,20,10,100,75,25,75,25,50,57,57,33
debutant_0236,4,True,positioning_synthetic_v1,debutant,30,20,6,100,25,25,25,50,25,57,29,0
debutant_0237,1,True,positioning_synthetic_v1,debutant,35,20,7,100,25,0,50,50,50,57,29,17
debutant_0237,2,True,positioning_synthetic_v1,debutant,35,20,7,100,50,25,25,0,75,43,43,17
debutant_0237,3,True,positioning_synthetic_v1,debutant,15,20,3,100,25,50,0,0,0,43,0,0
debutant_0237,4,True,positioning_synthetic_v1,debutant,10,20,2,100,0,25,25,0,0,14,0,17
debutant_0238,1,True,positioning_synthetic_v1,debutant,30,20,6,100,25,0,25,50,50,43,14,33
debutant_0238,2,True,positioning_synthetic_v1,debutant,35,20,7,100,25,25,50,50,25,57,29,17
debutant_0238,3,True,positioning_synthetic_v1,debutant,20,20,4,100,25,0,25,50,0,43,14,0
debutant_0238,4,True,positioning_synthetic_v1,debutant,40,20,8,100,50,25,50,25,50,71,29,17
debutant_0239,1,True,positioning_synthetic_v1,debutant,25,20,5,100,50,0,0,25,50,0,43,33
debutant_0239,2,True,positioning_synthetic_v1,debutant,25,20,5,100,0,25,25,50,25,29,29,17
debutant_0239,3,True,positioning_synthetic_v1,debutant,40,20,8,100,100,25,25,25,25,43,57,17
debutant_0239,4,True,positioning_synthetic_v1,debutant,35,20,7,100,75,25,0,50,25,71,29,0
debutant_0240,1,True,positioning_synthetic_v1,debutant,15,20,3,100,50,25,0,0,0,29,14,0
debutant_0240,2,True,positioning_synthetic_v1,debutant,15,20,3,100,50,25,0,0,0,14,29,0
debutant_0240,3,True,positioning_synthetic_v1,debutant,30,20,6,100,25,0,25,75,25,57,14,17
debutant_0240,4,True,positioning_synthetic_v1,debutant,30,20,6,100,0,0,50,50,50,43,43,0
debutant_0241,1,True,positioning_synthetic_v1,debutant,20,20,4,100,0,0,0,50,50,43,14,0
debutant_0241,2,True,positioning_synthetic_v1,debutant,35,20,7,100,75,50,0,50,0,57,14,33
debutant_0241,3,True,positioning_synthetic_v1,debutant,50,20,10,100,50,25,25,75,75,43,71,33
debutant_0241,4,True,positioning_synthetic_v1,debutant,35,20,7,100,75,25,25,25,25,71,14,17
debutant_0242,1,True,positioning_synthetic_v1,debutant,15,20,3,100,0,50,25,0,0,14,0,33
debutant_0242,2,True,positioning_synthetic_v1,debutant,25,20,5,100,25,25,25,50,0,57,14,0
debutant_0242,3,True,positioning_synthetic_v1,debutant,35,20,7,100,25,50,50,25,25,43,29,33
debutant_0242,4,True,positioning_synthetic_v1,debutant,20,20,4,100,25,25,0,25,25,14,14,33
debutant_0243,1,True,positioning_synthetic_v1,debutant,25,20,5,100,25,0,25,50,25,43,29,0
debutant_0243,2,True,positioning_synthetic_v1,debutant,20,20,4,100,0,0,0,25,75,14,29,17
debutant_0243,3,True,positioning_synthetic_v1,debutant,15,20,3,100,25,25,0,0,25,14,14,17
debutant_0243,4,True,positioning_synthetic_v1,debutant,25,20,5,100,25,25,0,50,25,14,14,50
debutant_0244,1,True,positioning_synthetic_v1,debutant,25,20,5,100,0,50,0,25,50,43,14,17
debutant_0244,2,True,positioning_synthetic_v1,debutant,30,20,6,100,0,75,75,0,0,29,43,17
debutant_0244,3,True,positioning_synthetic_v1,debutant,45,20,9,100,75,50,25,25,50,57,57,17
debutant_0244,4,True,positioning_synthetic_v1,debutant,40,20,8,100,0,50,25,50,75,57,57,0
debutant_0245,1,True,positioning_synthetic_v1,debutant,20,20,4,100,0,0,50,25,25,14,29,17
debutant_0245,2,True,positioning_synthetic_v1,debutant,25,20,5,100,25,50,25,25,0,57,14,0
debutant_0245,3,True,positioning_synthetic_v1,debutant,40,20,8,100,75,50,0,25,50,57,29,33
debutant_0245,4,True,positioning_synthetic_v1,debutant,15,20,3,100,0,0,25,25,25,14,29,0
debutant_0246,1,True,positioning_synthetic_v1,debutant,25,20,5,100,50,50,0,0,25,43,29,0
debutant_0246,2,True,positioning_synthetic_v1,debutant,25,20,5,100,25,50,25,0,25,57,14,0
debutant_0246,3,True,positioning_synthetic_v1,debutant,25,20,5,100,25,50,25,25,0,43,14,17
debutant_0246,4,True,positioning_synthetic_v1,debutant,35,20,7,100,25,0,25,50,75,71,29,0
debutant_0247,1,True,positioning_synthetic_v1,debutant,15,20,3,100,25,0,25,25,0,14,14,17
debutant_0247,2,True,positioning_synthetic_v1,debutant,25,20,5,100,50,25,25,25,0,43,29,0
debutant_0247,3,True,positioning_synthetic_v1,debutant,60,20,12,100,75,25,50,50,100,57,86,33
debutant_0247,4,True,positioning_synthetic_v1,debutant,25,20,5,100,25,0,25,0,75,29,29,17
debutant_0248,1,True,positioning_synthetic_v1,debutant,15,20,3,100,0,0,25,25,25,29,14,0
debutant_0248,2,True,positioning_synthetic_v1,debutant,40,20,8,100,0,50,50,50,50,71,43,0
debutant_0248,3,True,positioning_synthetic_v1,debutant,30,20,6,100,50,25,50,25,0,57,29,0
debutant_0248,4,True,positioning_synthetic_v1,debutant,5,20,1,100,0,0,25,0,0,14,0,0
debutant_0249,1,True,positioning_synthetic_v1,debutant,45,20,9,100,25,50,50,50,50,57,57,17
debutant_0249,2,True,positioning_synthetic_v1,debutant,35,20,7,100,25,25,50,50,25,71,29,0
debutant_0249,3,True,positioning_synthetic_v1,debutant,35,20,7,100,25,25,50,50,25,29,43,33
debutant_0249,4,True,positioning_synthetic_v1,debutant,20,20,4,100,25,25,25,25,0,43,14,0
debutant_0250,1,True,positioning_synthetic_v1,debutant,40,20,8,100,75,25,0,25,75,57,29,33
debutant_0250,2,True,positioning_synthetic_v1,debutant,35,20,7,100,25,25,25,75,25,43,14,50
debutant_0250,3,True,positioning_synthetic_v1,debutant,45,20,9,100,0,75,50,50,50,57,43,33
debutant_0250,4,True,positioning_synthetic_v1,debutant,40,20,8,100,50,50,25,50,25,71,29,17
debutant_0251,1,True,positioning_synthetic_v1,debutant,20,20,4,100,75,0,0,25,0,43,0,17
debutant_0251,2,True,positioning_synthetic_v1,debutant,20,20,4,100,50,0,25,0,25,29,29,0
debutant_0251,3,True,positioning_synthetic_v1,debutant,35,20,7,100,50,25,25,25,50,29,57,17
debutant_0251,4,True,positioning_synthetic_v1,debutant,15,20,3,100,0,25,0,25,25,29,0,17
debutant_0252,1,True,positioning_synthetic_v1,debutant,45,20,9,100,25,75,75,0,50,71,0,67
debutant_0252,2,True,positioning_synthetic_v1,debutant,35,20,7,100,25,50,0,50,50,14,43,50
debutant_0252,3,True,positioning_synthetic_v1,debutant,40,20,8,100,50,50,50,25,25,43,43,33
debutant_0252,4,True,positioning_synthetic_v1,debutant,30,20,6,100,0,0,75,25,50,57,14,17
debutant_0253,1,True,positioning_synthetic_v1,debutant,25,20,5,100,0,25,50,50,0,29,29,17
debutant_0253,2,True,positioning_synthetic_v1,debutant,40,20,8,100,75,25,50,25,25,43,57,17
debutant_0253,3,True,positioning_synthetic_v1,debutant,5,20,1,100,0,0,0,25,0,0,14,0
debutant_0253,4,True,positioning_synthetic_v1,debutant,25,20,5,100,0,25,25,50,25,29,43,0
debutant_0254,1,True,positioning_synthetic_v1,debutant,50,20,10,100,75,50,50,50,25,71,29,50
debutant_0254,2,True,positioning_synthetic_v1,debutant,20,20,4,100,0,50,25,0,25,43,14,0
debutant_0254,3,True,positioning_synthetic_v1,debutant,40,20,8,100,50,0,50,50,50,29,57,33
debutant_0254,4,True,positioning_synthetic_v1,debutant,45,20,9,100,25,25,100,25,50,57,57,17
debutant_0255,1,True,positioning_synthetic_v1,debutant,15,20,3,100,50,25,0,0,0,29,14,0
debutant_0255,2,True,positioning_synthetic_v1,debutant,50,20,10,100,50,25,75,25,75,71,43,33
debutant_0255,3,True,positioning_synthetic_v1,debutant,30,20,6,100,25,25,25,25,50,57,29,0
debutant_0255,4,True,positioning_synthetic_v1,debutant,25,20,5,100,50,0,25,25,25,14,43,17
debutant_0256,1,True,positioning_synthetic_v1,debutant,5,20,1,100,0,0,0,0,25,14,0,0
debutant_0256,2,True,positioning_synthetic_v1,debutant,10,20,2,100,0,0,25,0,25,29,0,0
debutant_0256,3,True,positioning_synthetic_v1,debutant,15,20,3,100,50,0,0,25,0,29,0,17
debutant_0256,4,True,positioning_synthetic_v1,debutant,15,20,3,100,0,25,0,50,0,29,14,0
debutant_0257,1,True,positioning_synthetic_v1,debutant,20,20,4,100,0,25,25,50,0,43,14,0
debutant_0257,2,True,positioning_synthetic_v1,debutant,5,20,1,100,0,0,25,0,0,0,14,0
debutant_0257,3,True,positioning_synthetic_v1,debutant,40,20,8,100,50,25,25,50,50,57,43,17
debutant_0257,4,True,positioning_synthetic_v1,debutant,25,20,5,100,50,25,50,0,0,29,43,0
debutant_0258,1,True,positioning_synthetic_v1,debutant,30,20,6,100,25,25,25,50,25,43,29,17
debutant_0258,2,True,positioning_synthetic_v1,debutant,25,20,5,100,0,25,25,75,0,14,43,17
debutant_0258,3,True,positioning_synthetic_v1,debutant,15,20,3,100,25,25,0,0,25,14,29,0
debutant_0258,4,True,positioning_synthetic_v1,debutant,5,20,1,100,0,0,25,0,0,0,14,0
debutant_0259,1,True,positioning_synthetic_v1,debutant,20,20,4,100,0,25,25,0,50,43,14,0
debutant_0259,2,True,positioning_synthetic_v1,debutant,25,20,5,100,25,0,25,25,50,29,29,17
debutant_0259,3,True,positioning_synthetic_v1,debutant,20,20,4,100,25,0,25,25,25,43,14,0
debutant_0259,4,True,positioning_synthetic_v1,debutant,30,20,6,100,25,50,0,50,25,57,29,0
debutant_0260,1,True,positioning_synthetic_v1,debutant,10,20,2,100,25,25,0,0,0,29,0,0
debutant_0260,2,True,positioning_synthetic_v1,debutant,25,20,5,100,25,25,25,50,0,57,14,0
debutant_0260,3,True,positioning_synthetic_v1,debutant,20,20,4,100,25,25,50,0,0,43,14,0
debutant_0260,4,True,positioning_synthetic_v1,debutant,15,20,3,100,25,0,50,0,0,29,14,0
debutant_0261,1,True,positioning_synthetic_v1,debutant,15,20,3,100,0,25,0,0,50,29,14,0
debutant_0261,2,True,positioning_synthetic_v1,debutant,20,20,4,100,25,0,0,25,50,43,14,0
debutant_0261,3,True,positioning_synthetic_v1,debutant,20,20,4,100,25,0,25,0,50,43,0,17
debutant_0261,4,True,positioning_synthetic_v1,debutant,20,20,4,100,25,0,25,25,25,14,43,0
debutant_0262,1,True,positioning_synthetic_v1,debutant,30,20,6,100,25,25,50,25,25,43,14,33
debutant_0262,2,True,positioning_synthetic_v1,debutant,30,20,6,100,25,25,0,50,50,43,29,17
debutant_0262,3,True,positioning_synthetic_v1,debutant,25,20,5,100,0,0,50,75,0,43,14,17
debutant_0262,4,True,positioning_synthetic_v1,debutant,35,20,7,100,25,50,50,25,25,43,29,33
debutant_0263,1,True,positioning_synthetic_v1,debutant,10,20,2,100,0,0,25,0,25,14,14,0
debutant_0263,2,True,positioning_synthetic_v1,debutant,10,20,2,100,0,0,0,0,50,14,14,0
debutant_0263,3,True,positioning_synthetic_v1,debutant,15,20,3,100,50,25,0,0,0,29,14,0
debutant_0263,4,True,positioning_synthetic_v1,debutant,20,20,4,100,25,25,0,50,0,57,0,0
debutant_0264,1,True,positioning_synthetic_v1,debutant,30,20,6,100,25,50,25,0,50,57,29,0
debutant_0264,2,True,positioning_synthetic_v1,debutant,0,20,0,100,0,0,0,0,0,0,0,0
debutant_0264,3,True,positioning_synthetic_v1,debutant,55,20,11,100,25,100,50,50,50,86,57,17
debutant_0264,4,True,positioning_synthetic_v1,debutant,35,20,7,100,25,50,25,50,25,86,14,0
debutant_0265,1,True,positioning_synthetic_v1,debutant,15,20,3,100,25,0,0,0,50,29,0,17
debutant_0265,2,True,positioning_synthetic_v1,debutant,20,20,4,100,25,25,0,0,50,43,0,17
debutant_0265,3,True,positioning_synthetic_v1,debutant,15,20,3,100,25,0,0,25,25,14,29,0
debutant_0265,4,True,positioning_synthetic_v1,debutant,15,20,3,100,25,25,0,25,0,29,0,17
debutant_0266,1,True,positioning_synthetic_v1,debutant,25,20,5,100,25,0,0,50,50,29,43,0
debutant_0266,2,True,positioning_synthetic_v1,debutant,25,20,5,100,50,25,50,0,0,29,29,17
debutant_0266,3,True,positioning_synthetic_v1,debutant,50,20,10,100,25,75,75,25,50,86,29,33
debutant_0266,4,True,positioning_synthetic_v1,debutant,50,20,10,100,25,75,50,75,25,57,57,33
debutant_0267,1,True,positioning_synthetic_v1,debutant,15,20,3,100,0,0,25,25,25,14,14,17
debutant_0267,2,True,positioning_synthetic_v1,debutant,30,20,6,100,25,0,75,25,25,29,43,17
debutant_0267,3,True,positioning_synthetic_v1,debutant,10,20,2,100,0,25,25,0,0,14,14,0
debutant_0267,4,True,positioning_synthetic_v1,debutant,35,20,7,100,25,50,50,25,25,71,14,17
debutant_0268,1,True,positioning_synthetic_v1,debutant,40,20,8,100,25,50,25,50,50,57,14,50
debutant_0268,2,True,positioning_synthetic_v1,debutant,30,20,6,100,25,50,50,0,25,29,29,33
debutant_0268,3,True,positioning_synthetic_v1,debutant,50,20,10,100,50,100,25,25,50,71,57,17
debutant_0268,4,True,positioning_synthetic_v1,debutant,40,20,8,100,75,0,75,50,0,57,14,50
debutant_0269,1,True,positioning_synthetic_v1,debutant,25,20,5,100,0,0,25,50,50,29,43,0
debutant_0269,2,True,positioning_synthetic_v1,debutant,10,20,2,100,0,0,0,0,50,14,14,0
debutant_0269,3,True,positioning_synthetic_v1,debutant,20,20,4,100,25,25,25,25,0,29,29,0
debutant_0269,4,True,positioning_synthetic_v1,debutant,10,20,2,100,0,25,0,0,25,14,14,0
debutant_0270,1,True,positioning_synthetic_v1,debutant,20,20,4,100,25,50,0,25,0,29,14,17
debutant_0270,2,True,positioning_synthetic_v1,debutant,25,20,5,100,25,50,25,0,25,57,0,17
debutant_0270,3,True,positioning_synthetic_v1,debutant,45,20,9,100,50,50,25,50,50,71,43,17
debutant_0270,4,True,positioning_synthetic_v1,debutant,30,20,6,100,0,50,25,75,0,29,43,17
debutant_0271,1,True,positioning_synthetic_v1,debutant,10,20,2,100,0,25,25,0,0,14,0,17
debutant_0271,2,True,positioning_synthetic_v1,debutant,25,20,5,100,25,25,0,50,25,29,29,17
debutant_0271,3,True,positioning_synthetic_v1,debutant,20,20,4,100,25,0,50,25,0,57,0,0
debutant_0271,4,True,positioning_synthetic_v1,debutant,25,20,5,100,0,25,25,50,25,29,29,17
debutant_0272,1,True,positioning_synthetic_v1,debutant,25,20,5,100,25,0,0,50,50,43,29,0
debutant_0272,2,True,positioning_synthetic_v1,debutant,40,20,8,100,50,50,50,25,25,57,29,33
debutant_0272,3,True,positioning_synthetic_v1,debutant,35,20,7,100,50,0,25,25,75,43,29,33
debutant_0272,4,True,positioning_synthetic_v1,debutant,30,20,6,100,50,0,0,50,50,43,43,0
debutant_0273,1,True,positioning_synthetic_v1,debutant,25,20,5,100,25,25,50,0,25,43,14,17
debutant_0273,2,True,positioning_synthetic_v1,debutant,25,20,5,100,75,25,0,25,0,43,29,0
debutant_0273,3,True,positioning_synthetic_v1,debutant,40,20,8,100,50,25,75,25,25,57,43,17
debutant_0273,4,True,positioning_synthetic_v1,debutant,25,20,5,100,75,0,25,0,25,57,14,0
debutant_0274,1,True,positioning_synthetic_v1,debutant,10,20,2,100,25,0,0,25,0,14,14,0
debutant_0274,2,True,positioning_synthetic_v1,debutant,15,20,3,100,0,0,50,0,25,43,0,0
debutant_0274,3,True,positioning_synthetic_v1,debutant,15,20,3,100,25,25,0,0,25,43,0,0
debutant_0274,4,True,positioning_synthetic_v1,debutant,20,20,4,100,0,25,0,25,50,29,14,17
debutant_0275,1,True,positioning_synthetic_v1,debutant,5,20,1,100,0,0,0,25,0,0,14,0
debutant_0275,2,True,positioning_synthetic_v1,debutant,20,20,4,100,25,50,0,25,0,43,0,17
debutant_0275,3,True,positioning_synthetic_v1,debutant,5,20,1,100,0,0,0,25,0,14,0,0
debutant_0275,4,True,positioning_synthetic_v1,debutant,10,20,2,100,0,0,25,25,0,14,0,17
debutant_0276,1,True,positioning_synthetic_v1,debutant,15,20,3,100,25,25,0,0,25,14,14,17
debutant_0276,2,True,positioning_synthetic_v1,debutant,25,20,5,100,50,25,25,25,0,57,14,0
debutant_0276,3,True,positioning_synthetic_v1,debutant,35,20,7,100,25,0,25,75,50,71,29,0
debutant_0276,4,True,positioning_synthetic_v1,debutant,20,20,4,100,25,50,25,0,0,57,0,0
debutant_0277,1,True,positioning_synthetic_v1,debutant,50,20,10,100,25,50,25,50,100,57,57,33
debutant_0277,2,True,positioning_synthetic_v1,debutant,35,20,7,100,0,25,100,50,0,29,43,33
debutant_0277,3,True,positioning_synthetic_v1,debutant,25,20,5,100,0,25,25,25,50,14,43,17
debutant_0277,4,True,positioning_synthetic_v1,debutant,30,20,6,100,0,25,50,25,50,43,29,17
debutant_0278,1,True,positioning_synthetic_v1,debutant,10,20,2,100,25,0,0,0,25,14,14,0
debutant_0278,2,True,positioning_synthetic_v1,debutant,0,20,0,100,0,0,0,0,0,0,0,0
debutant_0278,3,True,positioning_synthetic_v1,debutant,30,20,6,100,25,25,50,0,50,29,29,33
debutant_0278,4,True,positioning_synthetic_v1,debutant,25,20,5,100,25,50,0,25,25,71,0,0
debutant_0279,1,True,positioning_synthetic_v1,debutant,10,20,2,100,0,0,0,25,25,14,0,17
debutant_0279,2,True,positioning_synthetic_v1,debutant,25,20,5,100,25,25,25,0,50,43,0,33
debutant_0279,3,True,positioning_synthetic_v1,debutant,10,20,2,100,0,0,25,0,25,29,0,0
debutant_0279,4,True,positioning_synthetic_v1,debutant,15,20,3,100,25,0,25,25,0,43,0,0
debutant_0280,1,True,positioning_synthetic_v1,debutant,30,20,6,100,25,50,25,25,25,43,43,0
debutant_0280,2,True,positioning_synthetic_v1,debutant,20,20,4,100,25,0,50,25,0,43,14,0
debutant_0280,3,True,positioning_synthetic_v1,debutant,25,20,5,100,0,25,25,50,25,43,14,17
debutant_0280,4,True,positioning_synthetic_v1,debutant,40,20,8,100,0,50,50,50,50,29,29,67
debutant_0281,1,True,positioning_synthetic_v1,debutant,20,20,4,100,25,25,25,25,0,43,14,0
debutant_0281,2,True,positioning_synthetic_v1,debutant,25,20,5,100,0,25,25,25,50,57,14,0
debutant_0281,3,True,positioning_synthetic_v1,debutant,30,20,6,100,50,25,50,0,25,29,29,33
debutant_0281,4,True,positioning_synthetic_v1,debutant,15,20,3,100,0,50,25,0,0,29,14,0
debutant_0282,1,True,positioning_synthetic_v1,debutant,15,20,3,100,25,25,25,0,0,14,14,17
debutant_0282,2,True,positioning_synthetic_v1,debutant,20,20,4,100,25,25,0,25,25,43,14,0
debutant_0282,3,True,positioning_synthetic_v1,debutant,25,20,5,100,25,25,50,0,25,43,0,33
debutant_0282,4,True,positioning_synthetic_v1,debutant,20,20,4,100,25,25,25,25,0,43,14,0
debutant_0283,1,True,positioning_synthetic_v1,debutant,35,20,7,100,50,50,25,50,0,57,43,0
debutant_0283,2,True,positioning_synthetic_v1,debutant,30,20,6,100,50,25,50,0,25,57,29,0
debutant_0283,3,True,positioning_synthetic_v1,debutant,25,20,5,100,50,50,0,0,25,43,14,17
debutant_0283,4,True,positioning_synthetic_v1,debutant,60,20,12,100,75,75,50,50,50,86,57,33
debutant_0284,1,True,positioning_synthetic_v1,debutant,40,20,8,100,75,50,0,50,25,86,29,0
debutant_0284,2,True,positioning_synthetic_v1,debutant,30,20,6,100,25,50,25,25,25,29,29,33
debutant_0284,3,True,positioning_synthetic_v1,debutant,40,20,8,100,25,50,25,50,50,57,29,33
debutant_0284,4,True,positioning_synthetic_v1,debutant,30,20,6,100,50,25,25,25,25,29,43,17
debutant_0285,1,True,positioning_synthetic_v1,debutant,25,20,5,100,0,0,0,75,50,29,29,17
debutant_0285,2,True,positioning_synthetic_v1,debutant,40,20,8,100,50,50,0,75,25,57,29,33
debutant_0285,3,True,positioning_synthetic_v1,debutant,30,20,6,100,0,0,25,50,75,43,14,33
debutant_0285,4,True,positioning_synthetic_v1,debutant,10,20,2,100,0,0,25,25,0,14,0,17
debutant_0286,1,True,positioning_synthetic_v1,debutant,40,20,8,100,25,25,75,25,50,71,29,17
debutant_0286,2,True,positioning_synthetic_v1,debutant,30,20,6,100,50,0,25,50,25,57,14,17
debutant_0286,3,True,positioning_synthetic_v1,debutant,35,20,7,100,50,0,0,100,25,57,29,17
debutant_0286,4,True,positioning_synthetic_v1,debutant,15,20,3,100,25,0,0,25,25,14,14,17
debutant_0287,1,True,positioning_synthetic_v1,debutant,20,20,4,100,50,25,0,25,0,43,14,0
debutant_0287,2,True,positioning_synthetic_v1,debutant,25,20,5,100,25,75,0,0,25,29,0,50
debutant_0287,3,True,positioning_synthetic_v1,debutant,15,20,3,100,25,25,0,25,0,29,14,0
debutant_0287,4,True,positioning_synthetic_v1,debutant,20,20,4,100,50,0,25,0,25,43,14,0
debutant_0288,1,True,positioning_synthetic_v1,debutant,35,20,7,100,25,75,25,0,50,57,29,17
debutant_0288,2,True,positioning_synthetic_v1,debutant,40,20,8,100,25,50,0,50,75,57,14,50
debutant_0288,3,True,positioning_synthetic_v1,debutant,25,20,5,100,25,50,25,25,0,14,43,17
debutant_0288,4,True,positioning_synthetic_v1,debutant,40,20,8,100,0,50,50,75,25,57,29,33
debutant_0289,1,True,positioning_synthetic_v1,debutant,20,20,4,100,0,25,25,50,0,29,14,17
debutant_0289,2,True,positioning_synthetic_v1,debutant,15,20,3,100,0,0,25,0,50,29,0,17
debutant_0289,3,True,positioning_synthetic_v1,debutant,20,20,4,100,25,25,0,25,25,43,14,0
debutant_0289,4,True,positioning_synthetic_v1,debutant,5,20,1,100,0,0,0,25,0,14,0,0
debutant_0290,1,True,positioning_synthetic_v1,debutant,15,20,3,100,0,25,0,50,0,29,14,0
debutant_0290,2,True,positioning_synthetic_v1,debutant,25,20,5,100,50,0,25,25,25,29,43,0
debutant_0290,3,True,positioning_synthetic_v1,debutant,30,20,6,100,25,25,25,25,50,43,14,33
debutant_0290,4,True,positioning_synthetic_v1,debutant,20,20,4,100,50,0,0,25,25,29,29,0
debutant_0291,1,True,positioning_synthetic_v1,debutant,15,20,3,100,0,25,25,0,25,14,14,17
debutant_0291,2,True,positioning_synthetic_v1,debutant,15,20,3,100,25,25,0,0,25,14,29,0
debutant_0291,3,True,positioning_synthetic_v1,debutant,15,20,3,100,25,0,25,0,25,29,0,17
debutant_0291,4,True,positioning_synthetic_v1,debutant,20,20,4,100,25,50,0,0,25,29,0,33
debutant_0292,1,True,positioning_synthetic_v1,debutant,20,20,4,100,0,25,25,50,0,29,29,0
debutant_0292,2,True,positioning_synthetic_v1,debutant,25,20,5,100,25,25,25,0,50,43,29,0
debutant_0292,3,True,positioning_synthetic_v1,debutant,10,20,2,100,0,25,25,0,0,29,0,0
debutant_0292,4,True,positioning_synthetic_v1,debutant,10,20,2,100,0,25,0,25,0,29,0,0
debutant_0293,1,True,positioning_synthetic_v1,debutant,15,20,3,100,0,0,0,50,25,29,0,17
debutant_0293,2,True,positioning_synthetic_v1,debutant,25,20,5,100,25,75,0,25,0,29,43,0
debutant_0293,3,True,positioning_synthetic_v1,debutant,45,20,9,100,50,75,25,50,25,57,43,33
debutant_0293,4,True,positioning_synthetic_v1,debutant,5,20,1,100,25,0,0,0,0,0,14,0
debutant_0294,1,True,positioning_synthetic_v1,debutant,35,20,7,100,25,50,25,50,25,43,43,17
debutant_0294,2,True,positioning_synthetic_v1,debutant,30,20,6,100,0,25,50,50,25,57,14,17
debutant_0294,3,True,positioning_synthetic_v1,debutant,55,20,11,100,50,75,50,75,25,100,43,17
debutant_0294,4,True,positioning_synthetic_v1,debutant,50,20,10,100,25,50,75,75,25,86,57,0
debutant_0295,1,True,positioning_synthetic_v1,debutant,10,20,2,100,0,0,0,25,25,14,14,0
debutant_0295,2,True,positioning_synthetic_v1,debutant,10,20,2,100,0,0,0,0,50,14,0,17
debutant_0295,3,True,positioning_synthetic_v1,debutant,15,20,3,100,25,50,0,0,0,29,14,0
debutant_0295,4,True,positioning_synthetic_v1,debutant,20,20,4,100,25,0,25,50,0,14,29,17
debutant_0296,1,True,positioning_synthetic_v1,debutant,20,20,4,100,50,0,0,0,50,43,0,17
debutant_0296,2,True,positioning_synthetic_v1,debutant,25,20,5,100,50,25,0,0,50,14,29,33
debutant_0296,3,True,positioning_synthetic_v1,debutant,25,20,5,100,25,75,25,0,0,29,29,17
debutant_0296,4,True,positioning_synthetic_v1,debutant,15,20,3,100,0,0,50,25,0,14,14,17
debutant_0297,1,True,positioning_synthetic_v1,debutant,40,20,8,100,50,50,50,0,50,86,29,0
debutant_0297,2,True,positioning_synthetic_v1,debutant,35,20,7,100,25,50,0,50,50,43,43,17
debutant_0297,3,True,positioning_synthetic_v1,debutant,25,20,5,100,0,25,0,50,50,43,14,17
debutant_0297,4,True,positioning_synthetic_v1,debutant,30,20,6,100,50,75,0,0,25,57,14,17
debutant_0298,1,True,positioning_synthetic_v1,debutant,25,20,5,100,50,25,25,25,0,43,14,17
debutant_0298,2,True,positioning_synthetic_v1,debutant,40,20,8,100,50,75,0,0,75,57,43,17
debutant_0298,3,True,positioning_synthetic_v1,debutant,45,20,9,100,75,50,25,0,75,71,43,17
debutant_0298,4,True,positioning_synthetic_v1,debutant,30,20,6,100,0,25,50,25,50,29,43,17
debutant_0299,1,True,positioning_synthetic_v1,debutant,20,20,4,100,25,0,25,0,50,14,14,33
debutant_0299,2,True,positioning_synthetic_v1,debutant,15,20,3,100,0,50,0,0,25,29,14,0
debutant_0299,3,True,positioning_synthetic_v1,debutant,40,20,8,100,50,50,25,25,50,29,14,83
debutant_0299,4,True,positioning_synthetic_v1,debutant,35,20,7,100,25,25,25,25,75,71,14,17
debutant_0300,1,True,positioning_synthetic_v1,debutant,40,20,8,100,75,25,25,50,25,71,29,17
debutant_0300,2,True,positioning_synthetic_v1,debutant,25,20,5,100,0,0,75,25,25,43,14,17
debutant_0300,3,True,positioning_synthetic_v1,debutant,20,20,4,100,0,25,0,50,25,29,29,0
debutant_0300,4,True,positioning_synthetic_v1,debutant,35,20,7,100,50,25,25,50,25,43,43,17
debutant_0301,1,True,positioning_synthetic_v1,debutant,10,20,2,100,25,0,25,0,0,14,14,0
debutant_0301,2,True,positioning_synthetic_v1,debutant,20,20,4,100,50,0,0,25,25,14,29,17
debutant_0301,3,True,positioning_synthetic_v1,debutant,30,20,6,100,0,50,0,50,50,43,29,17
debutant_0301,4,True,positioning_synthetic_v1,debutant,5,20,1,100,0,0,0,25,0,14,0,0
debutant_0302,1,True,positioning_synthetic_v1,debutant,20,20,4,100,0,25,25,25,25,14,29,17
debutant_0302,2,True,positioning_synthetic_v1,debutant,25,20,5,100,0,25,25,50,25,43,14,17
debutant_0302,3,True,positioning_synthetic_v1,debutant,30,20,6,100,0,50,50,25,25,14,57,17
debutant_0302,4,True,positioning_synthetic_v1,debutant,35,20,7,100,25,0,25,50,75,43,29,33
debutant_0303,1,True,positioning_synthetic_v1,debutant,35,20,7,100,25,0,25,50,75,71,29,0
debutant_0303,2,True,positioning_synthetic_v1,debutant,40,20,8,100,25,25,75,25,50,71,29,17
debutant_0303,3,True,positioning_synthetic_v1,debutant,35,20,7,100,25,25,50,50,25,57,29,17
debutant_0303,4,True,positioning_synthetic_v1,debutant,40,20,8,100,25,50,75,50,0,57,29,33
debutant_0304,1,True,positioning_synthetic_v1,debutant,25,20,5,100,0,25,50,25,25,57,14,0
debutant_0304,2,True,positioning_synthetic_v1,debutant,20,20,4,100,50,25,0,0,25,29,29,0
debutant_0304,3,True,positioning_synthetic_v1,debutant,25,20,5,100,25,0,25,50,25,43,14,17
debutant_0304,4,True,positioning_synthetic_v1,debutant,30,20,6,100,25,25,25,25,50,43,43,0
debutant_0305,1,True,positioning_synthetic_v1,debutant,20,20,4,100,25,50,0,25,0,14,29,17
debutant_0305,2,True,positioning_synthetic_v1,debutant,30,20,6,100,25,75,0,25,25,29,29,33
debutant_0305,3,True,positioning_synthetic_v1,debutant,35,20,7,100,75,50,50,0,0,71,14,17
debutant_0305,4,True,positioning_synthetic_v1,debutant,20,20,4,100,50,0,25,0,25,43,14,0
debutant_0306,1,True,positioning_synthetic_v1,debutant,5,20,1,100,25,0,0,0,0,0,14,0
debutant_0306,2,True,positioning_synthetic_v1,debutant,20,20,4,100,0,50,25,25,0,43,14,0
debutant_0306,3,True,positioning_synthetic_v1,debutant,20,20,4,100,25,25,0,25,25,29,14,17
debutant_0306,4,True,positioning_synthetic_v1,debutant,10,20,2,100,50,0,0,0,0,0,14,17
debutant_0307,1,True,positioning_synthetic_v1,debutant,30,20,6,100,25,25,50,0,50,29,43,17
debutant_0307,2,True,positioning_synthetic_v1,debutant,20,20,4,100,25,0,0,25,50,14,43,0
debutant_0307,3,True,positioning_synthetic_v1,debutant,30,20,6,100,25,25,50,25,25,43,0,50
debutant_0307,4,True,positioning_synthetic_v1,debutant,15,20,3,100,0,25,25,25,0,14,14,17
debutant_0308,1,True,positioning_synthetic_v1,debutant,10,20,2,100,0,25,0,0,25,14,0,17
debutant_0308,2,True,positioning_synthetic_v1,debutant,10,20,2,100,25,0,0,0,25,14,14,0
debutant_0308,3,True,positioning_synthetic_v1,debutant,10,20,2,100,0,25,25,0,0,14,14,0
debutant_0308,4,True,positioning_synthetic_v1,debutant,15,20,3,100,0,25,25,25,0,29,0,17
debutant_0309,1,True,positioning_synthetic_v1,debutant,20,20,4,100,25,0,0,50,25,43,14,0
debutant_0309,2,True,positioning_synthetic_v1,debutant,35,20,7,100,25,0,25,50,75,57,14,33
debutant_0309,3,True,positioning_synthetic_v1,debutant,30,20,6,100,25,50,25,0,50,43,14,33
debutant_0309,4,True,positioning_synthetic_v1,debutant,15,20,3,100,25,0,50,0,0,43,0,0
debutant_0310,1,True,positioning_synthetic_v1,debutant,35,20,7,100,25,50,25,0,75,57,29,17
debutant_0310,2,True,positioning_synthetic_v1,debutant,30,20,6,100,50,25,25,0,50,57,29,0
debutant_0310,3,True,positioning_synthetic_v1,debutant,45,20,9,100,75,25,0,50,75,57,43,33
debutant_0310,4,True,positioning_synthetic_v1,debutant,45,20,9,100,50,50,50,25,50,100,14,17
debutant_0311,1,True,positioning_synthetic_v1,debutant,25,20,5,100,50,25,0,25,25,57,14,0
debutant_0311,2,True,positioning_synthetic_v1,debutant,30,20,6,100,50,50,25,0,25,14,57,17
debutant_0311,3,True,positioning_synthetic_v1,debutant,25,20,5,100,25,25,25,25,25,14,29,33
debutant_0311,4,True,positioning_synthetic_v1,debutant,5,20,1,100,0,25,0,0,0,0,14,0
debutant_0312,1,True,positioning_synthetic_v1,debutant,20,20,4,100,0,50,0,25,25,43,14,0
debutant_0312,2,True,positioning_synthetic_v1,debutant,30,20,6,100,25,25,50,50,0,57,29,0
debutant_0312,3,True,positioning_synthetic_v1,debutant,35,20,7,100,25,50,25,0,75,43,43,17
debutant_0312,4,True,positioning_synthetic_v1,debutant,20,20,4,100,50,0,25,25,0,43,14,0
debutant_0313,1,True,positioning_synthetic_v1,debutant,50,20,10,100,75,50,75,50,0,71,43,33
debutant_0313,2,True,positioning_synthetic_v1,debutant,25,20,5,100,0,100,0,25,0,29,29,17
debutant_0313,3,True,positioning_synthetic_v1,debutant,15,20,3,100,0,50,25,0,0,14,14,17
debutant_0313,4,True,positioning_synthetic_v1,debutant,35,20,7,100,50,25,50,0,50,71,29,0
debutant_0314,1,True,positioning_synthetic_v1,debutant,25,20,5,100,25,25,25,25,25,57,14,0
debutant_0314,2,True,positioning_synthetic_v1,debutant,20,20,4,100,25,0,25,50,0,43,14,0
debutant_0314,3,True,positioning_synthetic_v1,debutant,20,20,4,100,0,25,25,50,0,43,0,17
debutant_0314,4,True,positioning_synthetic_v1,debutant,35,20,7,100,25,50,50,50,0,57,14,33
debutant_0315,1,True,positioning_synthetic_v1,debutant,40,20,8,100,25,50,0,75,50,71,43,0
debutant_0315,2,True,positioning_synthetic_v1,debutant,30,20,6,100,50,25,25,25,25,29,43,17
debutant_0315,3,True,positioning_synthetic_v1,debutant,40,20,8,100,25,25,50,25,75,29,71,17
debutant_0315,4,True,positioning_synthetic_v1,debutant,45,20,9,100,50,75,75,0,25,86,43,0
debutant_0316,1,True,positioning_synthetic_v1,debutant,25,20,5,100,25,50,25,0,25,71,0,0
debutant_0316,2,True,positioning_synthetic_v1,debutant,20,20,4,100,0,25,25,0,50,29,29,0
debutant_0316,3,True,positioning_synthetic_v1,debutant,60,20,12,100,50,100,25,100,25,57,71,50
debutant_0316,4,True,positioning_synthetic_v1,debutant,20,20,4,100,25,0,0,75,0,14,43,0
debutant_0317,1,True,positioning_synthetic_v1,debutant,15,20,3,100,25,0,0,25,25,29,0,17
debutant_0317,2,True,positioning_synthetic_v1,debutant,15,20,3,100,0,50,0,0,25,29,0,17
debutant_0317,3,True,positioning_synthetic_v1,debutant,40,20,8,100,50,50,25,50,25,57,43,17
debutant_0317,4,True,positioning_synthetic_v1,debutant,50,20,10,100,50,50,75,25,50,43,57,50
debutant_0318,1,True,positioning_synthetic_v1,debutant,40,20,8,100,50,50,0,25,75,57,43,17
debutant_0318,2,True,positioning_synthetic_v1,debutant,40,20,8,100,25,25,75,25,50,29,57,33
debutant_0318,3,True,positioning_synthetic_v1,debutant,65,20,13,100,75,100,25,75,50,71,71,50
debutant_0318,4,True,positioning_synthetic_v1,debutant,30,20,6,100,0,50,25,50,25,57,14,17
debutant_0319,1,True,positioning_synthetic_v1,debutant,15,20,3,100,0,50,25,0,0,0,29,17
debutant_0319,2,True,positioning_synthetic_v1,debutant,20,20,4,100,25,50,0,0,25,29,29,0
debutant_0319,3,True,positioning_synthetic_v1,debutant,30,20,6,100,50,0,50,25,25,29,29,33
debutant_0319,4,True,positioning_synthetic_v1,debutant,25,20,5,100,0,0,50,25,50,29,29,17
debutant_0320,1,True,positioning_synthetic_v1,debutant,35,20,7,100,25,25,50,25,50,57,29,17
debutant_0320,2,True,positioning_synthetic_v1,debutant,35,20,7,100,0,50,25,50,50,29,29,50
debutant_0320,3,True,positioning_synthetic_v1,debutant,15,20,3,100,25,0,0,50,0,43,0,0
debutant_0320,4,True,positioning_synthetic_v1,debutant,25,20,5,100,50,0,0,50,25,43,29,0
debutant_0321,1,True,positioning_synthetic_v1,debutant,5,20,1,100,0,0,0,25,0,0,14,0
debutant_0321,2,True,positioning_synthetic_v1,debutant,20,20,4,100,25,25,25,25,0,57,0,0
debutant_0321,3,True,positioning_synthetic_v1,debutant,40,20,8,100,25,25,50,50,50,57,43,17
debutant_0321,4,True,positioning_synthetic_v1,debutant,25,20,5,100,25,25,25,25,25,29,29,17
debutant_0322,1,True,positioning_synthetic_v1,debutant,15,20,3,100,25,0,0,25,25,29,0,17
debutant_0322,2,True,positioning_synthetic_v1,debutant,20,20,4,100,25,25,25,25,0,43,14,0
debutant_0322,3,True,positioning_synthetic_v1,debutant,50,20,10,100,75,50,25,50,50,86,43,17
debutant_0322,4,True,positioning_synthetic_v1,debutant,25,20,5,100,0,25,25,50,25,43,14,17
debutant_0323,1,True,positioning_synthetic_v1,debutant,10,20,2,100,0,0,25,0,25,29,0,0
debutant_0323,2,True,positioning_synthetic_v1,debutant,35,20,7,100,75,25,25,25,25,71,14,17
debutant_0323,3,True,positioning_synthetic_v1,debutant,25,20,5,100,25,25,25,25,25,29,14,33
debutant_0323,4,True,positioning_synthetic_v1,debutant,25,20,5,100,25,0,50,25,25,43,14,17
debutant_0324,1,True,positioning_synthetic_v1,debutant,50,20,10,100,50,50,75,50,25,43,71,33
debutant_0324,2,True,positioning_synthetic_v1,debutant,25,20,5,100,0,25,25,50,25,71,0,0
debutant_0324,3,True,positioning_synthetic_v1,debutant,55,20,11,100,50,100,50,50,25,71,57,33
debutant_0324,4,True,positioning_synthetic_v1,debutant,40,20,8,100,50,50,50,0,50,57,29,33
debutant_0325,1,True,positioning_synthetic_v1,debutant,20,20,4,100,0,0,50,0,50,43,14,0
debutant_0325,2,True,positioning_synthetic_v1,debutant,35,20,7,100,25,50,25,25,50,29,29,50
debutant_0325,3,True,positioning_synthetic_v1,debutant,35,20,7,100,50,50,25,25,25,71,14,17
debutant_0325,4,True,positioning_synthetic_v1,debutant,35,20,7,100,25,75,25,25,25,86,14,0
debutant_0326,1,True,positioning_synthetic_v1,debutant,25,20,5,100,0,0,50,0,75,29,43,0
debutant_0326,2,True,positioning_synthetic_v1,debutant,10,20,2,100,0,0,25,0,25,29,0,0
debutant_0326,3,True,positioning_synthetic_v1,debutant,15,20,3,100,0,25,25,0,25,43,0,0
debutant_0326,4,True,positioning_synthetic_v1,debutant,15,20,3,100,0,25,25,25,0,29,0,17
debutant_0327,1,True,positioning_synthetic_v1,debutant,45,20,9,100,75,25,50,0,75,71,43,17
debutant_0327,2,True,positioning_synthetic_v1,debutant,40,20,8,100,75,0,50,75,0,43,43,33
debutant_0327,3,True,positioning_synthetic_v1,debutant,35,20,7,100,50,25,25,25,50,43,43,17
debutant_0327,4,True,positioning_synthetic_v1,debutant,20,20,4,100,25,0,25,0,50,57,0,0
debutant_0328,1,True,positioning_synthetic_v1,debutant,25,20,5,100,25,0,50,25,25,43,0,33
debutant_0328,2,True,positioning_synthetic_v1,debutant,20,20,4,100,50,25,0,0,25,57,0,0
debutant_0328,3,True,positioning_synthetic_v1,debutant,35,20,7,100,50,25,25,25,50,57,29,17
debutant_0328,4,True,positioning_synthetic_v1,debutant,15,20,3,100,0,0,0,25,50,29,0,17
debutant_0329,1,True,positioning_synthetic_v1,debutant,50,20,10,100,50,50,50,75,25,71,43,33
debutant_0329,2,True,positioning_synthetic_v1,debutant,40,20,8,100,0,75,75,0,50,29,71,17
debutant_0329,3,True,positioning_synthetic_v1,debutant,40,20,8,100,75,25,50,25,25,43,43,33
debutant_0329,4,True,positioning_synthetic_v1,debutant,45,20,9,100,25,50,50,50,50,57,43,33
debutant_0330,1,True,positioning_synthetic_v1,debutant,10,20,2,100,0,25,0,25,0,14,14,0
debutant_0330,2,True,positioning_synthetic_v1,debutant,5,20,1,100,0,0,0,0,25,0,14,0
debutant_0330,3,True,positioning_synthetic_v1,debutant,5,20,1,100,0,0,25,0,0,14,0,0
debutant_0330,4,True,positioning_synthetic_v1,debutant,15,20,3,100,0,0,50,25,0,14,14,17
debutant_0331,1,True,positioning_synthetic_v1,debutant,20,20,4,100,50,0,25,0,25,43,0,17
debutant_0331,2,True,positioning_synthetic_v1,debutant,20,20,4,100,50,0,25,25,0,29,14,17
debutant_0331,3,True,positioning_synthetic_v1,debutant,40,20,8,100,25,50,75,50,0,57,43,17
debutant_0331,4,True,positioning_synthetic_v1,debutant,30,20,6,100,25,25,25,50,25,43,14,33
debutant_0332,1,True,positioning_synthetic_v1,debutant,15,20,3,100,25,25,25,0,0,29,14,0
debutant_0332,2,True,positioning_synthetic_v1,debutant,25,20,5,100,50,25,0,25,25,43,14,17
debutant_0332,3,True,positioning_synthetic_v1,debutant,20,20,4,100,0,25,25,50,0,43,14,0
debutant_0332,4,True,positioning_synthetic_v1,debutant,5,20,1,100,0,0,25,0,0,0,0,17
debutant_0333,1,True,positioning_synthetic_v1,debutant,20,20,4,100,25,25,50,0,0,14,43,0
debutant_0333,2,True,positioning_synthetic_v1,debutant,30,20,6,100,25,25,50,0,50,57,29,0
debutant_0333,3,True,positioning_synthetic_v1,debutant,25,20,5,100,0,50,50,25,0,29,29,17
debutant_0333,4,True,positioning_synthetic_v1,debutant,35,20,7,100,25,25,50,50,25,43,43,17
debutant_0334,1,True,positioning_synthetic_v1,debutant,45,20,9,100,75,25,50,25,50,86,43,0
debutant_0334,2,True,positioning_synthetic_v1,debutant,10,20,2,100,0,0,0,50,0,14,0,17
debutant_0334,3,True,positioning_synthetic_v1,debutant,15,20,3,100,0,25,0,25,25,29,14,0
debutant_0334,4,True,positioning_synthetic_v1,debutant,25,20,5,100,25,0,25,50,25,43,29,0
debutant_0335,1,True,positioning_synthetic_v1,debutant,20,20,4,100,0,0,25,50,25,57,0,0
debutant_0335,2,True,positioning_synthetic_v1,debutant,20,20,4,100,25,25,25,0,25,29,29,0
debutant_0335,3,True,positioning_synthetic_v1,debutant,10,20,2,100,0,0,0,25,25,14,14,0
debutant_0335,4,True,positioning_synthetic_v1,debutant,20,20,4,100,25,25,25,0,25,43,14,0
debutant_0336,1,True,positioning_synthetic_v1,debutant,25,20,5,100,75,0,25,0,25,29,29,17
debutant_0336,2,True,positioning_synthetic_v1,debutant,20,20,4,100,50,25,25,0,0,14,29,17
debutant_0336,3,True,positioning_synthetic_v1,debutant,25,20,5,100,25,25,0,50,25,57,14,0
debutant_0336,4,True,positioning_synthetic_v1,debutant,35,20,7,100,25,50,75,0,25,43,43,17
debutant_0337,1,True,positioning_synthetic_v1,debutant,10,20,2,100,25,0,0,0,25,0,14,17
debutant_0337,2,True,positioning_synthetic_v1,debutant,5,20,1,100,25,0,0,0,0,0,14,0
debutant_0337,3,True,positioning_synthetic_v1,debutant,20,20,4,100,50,0,0,0,50,29,0,33
debutant_0337,4,True,positioning_synthetic_v1,debutant,5,20,1,100,25,0,0,0,0,0,0,17
debutant_0338,1,True,positioning_synthetic_v1,debutant,30,20,6,100,25,25,25,50,25,29,29,33
debutant_0338,2,True,positioning_synthetic_v1,debutant,40,20,8,100,0,25,25,75,75,43,29,50
debutant_0338,3,True,positioning_synthetic_v1,debutant,35,20,7,100,25,50,25,25,50,71,29,0
debutant_0338,4,True,positioning_synthetic_v1,debutant,25,20,5,100,25,25,0,25,50,57,0,17
debutant_0339,1,True,positioning_synthetic_v1,debutant,25,20,5,100,0,25,50,0,50,43,29,0
debutant_0339,2,True,positioning_synthetic_v1,debutant,15,20,3,100,0,0,0,25,50,14,14,17
debutant_0339,3,True,positioning_synthetic_v1,debutant,5,20,1,100,0,0,0,0,25,14,0,0
debutant_0339,4,True,positioning_synthetic_v1,debutant,15,20,3,100,25,25,25,0,0,29,14,0
debutant_0340,1,True,positioning_synthetic_v1,debutant,35,20,7,100,25,25,50,75,0,71,14,17
debutant_0340,2,True,positioning_synthetic_v1,debutant,25,20,5,100,0,50,25,25,25,29,29,17
debutant_0340,3,True,positioning_synthetic_v1,debutant,40,20,8,100,75,25,50,25,25,86,29,0
debutant_0340,4,True,positioning_synthetic_v1,debutant,20,20,4,100,0,25,25,50,0,29,29,0
debutant_0341,1,True,positioning_synthetic_v1,debutant,35,20,7,100,75,0,25,25,50,57,14,33
debutant_0341,2,True,positioning_synthetic_v1,debutant,40,20,8,100,25,50,50,75,0,86,29,0
debutant_0341,3,True,positioning_synthetic_v1,debutant,40,20,8,100,25,25,75,25,50,71,29,17
debutant_0341,4,True,positioning_synthetic_v1,debutant,45,20,9,100,25,50,75,25,50,57,57,17
debutant_0342,1,True,positioning_synthetic_v1,debutant,30,20,6,100,0,25,50,50,25,71,14,0
debutant_0342,2,True,positioning_synthetic_v1,debutant,25,20,5,100,25,25,75,0,0,14,29,33
debutant_0342,3,True,positioning_synthetic_v1,debutant,30,20,6,100,25,50,0,25,50,14,29,50
debutant_0342,4,True,positioning_synthetic_v1,debutant,30,20,6,100,0,25,25,75,25,14,29,50
debutant_0343,1,True,positioning_synthetic_v1,debutant,30,20,6,100,50,25,25,25,25,71,0,17
debutant_0343,2,True,positioning_synthetic_v1,debutant,35,20,7,100,25,100,0,25,25,43,43,17
debutant_0343,3,True,positioning_synthetic_v1,debutant,20,20,4,100,50,0,25,0,25,29,29,0
debutant_0343,4,True,positioning_synthetic_v1,debutant,30,20,6,100,50,25,0,0,75,43,29,17
debutant_0344,1,True,positioning_synthetic_v1,debutant,35,20,7,100,50,50,0,0,75,43,43,17
debutant_0344,2,True,positioning_synthetic_v1,debutant,30,20,6,100,25,25,25,75,0,43,43,0
debutant_0344,3,True,positioning_synthetic_v1,debutant,35,20,7,100,50,50,25,25,25,57,29,17
debutant_0344,4,True,positioning_synthetic_v1,debutant,30,20,6,100,25,50,25,50,0,43,29,17
debutant_0345,1,True,positioning_synthetic_v1,debutant,40,20,8,100,50,25,25,25,75,71,29,17
debutant_0345,2,True,positioning_synthetic_v1,debutant,25,20,5,100,0,50,25,25,25,57,14,0
debutant_0345,3,True,positioning_synthetic_v1,debutant,10,20,2,100,25,0,0,0,25,14,0,17
debutant_0345,4,True,positioning_synthetic_v1,debutant,25,20,5,100,25,25,25,25,25,43,0,33
debutant_0346,1,True,positioning_synthetic_v1,debutant,35,20,7,100,50,50,25,25,25,29,43,33
debutant_0346,2,True,positioning_synthetic_v1,debutant,50,20,10,100,25,75,75,50,25,71,57,17
debutant_0346,3,True,positioning_synthetic_v1,debutant,35,20,7,100,50,50,50,0,25,43,29,33
debutant_0346,4,True,positioning_synthetic_v1,debutant,5,20,1,100,0,0,25,0,0,14,0,0
debutant_0347,1,True,positioning_synthetic_v1,debutant,20,20,4,100,0,25,0,75,0,29,29,0
debutant_0347,2,True,positioning_synthetic_v1,debutant,25,20,5,100,75,0,0,50,0,29,14,33
debutant_0347,3,True,positioning_synthetic_v1,debutant,25,20,5,100,50,0,25,0,50,43,14,17
debutant_0347,4,True,positioning_synthetic_v1,debutant,30,20,6,100,25,0,50,25,50,43,14,33
debutant_0348,1,True,positioning_synthetic_v1,debutant,15,20,3,100,25,50,0,0,0,14,29,0
debutant_0348,2,True,positioning_synthetic_v1,debutant,20,20,4,100,50,0,0,0,50,29,29,0
debutant_0348,3,True,positioning_synthetic_v1,debutant,25,20,5,100,0,0,25,50,50,57,14,0
debutant_0348,4,True,positioning_synthetic_v1,debutant,35,20,7,100,50,25,25,50,25,29,29,50
debutant_0349,1,True,positioning_synthetic_v1,debutant,20,20,4,100,25,25,25,0,25,29,29,0
debutant_0349,2,True,positioning_synthetic_v1,debutant,20,20,4,100,25,25,0,25,25,29,29,0
debutant_0349,3,True,positioning_synthetic_v1,debutant,25,20,5,100,0,0,75,25,25,43,14,17
debutant_0349,4,True,positioning_synthetic_v1,debutant,35,20,7,100,50,0,50,50,25,57,29,17
debutant_0350,1,True,positioning_synthetic_v1,debutant,20,20,4,100,0,25,0,50,25,43,14,0
debutant_0350,2,True,positioning_synthetic_v1,debutant,30,20,6,100,0,25,75,0,50,57,29,0
debutant_0350,3,True,positioning_synthetic_v1,debutant,25,20,5,100,50,0,25,50,0,14,14,50
debutant_0350,4,True,positioning_synthetic_v1,debutant,40,20,8,100,50,25,25,50,50,57,29,33
debutant_0351,1,True,positioning_synthetic_v1,debutant,35,20,7,100,50,50,25,25,25,71,14,17
debutant_0351,2,True,positioning_synthetic_v1,debutant,30,20,6,100,0,25,25,75,25,29,43,17
debutant_0351,3,True,positioning_synthetic_v1,debutant,15,20,3,100,25,0,25,0,25,29,14,0
debutant_0351,4,True,positioning_synthetic_v1,debutant,30,20,6,100,25,25,50,25,25,57,14,17
debutant_0352,1,True,positioning_synthetic_v1,debutant,20,20,4,100,0,25,25,50,0,29,14,17
debutant_0352,2,True,positioning_synthetic_v1,debutant,15,20,3,100,0,25,0,0,50,43,0,0
debutant_0352,3,True,positioning_synthetic_v1,debutant,15,20,3,100,0,0,0,75,0,14,14,17
debutant_0352,4,True,positioning_synthetic_v1,debutant,10,20,2,100,25,25,0,0,0,29,0,0
debutant_0353,1,True,positioning_synthetic_v1,debutant,30,20,6,100,25,0,0,50,75,29,43,17
debutant_0353,2,True,positioning_synthetic_v1,debutant,10,20,2,100,25,0,0,0,25,29,0,0
debutant_0353,3,True,positioning_synthetic_v1,debutant,10,20,2,100,0,0,0,0,50,29,0,0
debutant_0353,4,True,positioning_synthetic_v1,debutant,15,20,3,100,50,0,0,25,0,29,14,0
debutant_0354,1,True,positioning_synthetic_v1,debutant,15,20,3,100,0,25,25,25,0,29,0,17
debutant_0354,2,True,positioning_synthetic_v1,debutant,45,20,9,100,75,50,50,0,50,29,57,50
debutant_0354,3,True,positioning_synthetic_v1,debutant,30,20,6,100,0,50,25,25,50,57,29,0
debutant_0354,4,True,positioning_synthetic_v1,debutant,25,20,5,100,25,25,25,25,25,57,14,0
debutant_0355,1,True,positioning_synthetic_v1,debutant,25,20,5,100,25,25,25,50,0,43,14,17
debutant_0355,2,True,positioning_synthetic_v1,debutant,20,20,4,100,25,25,25,0,25,29,14,17
debutant_0355,3,True,positioning_synthetic_v1,debutant,20,20,4,100,25,25,0,0,50,29,14,17
debutant_0355,4,True,positioning_synthetic_v1,debutant,5,20,1,100,0,0,0,25,0,0,0,17
debutant_0356,1,True,positioning_synthetic_v1,debutant,20,20,4,100,25,25,25,25,0,43,14,0
debutant_0356,2,True,positioning_synthetic_v1,debutant,5,20,1,100,0,25,0,0,0,0,14,0
debutant_0356,3,True,positioning_synthetic_v1,debutant,25,20,5,100,0,25,25,50,25,29,29,17
debutant_0356,4,True,positioning_synthetic_v1,debutant,15,20,3,100,0,0,25,25,25,43,0,0
debutant_0357,1,True,positioning_synthetic_v1,debutant,30,20,6,100,25,25,50,50,0,57,29,0
debutant_0357,2,True,positioning_synthetic_v1,debutant,25,20,5,100,25,25,50,25,0,43,14,17
debutant_0357,3,True,positioning_synthetic_v1,debutant,25,20,5,100,0,25,25,50,25,57,0,17
debutant_0357,4,True,positioning_synthetic_v1,debutant,45,20,9,100,75,0,50,50,50,57,71,0
debutant_0358,1,True,positioning_synthetic_v1,debutant,25,20,5,100,25,50,0,0,50,57,14,0
debutant_0358,2,True,positioning_synthetic_v1,debutant,35,20,7,100,50,25,25,25,50,57,29,17
debutant_0358,3,True,positioning_synthetic_v1,debutant,45,20,9,100,50,25,50,25,75,71,29,33
debutant_0358,4,True,positioning_synthetic_v1,debutant,15,20,3,100,50,0,0,0,25,14,29,0
debutant_0359,1,True,positioning_synthetic_v1,debutant,30,20,6,100,25,0,25,25,75,43,29,17
debutant_0359,2,True,positioning_synthetic_v1,debutant,30,20,6,100,50,25,0,0,75,43,29,17
debutant_0359,3,True,positioning_synthetic_v1,debutant,20,20,4,100,25,0,0,25,50,14,14,33
debutant_0359,4,True,positioning_synthetic_v1,debutant,35,20,7,100,0,25,50,50,50,43,43,17
debutant_0360,1,True,positioning_synthetic_v1,debutant,40,20,8,100,75,25,25,25,50,57,14,50
debutant_0360,2,True,positioning_synthetic_v1,debutant,30,20,6,100,25,75,0,50,0,57,29,0
debutant_0360,3,True,positioning_synthetic_v1,debutant,40,20,8,100,50,50,0,25,75,43,29,50
debutant_0360,4,True,positioning_synthetic_v1,debutant,20,20,4,100,25,25,25,25,0,43,0,17
debutant_0361,1,True,positioning_synthetic_v1,debutant,30,20,6,100,50,0,0,75,25,29,29,33
debutant_0361,2,True,positioning_synthetic_v1,debutant,35,20,7,100,25,25,25,50,50,43,57,0
debutant_0361,3,True,positioning_synthetic_v1,debutant,25,20,5,100,25,25,25,0,50,57,14,0
debutant_0361,4,True,positioning_synthetic_v1,debutant,40,20,8,100,50,50,75,25,0,57,43,17
debutant_0362,1,True,positioning_synthetic_v1,debutant,35,20,7,100,75,0,25,25,50,43,43,17
debutant_0362,2,True,positioning_synthetic_v1,debutant,30,20,6,100,50,0,25,50,25,29,43,17
debutant_0362,3,True,positioning_synthetic_v1,debutant,20,20,4,100,0,50,50,0,0,43,0,17
debutant_0362,4,True,positioning_synthetic_v1,debutant,55,20,11,100,100,25,75,75,0,71,57,33
debutant_0363,1,True,positioning_synthetic_v1,debutant,40,20,8,100,50,50,25,25,50,57,43,17
debutant_0363,2,True,positioning_synthetic_v1,debutant,45,20,9,100,0,50,75,25,75,86,29,17
debutant_0363,3,True,positioning_synthetic_v1,debutant,45,20,9,100,25,75,50,50,25,57,29,50
debutant_0363,4,True,positioning_synthetic_v1,debutant,25,20,5,100,0,25,0,75,25,43,29,0
debutant_0364,1,True,positioning_synthetic_v1,debutant,30,20,6,100,0,0,50,50,50,57,29,0
debutant_0364,2,True,positioning_synthetic_v1,debutant,10,20,2,100,0,0,25,0,25,14,0,17
debutant_0364,3,True,positioning_synthetic_v1,debutant,30,20,6,100,75,0,25,0,50,57,29,0
debutant_0364,4,True,positioning_synthetic_v1,debutant,30,20,6,100,0,50,25,75,0,29,29,33
debutant_0365,1,True,positioning_synthetic_v1,debutant,30,20,6,100,25,75,25,25,0,43,14,33
debutant_0365,2,True,positioning_synthetic_v1,debutant,30,20,6,100,50,0,25,25,50,14,57,17
debutant_0365,3,True,positioning_synthetic_v1,debutant,25,20,5,100,50,0,50,0,25,57,14,0
debutant_0365,4,True,positioning_synthetic_v1,debutant,10,20,2,100,0,25,0,25,0,0,29,0
debutant_0366,1,True,positioning_synthetic_v1,debutant,40,20,8,100,50,75,0,50,25,29,29,67
debutant_0366,2,True,positioning_synthetic_v1,debutant,30,20,6,100,75,50,0,25,0,43,43,0
debutant_0366,3,True,positioning_synthetic_v1,debutant,10,20,2,100,0,0,0,25,25,14,14,0
debutant_0366,4,True,positioning_synthetic_v1,debutant,30,20,6,100,25,75,25,0,25,43,14,33
debutant_0367,1,True,positioning_synthetic_v1,debutant,30,20,6,100,25,25,25,0,75,43,29,17
debutant_0367,2,True,positioning_synthetic_v1,debutant,30,20,6,100,0,25,0,50,75,57,14,17
debutant_0367,3,True,positioning_synthetic_v1,debutant,30,20,6,100,25,0,25,50,50,57,0,33
debutant_0367,4,True,positioning_synthetic_v1,debutant,25,20,5,100,25,25,25,25,25,29,29,17
debutant_0368,1,True,positioning_synthetic_v1,debutant,30,20,6,100,25,25,50,0,50,57,14,17
debutant_0368,2,True,positioning_synthetic_v1,debutant,20,20,4,100,0,50,0,0,50,29,14,17
debutant_0368,3,True,positioning_synthetic_v1,debutant,30,20,6,100,25,25,75,25,0,43,29,17
debutant_0368,4,True,positioning_synthetic_v1,debutant,45,20,9,100,50,50,50,25,50,43,43,50
debutant_0369,1,True,positioning_synthetic_v1,debutant,25,20,5,100,25,50,25,0,25,29,14,33
debutant_0369,2,True,positioning_synthetic_v1,debutant,30,20,6,100,50,25,25,25,25,29,43,17
debutant_0369,3,True,positioning_synthetic_v1,debutant,40,20,8,100,25,50,0,50,75,71,29,17
debutant_0369,4,True,positioning_synthetic_v1,debutant,30,20,6,100,0,25,25,75,25,43,29,17
debutant_0370,1,True,positioning_synthetic_v1,debutant,40,20,8,100,75,50,25,25,25,29,71,17
debutant_0370,2,True,positioning_synthetic_v1,debutant,25,20,5,100,25,50,0,25,25,43,0,33
debutant_0370,3,True,positioning_synthetic_v1,debutant,20,20,4,100,25,25,25,0,25,43,14,0
debutant_0370,4,True,positioning_synthetic_v1,debutant,15,20,3,100,0,25,0,0,50,29,14,0
debutant_0371,1,True,positioning_synthetic_v1,debutant,45,20,9,100,25,25,75,25,75,71,57,0
debutant_0371,2,True,positioning_synthetic_v1,debutant,30,20,6,100,25,25,25,50,25,43,43,0
debutant_0371,3,True,positioning_synthetic_v1,debutant,15,20,3,100,50,0,0,25,0,43,0,0
debutant_0371,4,True,positioning_synthetic_v1,debutant,30,20,6,100,50,0,25,50,25,43,14,33
debutant_0372,1,True,positioning_synthetic_v1,debutant,55,20,11,100,75,25,25,100,50,86,57,17
debutant_0372,2,True,positioning_synthetic_v1,debutant,20,20,4,100,0,50,50,0,0,29,14,17
debutant_0372,3,True,positioning_synthetic_v1,debutant,20,20,4,100,0,50,0,25,25,43,0,17
debutant_0372,4,True,positioning_synthetic_v1,debutant,30,20,6,100,0,25,25,50,50,57,14,17
debutant_0373,1,True,positioning_synthetic_v1,debutant,20,20,4,100,0,25,25,50,0,43,14,0
debutant_0373,2,True,positioning_synthetic_v1,debutant,40,20,8,100,0,50,50,50,50,57,57,0
debutant_0373,3,True,positioning_synthetic_v1,debutant,15,20,3,100,25,0,0,25,25,29,14,0
debutant_0373,4,True,positioning_synthetic_v1,debutant,20,20,4,100,50,0,25,25,0,29,29,0
debutant_0374,1,True,positioning_synthetic_v1,debutant,5,20,1,100,0,0,0,25,0,14,0,0
debutant_0374,2,True,positioning_synthetic_v1,debutant,5,20,1,100,0,0,0,0,25,14,0,0
debutant_0374,3,True,positioning_synthetic_v1,debutant,15,20,3,100,25,25,0,0,25,29,0,17
debutant_0374,4,True,positioning_synthetic_v1,debutant,10,20,2,100,0,50,0,0,0,14,14,0
debutant_0375,1,True,positioning_synthetic_v1,debutant,25,20,5,100,25,0,0,50,50,43,29,0
debutant_0375,2,True,positioning_synthetic_v1,debutant,45,20,9,100,50,50,50,25,50,100,0,33
debutant_0375,3,True,positioning_synthetic_v1,debutant,15,20,3,100,25,0,50,0,0,29,0,17
debutant_0375,4,True,positioning_synthetic_v1,debutant,15,20,3,100,25,0,0,25,25,43,0,0
debutant_0376,1,True,positioning_synthetic_v1,debutant,40,20,8,100,50,25,25,0,100,57,43,17
debutant_0376,2,True,positioning_synthetic_v1,debutant,35,20,7,100,25,25,25,25,75,43,43,17
debutant_0376,3,True,positioning_synthetic_v1,debutant,35,20,7,100,0,25,50,75,25,57,0,50
debutant_0376,4,True,positioning_synthetic_v1,debutant,35,20,7,100,25,25,25,25,75,57,0,50
debutant_0377,1,True,positioning_synthetic_v1,debutant,30,20,6,100,25,25,25,25,50,57,29,0
debutant_0377,2,True,positioning_synthetic_v1,debutant,25,20,5,100,0,50,25,25,25,43,0,33
debutant_0377,3,True,positioning_synthetic_v1,debutant,35,20,7,100,0,50,25,50,50,43,29,33
debutant_0377,4,True,positioning_synthetic_v1,debutant,45,20,9,100,75,50,50,25,25,71,43,17
debutant_0378,1,True,positioning_synthetic_v1,debutant,30,20,6,100,25,0,0,25,100,43,29,17
debutant_0378,2,True,positioning_synthetic_v1,debutant,5,20,1,100,0,0,0,25,0,14,0,0
debutant_0378,3,True,positioning_synthetic_v1,debutant,10,20,2,100,25,0,0,0,25,14,14,0
debutant_0378,4,True,positioning_synthetic_v1,debutant,10,20,2,100,25,0,25,0,0,14,14,0
debutant_0379,1,True,positioning_synthetic_v1,debutant,25,20,5,100,25,25,25,0,50,43,14,17
debutant_0379,2,True,positioning_synthetic_v1,debutant,35,20,7,100,25,75,0,50,25,14,57,33
debutant_0379,3,True,positioning_synthetic_v1,debutant,50,20,10,100,50,25,50,50,75,71,43,33
debutant_0379,4,True,positioning_synthetic_v1,debutant,45,20,9,100,75,50,25,50,25,71,43,17
debutant_0380,1,True,positioning_synthetic_v1,debutant,30,20,6,100,50,0,25,50,25,29,57,0
debutant_0380,2,True,positioning_synthetic_v1,debutant,10,20,2,100,25,0,25,0,0,14,0,17
debutant_0380,3,True,positioning_synthetic_v1,debutant,25,20,5,100,0,50,0,75,0,43,14,17
debutant_0380,4,True,positioning_synthetic_v1,debutant,25,20,5,100,50,25,25,25,0,14,43,17
debutant_0381,1,True,positioning_synthetic_v1,debutant,35,20,7,100,0,50,50,25,50,57,43,0
debutant_0381,2,True,positioning_synthetic_v1,debutant,25,20,5,100,25,25,25,0,50,14,43,17
debutant_0381,3,True,positioning_synthetic_v1,debutant,40,20,8,100,75,0,50,25,50,71,43,0
debutant_0381,4,True,positioning_synthetic_v1,debutant,20,20,4,100,25,50,0,0,25,43,14,0
debutant_0382,1,True,positioning_synthetic_v1,debutant,35,20,7,100,25,50,25,50,25,71,14,17
debutant_0382,2,True,positioning_synthetic_v1,debutant,30,20,6,100,0,25,50,50,25,43,0,50
debutant_0382,3,True,positioning_synthetic_v1,debutant,25,20,5,100,0,50,25,25,25,29,14,33
debutant_0382,4,True,positioning_synthetic_v1,debutant,35,20,7,100,50,25,0,50,50,57,43,0
debutant_0383,1,True,positioning_synthetic_v1,debutant,5,20,1,100,0,0,0,25,0,14,0,0
debutant_0383,2,True,positioning_synthetic_v1,debutant,10,20,2,100,0,0,50,0,0,14,14,0
debutant_0383,3,True,positioning_synthetic_v1,debutant,45,20,9,100,50,25,50,50,50,86,29,17
debutant_0383,4,True,positioning_synthetic_v1,debutant,25,20,5,100,50,25,0,25,25,43,29,0
debutant_0384,1,True,positioning_synthetic_v1,debutant,10,20,2,100,25,0,0,0,25,0,29,0
debutant_0384,2,True,positioning_synthetic_v1,debutant,25,20,5,100,0,50,0,50,25,43,29,0
debutant_0384,3,True,positioning_synthetic_v1,debutant,35,20,7,100,75,50,25,0,25,43,29,33
debutant_0384,4,True,positioning_synthetic_v1,debutant,15,20,3,100,25,25,25,0,0,29,14,0
debutant_0385,1,True,positioning_synthetic_v1,debutant,30,20,6,100,25,25,50,25,25,57,14,17
debutant_0385,2,True,positioning_synthetic_v1,debutant,20,20,4,100,50,0,25,25,0,43,14,0
debutant_0385,3,True,positioning_synthetic_v1,debutant,25,20,5,100,0,50,50,0,25,43,14,17
debutant_0385,4,True,positioning_synthetic_v1,debutant,10,20,2,100,25,25,0,0,0,14,14,0
debutant_0386,1,True,positioning_synthetic_v1,debutant,30,20,6,100,50,25,50,0,25,29,57,0
debutant_0386,2,True,positioning_synthetic_v1,debutant,40,20,8,100,50,25,50,50,25,86,14,17
debutant_0386,3,True,positioning_synthetic_v1,debutant,35,20,7,100,50,25,25,50,25,43,43,17
debutant_0386,4,True,positioning_synthetic_v1,debutant,50,20,10,100,100,75,25,50,0,71,43,33
debutant_0387,1,True,positioning_synthetic_v1,debutant,30,20,6,100,0,25,25,25,75,43,29,17
debutant_0387,2,True,positioning_synthetic_v1,debutant,15,20,3,100,25,25,0,25,0,29,14,0
debutant_0387,3,True,positioning_synthetic_v1,debutant,20,20,4,100,25,25,0,50,0,29,29,0
debutant_0387,4,True,positioning_synthetic_v1,debutant,15,20,3,100,25,25,0,25,0,29,0,17
debutant_0388,1,True,positioning_synthetic_v1,debutant,20,20,4,100,25,0,50,25,0,0,29,33
debutant_0388,2,True,positioning_synthetic_v1,debutant,5,20,1,100,25,0,0,0,0,14,0,0
debutant_0388,3,True,positioning_synthetic_v1,debutant,20,20,4,100,0,50,0,0,50,14,14,33
debutant_0388,4,True,positioning_synthetic_v1,debutant,15,20,3,100,0,0,25,50,0,14,29,0
debutant_0389,1,True,positioning_synthetic_v1,debutant,5,20,1,100,0,0,0,0,25,0,0,17
debutant_0389,2,True,positioning_synthetic_v1,debutant,15,20,3,100,25,25,25,0,0,14,29,0
debutant_0389,3,True,positioning_synthetic_v1,debutant,30,20,6,100,50,25,25,0,50,57,29,0
debutant_0389,4,True,positioning_synthetic_v1,debutant,30,20,6,100,25,25,25,25,50,57,29,0
debutant_0390,1,True,positioning_synthetic_v1,debutant,60,20,12,100,50,75,100,75,0,86,57,33
debutant_0390,2,True,positioning_synthetic_v1,debutant,35,20,7,100,0,50,25,50,50,57,29,17
debutant_0390,3,True,positioning_synthetic_v1,debutant,50,20,10,100,0,75,75,50,50,43,71,33
debutant_0390,4,True,positioning_synthetic_v1,debutant,35,20,7,100,0,50,50,25,50,57,29,17
debutant_0391,1,True,positioning_synthetic_v1,debutant,10,20,2,100,0,25,0,25,0,14,14,0
debutant_0391,2,True,positioning_synthetic_v1,debutant,30,20,6,100,50,25,25,25,25,43,14,33
debutant_0391,3,True,positioning_synthetic_v1,debutant,10,20,2,100,0,50,0,0,0,14,0,17
debutant_0391,4,True,positioning_synthetic_v1,debutant,30,20,6,100,25,25,0,25,75,43,43,0
debutant_0392,1,True,positioning_synthetic_v1,debutant,45,20,9,100,25,50,75,75,0,57,43,33
debutant_0392,2,True,positioning_synthetic_v1,debutant,50,20,10,100,50,75,25,25,75,71,57,17
debutant_0392,3,True,positioning_synthetic_v1,debutant,30,20,6,100,50,25,25,25,25,71,14,0
debutant_0392,4,True,positioning_synthetic_v1,debutant,35,20,7,100,25,50,50,25,25,57,14,33
debutant_0393,1,True,positioning_synthetic_v1,debutant,25,20,5,100,25,50,0,25,25,43,14,17
debutant_0393,2,True,positioning_synthetic_v1,debutant,15,20,3,100,0,25,25,0,25,29,14,0
debutant_0393,3,True,positioning_synthetic_v1,debutant,50,20,10,100,50,25,50,50,75,57,29,67
debutant_0393,4,True,positioning_synthetic_v1,debutant,20,20,4,100,0,25,25,0,50,43,0,17
debutant_0394,1,True,positioning_synthetic_v1,debutant,35,20,7,100,75,0,25,25,50,71,29,0
debutant_0394,2,True,positioning_synthetic_v1,debutant,25,20,5,100,25,25,0,25,50,29,29,17
debutant_0394,3,True,positioning_synthetic_v1,debutant,25,20,5,100,0,25,0,75,25,43,29,0
debutant_0394,4,True,positioning_synthetic_v1,debutant,35,20,7,100,50,25,0,50,50,43,29,33
debutant_0395,1,True,positioning_synthetic_v1,debutant,30,20,6,100,0,0,75,25,50,43,14,33
debutant_0395,2,True,positioning_synthetic_v1,debutant,5,20,1,100,0,25,0,0,0,14,0,0
debutant_0395,3,True,positioning_synthetic_v1,debutant,15,20,3,100,25,25,25,0,0,29,0,17
debutant_0395,4,True,positioning_synthetic_v1,debutant,20,20,4,100,25,25,50,0,0,43,0,17
debutant_0396,1,True,positioning_synthetic_v1,debutant,15,20,3,100,25,25,0,0,25,29,0,17
debutant_0396,2,True,positioning_synthetic_v1,debutant,30,20,6,100,25,0,25,75,25,43,43,0
debutant_0396,3,True,positioning_synthetic_v1,debutant,20,20,4,100,25,0,50,25,0,43,14,0
debutant_0396,4,True,positioning_synthetic_v1,debutant,10,20,2,100,25,0,0,0,25,29,0,0
debutant_0397,1,True,positioning_synthetic_v1,debutant,40,20,8,100,25,75,50,25,25,43,57,17
debutant_0397,2,True,positioning_synthetic_v1,debutant,20,20,4,100,25,25,0,0,50,43,14,0
debutant_0397,3,True,positioning_synthetic_v1,debutant,30,20,6,100,0,50,25,25,50,57,14,17
debutant_0397,4,True,positioning_synthetic_v1,debutant,20,20,4,100,25,0,25,25,25,57,0,0
debutant_0398,1,True,positioning_synthetic_v1,debutant,30,20,6,100,25,25,25,75,0,29,29,33
debutant_0398,2,True,positioning_synthetic_v1,debutant,15,20,3,100,25,25,0,0,25,0,29,17
debutant_0398,3,True,positioning_synthetic_v1,debutant,15,20,3,100,0,0,50,25,0,29,14,0
debutant_0398,4,True,positioning_synthetic_v1,debutant,30,20,6,100,0,50,75,25,0,57,0,33
debutant_0399,1,True,positioning_synthetic_v1,debutant,5,20,1,100,0,0,25,0,0,0,14,0
debutant_0399,2,True,positioning_synthetic_v1,debutant,10,20,2,100,0,0,25,25,0,14,14,0
debutant_0399,3,True,positioning_synthetic_v1,debutant,20,20,4,100,0,25,50,25,0,14,14,33
debutant_0399,4,True,positioning_synthetic_v1,debutant,30,20,6,100,50,25,50,0,25,57,14,17
debutant_0400,1,True,positioning_synthetic_v1,debutant,25,20,5,100,0,25,25,50,25,71,0,0
debutant_0400,2,True,positioning_synthetic_v1,debutant,35,20,7,100,25,50,25,0,75,43,29,33
debutant_0400,3,True,positioning_synthetic_v1,debutant,25,20,5,100,25,50,25,0,25,29,14,33
debutant_0400,4,True,positioning_synthetic_v1,debutant,15,20,3,100,25,0,25,0,25,29,0,17
debutant_0401,1,True,positioning_synthetic_v1,debutant,20,20,4,100,25,50,0,25,0,29,0,33
debutant_0401,2,True,positioning_synthetic_v1,debutant,25,20,5,100,50,0,50,25,0,29,29,17
debutant_0401,3,True,positioning_synthetic_v1,debutant,40,20,8,100,75,50,0,25,50,71,29,17
debutant_0401,4,True,positioning_synthetic_v1,debutant,20,20,4,100,0,25,25,50,0,14,29,17
debutant_0402,1,True,positioning_synthetic_v1,debutant,25,20,5,100,25,25,0,25,50,43,14,17
debutant_0402,2,True,positioning_synthetic_v1,debutant,25,20,5,100,25,50,0,25,25,43,14,17
debutant_0402,3,True,positioning_synthetic_v1,debutant,5,20,1,100,0,0,0,0,25,14,0,0
debutant_0402,4,True,positioning_synthetic_v1,debutant,20,20,4,100,25,0,50,0,25,43,14,0
debutant_0403,1,True,positioning_synthetic_v1,debutant,10,20,2,100,0,25,25,0,0,29,0,0
debutant_0403,2,True,positioning_synthetic_v1,debutant,20,20,4,100,75,0,0,25,0,29,14,17
debutant_0403,3,True,positioning_synthetic_v1,debutant,25,20,5,100,25,0,25,50,25,43,14,17
debutant_0403,4,True,positioning_synthetic_v1,debutant,5,20,1,100,0,0,0,25,0,0,14,0
debutant_0404,1,True,positioning_synthetic_v1,debutant,25,20,5,100,0,25,0,50,50,57,0,17
debutant_0404,2,True,positioning_synthetic_v1,debutant,35,20,7,100,0,25,50,75,25,43,43,17
debutant_0404,3,True,positioning_synthetic_v1,debutant,20,20,4,100,25,0,25,25,25,43,0,17
debutant_0404,4,True,positioning_synthetic_v1,debutant,30,20,6,100,25,25,25,50,25,57,14,17
debutant_0405,1,True,positioning_synthetic_v1,debutant,45,20,9,100,50,25,25,50,75,43,57,33
debutant_0405,2,True,positioning_synthetic_v1,debutant,40,20,8,100,50,75,50,25,0,71,14,33
debutant_0405,3,True,positioning_synthetic_v1,debutant,45,20,9,100,25,50,75,50,25,57,57,17
debutant_0405,4,True,positioning_synthetic_v1,debutant,25,20,5,100,25,25,0,50,25,57,14,0
debutant_0406,1,True,positioning_synthetic_v1,debutant,35,20,7,100,50,50,25,25,25,29,57,17
debutant_0406,2,True,positioning_synthetic_v1,debutant,30,20,6,100,25,50,75,0,0,57,29,0
debutant_0406,3,True,positioning_synthetic_v1,debutant,40,20,8,100,50,50,50,50,0,57,29,33
debutant_0406,4,True,positioning_synthetic_v1,debutant,25,20,5,100,50,0,25,50,0,29,14,33
debutant_0407,1,True,positioning_synthetic_v1,debutant,30,20,6,100,0,50,25,25,50,43,29,17
debutant_0407,2,True,positioning_synthetic_v1,debutant,15,20,3,100,0,0,0,50,25,29,14,0
debutant_0407,3,True,positioning_synthetic_v1,debutant,25,20,5,100,0,25,75,25,0,14,43,17
debutant_0407,4,True,positioning_synthetic_v1,debutant,15,20,3,100,25,0,0,25,25,29,0,17
debutant_0408,1,True,positioning_synthetic_v1,debutant,35,20,7,100,25,50,50,0,50,57,43,0
debutant_0408,2,True,positioning_synthetic_v1,debutant,35,20,7,100,50,0,50,25,50,43,43,17
debutant_0408,3,True,positioning_synthetic_v1,debutant,25,20,5,100,25,0,25,25,50,57,14,0
debutant_0408,4,True,positioning_synthetic_v1,debutant,25,20,5,100,25,50,25,0,25,57,14,0
debutant_0409,1,True,positioning_synthetic_v1,debutant,25,20,5,100,25,0,25,50,25,57,14,0
debutant_0409,2,True,positioning_synthetic_v1,debutant,35,20,7,100,50,0,25,50,50,29,43,33
debutant_0409,3,True,positioning_synthetic_v1,debutant,35,20,7,100,75,25,0,25,50,43,29,33
debutant_0409,4,True,positioning_synthetic_v1,debutant,25,20,5,100,0,25,25,50,25,57,14,0
debutant_0410,1,True,positioning_synthetic_v1,debutant,45,20,9,100,25,50,50,75,25,71,29,33
debutant_0410,2,True,positioning_synthetic_v1,debutant,25,20,5,100,25,25,25,25,25,14,57,0
debutant_0410,3,True,positioning_synthetic_v1,debutant,35,20,7,100,0,25,50,25,75,57,14,33
debutant_0410,4,True,positioning_synthetic_v1,debutant,40,20,8,100,50,75,25,0,50,43,43,33
debutant_0411,1,True,positioning_synthetic_v1,debutant,20,20,4,100,75,25,0,0,0,29,14,17
debutant_0411,2,True,positioning_synthetic_v1,debutant,30,20,6,100,50,0,25,50,25,29,43,17
debutant_0411,3,True,positioning_synthetic_v1,debutant,35,20,7,100,75,0,25,25,50,57,29,17
debutant_0411,4,True,positioning_synthetic_v1,debutant,50,20,10,100,50,25,25,100,50,57,29,67
debutant_0412,1,True,positioning_synthetic_v1,debutant,35,20,7,100,25,50,0,25,75,29,43,33
debutant_0412,2,True,positioning_synthetic_v1,debutant,30,20,6,100,25,25,50,0,50,57,14,17
debutant_0412,3,True,positioning_synthetic_v1,debutant,40,20,8,100,25,25,50,25,75,57,43,17
debutant_0412,4,True,positioning_synthetic_v1,debutant,20,20,4,100,25,0,0,25,50,57,0,0
debutant_0413,1,True,positioning_synthetic_v1,debutant,60,20,12,100,50,75,25,75,75,71,86,17
debutant_0413,2,True,positioning_synthetic_v1,debutant,25,20,5,100,25,25,25,50,0,29,14,33
debutant_0413,3,True,positioning_synthetic_v1,debutant,30,20,6,100,25,75,0,25,25,29,29,33
debutant_0413,4,True,positioning_synthetic_v1,debutant,25,20,5,100,0,25,0,50,50,29,14,33
debutant_0414,1,True,positioning_synthetic_v1,debutant,15,20,3,100,50,25,0,0,0,29,0,17
debutant_0414,2,True,positioning_synthetic_v1,debutant,20,20,4,100,25,0,25,50,0,14,29,17
debutant_0414,3,True,positioning_synthetic_v1,debutant,15,20,3,100,0,0,25,50,0,29,14,0
debutant_0414,4,True,positioning_synthetic_v1,debutant,35,20,7,100,50,50,25,50,0,57,29,17
debutant_0415,1,True,positioning_synthetic_v1,debutant,10,20,2,100,0,25,25,0,0,14,14,0
debutant_0415,2,True,positioning_synthetic_v1,debutant,25,20,5,100,25,0,50,25,25,43,14,17
debutant_0415,3,True,positioning_synthetic_v1,debutant,20,20,4,100,25,0,50,25,0,29,14,17
debutant_0415,4,True,positioning_synthetic_v1,debutant,10,20,2,100,25,0,25,0,0,29,0,0
debutant_0416,1,True,positioning_synthetic_v1,debutant,40,20,8,100,0,50,50,25,75,71,43,0
debutant_0416,2,True,positioning_synthetic_v1,debutant,15,20,3,100,50,0,0,25,0,29,0,17
debutant_0416,3,True,positioning_synthetic_v1,debutant,20,20,4,100,0,25,25,0,50,43,14,0
debutant_0416,4,True,positioning_synthetic_v1,debutant,40,20,8,100,0,50,50,50,50,57,29,33
debutant_0417,1,True,positioning_synthetic_v1,debutant,35,20,7,100,50,25,25,50,25,29,43,33
debutant_0417,2,True,positioning_synthetic_v1,debutant,15,20,3,100,50,0,0,25,0,14,29,0
debutant_0417,3,True,positioning_synthetic_v1,debutant,30,20,6,100,25,0,25,75,25,29,29,33
debutant_0417,4,True,positioning_synthetic_v1,debutant,25,20,5,100,0,0,50,50,25,71,0,0
debutant_0418,1,True,positioning_synthetic_v1,debutant,35,20,7,100,25,25,25,25,75,43,29,33
debutant_0418,2,True,positioning_synthetic_v1,debutant,20,20,4,100,0,25,50,25,0,14,14,33
debutant_0418,3,True,positioning_synthetic_v1,debutant,45,20,9,100,50,0,25,50,100,71,29,33
debutant_0418,4,True,positioning_synthetic_v1,debutant,30,20,6,100,0,50,25,50,25,43,43,0
debutant_0419,1,True,positioning_synthetic_v1,debutant,40,20,8,100,0,50,25,50,75,71,29,17
debutant_0419,2,True,positioning_synthetic_v1,debutant,35,20,7,100,25,75,25,25,25,29,43,33
debutant_0419,3,True,positioning_synthetic_v1,debutant,50,20,10,100,25,25,75,50,75,71,43,33
debutant_0419,4,True,positioning_synthetic_v1,debutant,50,20,10,100,25,50,50,75,50,86,29,33
debutant_0420,1,True,positioning_synthetic_v1,debutant,40,20,8,100,100,75,0,0,25,71,14,33
debutant_0420,2,True,positioning_synthetic_v1,debutant,50,20,10,100,50,75,75,0,50,71,57,17
debutant_0420,3,True,positioning_synthetic_v1,debutant,35,20,7,100,50,75,25,0,25,57,43,0
debutant_0420,4,True,positioning_synthetic_v1,debutant,40,20,8,100,50,0,50,50,50,86,29,0
debutant_0421,1,True,positioning_synthetic_v1,debutant,25,20,5,100,25,25,0,25,50,29,29,17
debutant_0421,2,True,positioning_synthetic_v1,debutant,35,20,7,100,50,50,25,50,0,43,29,33
debutant_0421,3,True,positioning_synthetic_v1,debutant,35,20,7,100,25,25,25,75,25,57,14,33
debutant_0421,4,True,positioning_synthetic_v1,debutant,20,20,4,100,0,25,0,50,25,29,29,0
debutant_0422,1,True,positioning_synthetic_v1,debutant,20,20,4,100,0,0,25,25,50,43,14,0
debutant_0422,2,True,positioning_synthetic_v1,debutant,25,20,5,100,0,0,25,25,75,43,29,0
debutant_0422,3,True,positioning_synthetic_v1,debutant,35,20,7,100,25,0,50,50,50,57,29,17
debutant_0422,4,True,positioning_synthetic_v1,debutant,30,20,6,100,0,50,0,50,50,43,43,0
debutant_0423,1,True,positioning_synthetic_v1,debutant,70,20,14,100,75,75,50,75,75,71,71,67
debutant_0423,2,True,positioning_synthetic_v1,debutant,55,20,11,100,25,50,75,75,50,57,71,33
debutant_0423,3,True,positioning_synthetic_v1,debutant,50,20,10,100,50,25,50,50,75,57,71,17
debutant_0423,4,True,positioning_synthetic_v1,debutant,55,20,11,100,50,75,100,25,25,86,43,33
debutant_0424,1,True,positioning_synthetic_v1,debutant,50,20,10,100,50,75,75,0,50,57,71,17
debutant_0424,2,True,positioning_synthetic_v1,debutant,20,20,4,100,0,0,75,25,0,29,29,0
debutant_0424,3,True,positioning_synthetic_v1,debutant,30,20,6,100,0,25,75,0,50,29,29,33
debutant_0424,4,True,positioning_synthetic_v1,debutant,40,20,8,100,25,50,25,25,75,57,29,33
debutant_0425,1,True,positioning_synthetic_v1,debutant,55,20,11,100,50,50,75,25,75,57,71,33
debutant_0425,2,True,positioning_synthetic_v1,debutant,35,20,7,100,25,25,100,25,0,57,29,17
debutant_0425,3,True,positioning_synthetic_v1,debutant,35,20,7,100,25,25,50,50,25,71,29,0
debutant_0425,4,True,positioning_synthetic_v1,debutant,35,20,7,100,50,50,50,0,25,57,43,0
debutant_0426,1,True,positioning_synthetic_v1,debutant,15,20,3,100,25,25,0,25,0,43,0,0
debutant_0426,2,True,positioning_synthetic_v1,debutant,20,20,4,100,0,25,25,25,25,57,0,0
debutant_0426,3,True,positioning_synthetic_v1,debutant,15,20,3,100,25,25,0,0,25,29,0,17
debutant_0426,4,True,positioning_synthetic_v1,debutant,15,20,3,100,25,0,0,25,25,29,0,17
debutant_0427,1,True,positioning_synthetic_v1,debutant,55,20,11,100,75,25,50,50,75,71,57,33
debutant_0427,2,True,positioning_synthetic_v1,debutant,40,20,8,100,50,50,50,25,25,71,43,0
debutant_0427,3,True,positioning_synthetic_v1,debutant,35,20,7,100,50,25,25,25,50,43,43,17
debutant_0427,4,True,positioning_synthetic_v1,debutant,35,20,7,100,75,25,25,0,50,57,43,0
debutant_0428,1,True,positioning_synthetic_v1,debutant,25,20,5,100,0,50,25,0,50,43,29,0
debutant_0428,2,True,positioning_synthetic_v1,debutant,30,20,6,100,25,25,0,75,25,57,14,17
debutant_0428,3,True,positioning_synthetic_v1,debutant,50,20,10,100,75,50,25,50,50,43,71,33
debutant_0428,4,True,positioning_synthetic_v1,debutant,40,20,8,100,50,50,50,25,25,43,57,17
debutant_0429,1,True,positioning_synthetic_v1,debutant,30,20,6,100,25,25,25,50,25,71,0,17
debutant_0429,2,True,positioning_synthetic_v1,debutant,40,20,8,100,50,25,25,50,50,57,43,17
debutant_0429,3,True,positioning_synthetic_v1,debutant,25,20,5,100,25,25,0,50,25,14,57,0
debutant_0429,4,True,positioning_synthetic_v1,debutant,15,20,3,100,25,0,25,25,0,29,14,0
debutant_0430,1,True,positioning_synthetic_v1,debutant,25,20,5,100,50,0,25,25,25,29,43,0
debutant_0430,2,True,positioning_synthetic_v1,debutant,35,20,7,100,50,25,25,50,25,71,14,17
debutant_0430,3,True,positioning_synthetic_v1,debutant,25,20,5,100,25,75,25,0,0,29,14,33
debutant_0430,4,True,positioning_synthetic_v1,debutant,25,20,5,100,25,25,0,25,50,43,0,33
debutant_0431,1,True,positioning_synthetic_v1,debutant,55,20,11,100,50,50,75,75,25,71,43,50
debutant_0431,2,True,positioning_synthetic_v1,debutant,50,20,10,100,50,50,50,25,75,86,43,17
debutant_0431,3,True,positioning_synthetic_v1,debutant,30,20,6,100,25,25,75,0,25,57,14,17
debutant_0431,4,True,positioning_synthetic_v1,debutant,35,20,7,100,0,50,25,75,25,57,43,0
debutant_0432,1,True,positioning_synthetic_v1,debutant,20,20,4,100,25,0,0,50,25,29,29,0
debutant_0432,2,True,positioning_synthetic_v1,debutant,25,20,5,100,0,0,25,50,50,29,43,0
debutant_0432,3,True,positioning_synthetic_v1,debutant,20,20,4,100,25,0,25,50,0,29,14,17
debutant_0432,4,True,positioning_synthetic_v1,debutant,15,20,3,100,0,0,50,25,0,29,14,0
debutant_0433,1,True,positioning_synthetic_v1,debutant,15,20,3,100,25,0,0,50,0,0,29,17
debutant_0433,2,True,positioning_synthetic_v1,debutant,5,20,1,100,25,0,0,0,0,0,14,0
debutant_0433,3,True,positioning_synthetic_v1,debutant,10,20,2,100,0,0,0,0,50,14,0,17
debutant_0433,4,True,positioning_synthetic_v1,debutant,10,20,2,100,25,25,0,0,0,29,0,0
debutant_0434,1,True,positioning_synthetic_v1,debutant,35,20,7,100,75,0,25,75,0,43,43,17
debutant_0434,2,True,positioning_synthetic_v1,debutant,35,20,7,100,25,25,75,25,25,57,14,33
debutant_0434,3,True,positioning_synthetic_v1,debutant,20,20,4,100,0,75,25,0,0,29,14,17
debutant_0434,4,True,positioning_synthetic_v1,debutant,35,20,7,100,25,25,50,75,0,43,43,17
debutant_0435,1,True,positioning_synthetic_v1,debutant,35,20,7,100,25,50,25,75,0,57,14,33
debutant_0435,2,True,positioning_synthetic_v1,debutant,10,20,2,100,0,0,0,25,25,14,14,0
debutant_0435,3,True,positioning_synthetic_v1,debutant,25,20,5,100,0,25,0,50,50,29,29,17
debutant_0435,4,True,positioning_synthetic_v1,debutant,20,20,4,100,0,50,0,50,0,14,29,17
debutant_0436,1,True,positioning_synthetic_v1,debutant,35,20,7,100,25,25,25,75,25,57,43,0
debutant_0436,2,True,positioning_synthetic_v1,debutant,40,20,8,100,25,25,25,75,50,71,29,17
debutant_0436,3,True,positioning_synthetic_v1,debutant,10,20,2,100,0,0,0,25,25,14,0,17
debutant_0436,4,True,positioning_synthetic_v1,debutant,15,20,3,100,25,0,0,25,25,29,0,17
debutant_0437,1,True,positioning_synthetic_v1,debutant,25,20,5,100,50,25,50,0,0,29,29,17
debutant_0437,2,True,positioning_synthetic_v1,debutant,35,20,7,100,50,50,25,25,25,57,29,17
debutant_0437,3,True,positioning_synthetic_v1,debutant,25,20,5,100,0,50,50,0,25,29,43,0
debutant_0437,4,True,positioning_synthetic_v1,debutant,50,20,10,100,75,25,50,50,50,71,29,50
debutant_0438,1,True,positioning_synthetic_v1,debutant,35,20,7,100,25,50,0,50,50,57,14,33
debutant_0438,2,True,positioning_synthetic_v1,debutant,35,20,7,100,50,50,50,0,25,57,29,17
debutant_0438,3,True,positioning_synthetic_v1,debutant,20,20,4,100,0,25,0,50,25,29,29,0
debutant_0438,4,True,positioning_synthetic_v1,debutant,35,20,7,100,75,50,25,25,0,57,14,33
debutant_0439,1,True,positioning_synthetic_v1,debutant,45,20,9,100,100,50,25,50,0,43,57,33
debutant_0439,2,True,positioning_synthetic_v1,debutant,40,20,8,100,75,50,50,25,0,14,57,50
debutant_0439,3,True,positioning_synthetic_v1,debutant,25,20,5,100,75,25,25,0,0,43,14,17
debutant_0439,4,True,positioning_synthetic_v1,debutant,30,20,6,100,25,0,0,50,75,57,0,33
debutant_0440,1,True,positioning_synthetic_v1,debutant,50,20,10,100,50,75,75,25,25,71,43,33
debutant_0440,2,True,positioning_synthetic_v1,debutant,45,20,9,100,75,50,0,50,50,71,43,17
debutant_0440,3,True,positioning_synthetic_v1,debutant,30,20,6,100,0,50,50,25,25,29,43,17
debutant_0440,4,True,positioning_synthetic_v1,debutant,30,20,6,100,50,25,25,25,25,43,29,17
debutant_0441,1,True,positioning_synthetic_v1,debutant,20,20,4,100,50,25,25,0,0,14,29,17
debutant_0441,2,True,positioning_synthetic_v1,debutant,30,20,6,100,50,0,25,50,25,43,29,17
debutant_0441,3,True,positioning_synthetic_v1,debutant,25,20,5,100,25,0,0,50,50,57,14,0
debutant_0441,4,True,positioning_synthetic_v1,debutant,45,20,9,100,0,50,50,75,50,71,14,50
debutant_0442,1,True,positioning_synthetic_v1,debutant,20,20,4,100,25,0,25,25,25,0,29,33
debutant_0442,2,True,positioning_synthetic_v1,debutant,50,20,10,100,50,50,50,50,50,86,29,33
debutant_0442,3,True,positioning_synthetic_v1,debutant,40,20,8,100,50,25,0,75,50,57,57,0
debutant_0442,4,True,positioning_synthetic_v1,debutant,35,20,7,100,25,25,50,50,25,43,29,33
debutant_0443,1,True,positioning_synthetic_v1,debutant,20,20,4,100,25,25,0,50,0,29,14,17
debutant_0443,2,True,positioning_synthetic_v1,debutant,10,20,2,100,25,0,0,0,25,14,14,0
debutant_0443,3,True,positioning_synthetic_v1,debutant,30,20,6,100,0,50,50,25,25,29,57,0
debutant_0443,4,True,positioning_synthetic_v1,debutant,10,20,2,100,0,0,0,25,25,14,14,0
debutant_0444,1,True,positioning_synthetic_v1,debutant,20,20,4,100,50,0,0,50,0,43,14,0
debutant_0444,2,True,positioning_synthetic_v1,debutant,25,20,5,100,50,0,0,50,25,43,29,0
debutant_0444,3,True,positioning_synthetic_v1,debutant,30,20,6,100,50,50,0,0,50,57,14,17
debutant_0444,4,True,positioning_synthetic_v1,debutant,10,20,2,100,0,25,0,25,0,29,0,0
debutant_0445,1,True,positioning_synthetic_v1,debutant,35,20,7,100,0,75,0,50,50,57,43,0
debutant_0445,2,True,positioning_synthetic_v1,debutant,25,20,5,100,0,25,75,25,0,29,43,0
debutant_0445,3,True,positioning_synthetic_v1,debutant,45,20,9,100,75,50,25,25,50,71,43,17
debutant_0445,4,True,positioning_synthetic_v1,debutant,35,20,7,100,25,50,50,25,25,57,29,17
debutant_0446,1,True,positioning_synthetic_v1,debutant,40,20,8,100,75,0,50,50,25,86,14,17
debutant_0446,2,True,positioning_synthetic_v1,debutant,35,20,7,100,50,25,25,50,25,71,29,0
debutant_0446,3,True,positioning_synthetic_v1,debutant,20,20,4,100,25,25,25,25,0,14,14,33
debutant_0446,4,True,positioning_synthetic_v1,debutant,25,20,5,100,0,25,25,25,50,29,29,17
debutant_0447,1,True,positioning_synthetic_v1,debutant,20,20,4,100,25,0,25,25,25,29,29,0
debutant_0447,2,True,positioning_synthetic_v1,debutant,20,20,4,100,0,0,0,25,75,43,14,0
debutant_0447,3,True,positioning_synthetic_v1,debutant,15,20,3,100,25,25,0,0,25,14,14,17
debutant_0447,4,True,positioning_synthetic_v1,debutant,25,20,5,100,0,25,25,25,50,43,14,17
debutant_0448,1,True,positioning_synthetic_v1,debutant,40,20,8,100,75,50,25,0,50,57,57,0
debutant_0448,2,True,positioning_synthetic_v1,debutant,35,20,7,100,75,50,25,0,25,43,43,17
debutant_0448,3,True,positioning_synthetic_v1,debutant,10,20,2,100,0,25,0,0,25,29,0,0
debutant_0448,4,True,positioning_synthetic_v1,debutant,60,20,12,100,50,50,25,100,75,86,57,33
debutant_0449,1,True,positioning_synthetic_v1,debutant,45,20,9,100,50,0,50,50,75,57,29,50
debutant_0449,2,True,positioning_synthetic_v1,debutant,30,20,6,100,50,50,25,0,25,57,14,17
debutant_0449,3,True,positioning_synthetic_v1,debutant,20,20,4,100,25,25,25,0,25,29,0,33
debutant_0449,4,True,positioning_synthetic_v1,debutant,35,20,7,100,0,75,50,25,25,43,29,33
debutant_0450,1,True,positioning_synthetic_v1,debutant,20,20,4,100,0,0,0,50,50,29,29,0
debutant_0450,2,True,positioning_synthetic_v1,debutant,20,20,4,100,25,25,25,0,25,43,14,0
debutant_0450,3,True,positioning_synthetic_v1,debutant,40,20,8,100,50,50,50,25,25,43,14,67
debutant_0450,4,True,positioning_synthetic_v1,debutant,50,20,10,100,50,0,100,25,75,57,57,33
debutant_0451,1,True,positioning_synthetic_v1,debutant,45,20,9,100,50,25,50,25,75,43,43,50
debutant_0451,2,True,positioning_synthetic_v1,debutant,45,20,9,100,50,25,25,75,50,57,71,0
debutant_0451,3,True,positioning_synthetic_v1,debutant,50,20,10,100,25,75,25,75,50,57,57,33
debutant_0451,4,True,positioning_synthetic_v1,debutant,30,20,6,100,75,0,50,0,25,57,14,17
debutant_0452,1,True,positioning_synthetic_v1,debutant,35,20,7,100,25,25,50,75,0,29,29,50
debutant_0452,2,True,positioning_synthetic_v1,debutant,15,20,3,100,25,0,25,0,25,43,0,0
debutant_0452,3,True,positioning_synthetic_v1,debutant,15,20,3,100,0,0,50,25,0,29,0,17
debutant_0452,4,True,positioning_synthetic_v1,debutant,40,20,8,100,50,25,50,25,50,86,14,17
debutant_0453,1,True,positioning_synthetic_v1,debutant,20,20,4,100,0,25,50,25,0,29,14,17
debutant_0453,2,True,positioning_synthetic_v1,debutant,20,20,4,100,0,25,25,25,25,43,14,0
debutant_0453,3,True,positioning_synthetic_v1,debutant,25,20,5,100,50,50,0,0,25,29,29,17
debutant_0453,4,True,positioning_synthetic_v1,debutant,25,20,5,100,0,50,25,25,25,29,14,33
debutant_0454,1,True,positioning_synthetic_v1,debutant,15,20,3,100,25,0,0,25,25,29,14,0
debutant_0454,2,True,positioning_synthetic_v1,debutant,15,20,3,100,25,0,25,25,0,0,29,17
debutant_0454,3,True,positioning_synthetic_v1,debutant,15,20,3,100,25,25,25,0,0,29,0,17
debutant_0454,4,True,positioning_synthetic_v1,debutant,25,20,5,100,50,0,25,50,0,14,29,33
debutant_0455,1,True,positioning_synthetic_v1,debutant,30,20,6,100,25,25,50,0,50,29,29,33
debutant_0455,2,True,positioning_synthetic_v1,debutant,20,20,4,100,50,0,25,0,25,29,14,17
debutant_0455,3,True,positioning_synthetic_v1,debutant,5,20,1,100,0,25,0,0,0,0,14,0
debutant_0455,4,True,positioning_synthetic_v1,debutant,20,20,4,100,25,0,50,25,0,29,29,0
debutant_0456,1,True,positioning_synthetic_v1,debutant,25,20,5,100,75,0,0,50,0,43,14,17
debutant_0456,2,True,positioning_synthetic_v1,debutant,30,20,6,100,50,0,0,50,50,43,29,17
debutant_0456,3,True,positioning_synthetic_v1,debutant,25,20,5,100,50,25,25,25,0,29,14,33
debutant_0456,4,True,positioning_synthetic_v1,debutant,25,20,5,100,25,25,50,0,25,57,14,0
debutant_0457,1,True,positioning_synthetic_v1,debutant,25,20,5,100,25,25,0,50,25,43,14,17
debutant_0457,2,True,positioning_synthetic_v1,debutant,35,20,7,100,25,50,25,50,25,57,14,33
debutant_0457,3,True,positioning_synthetic_v1,debutant,15,20,3,100,0,25,0,25,25,43,0,0
debutant_0457,4,True,positioning_synthetic_v1,debutant,25,20,5,100,25,0,25,25,50,14,43,17
debutant_0458,1,True,positioning_synthetic_v1,debutant,25,20,5,100,0,25,0,75,25,43,29,0
debutant_0458,2,True,positioning_synthetic_v1,debutant,35,20,7,100,0,50,50,50,25,57,43,0
debutant_0458,3,True,positioning_synthetic_v1,debutant,30,20,6,100,0,25,50,25,50,57,29,0
debutant_0458,4,True,positioning_synthetic_v1,debutant,20,20,4,100,25,25,0,25,25,0,29,33
debutant_0459,1,True,positioning_synthetic_v1,debutant,35,20,7,100,25,50,0,25,75,71,29,0
debutant_0459,2,True,positioning_synthetic_v1,debutant,50,20,10,100,25,75,50,50,50,71,43,33
debutant_0459,3,True,positioning_synthetic_v1,debutant,40,20,8,100,50,75,25,50,0,57,29,33
debutant_0459,4,True,positioning_synthetic_v1,debutant,30,20,6,100,75,25,25,0,25,71,0,17
debutant_0460,1,True,positioning_synthetic_v1,debutant,35,20,7,100,25,25,25,25,75,57,29,17
debutant_0460,2,True,positioning_synthetic_v1,debutant,45,20,9,100,25,50,50,25,75,57,57,17
debutant_0460,3,True,positioning_synthetic_v1,debutant,55,20,11,100,50,50,50,25,100,57,71,33
debutant_0460,4,True,positioning_synthetic_v1,debutant,50,20,10,100,50,25,50,75,50,43,57,50
debutant_0461,1,True,positioning_synthetic_v1,debutant,20,20,4,100,25,0,25,25,25,29,29,0
debutant_0461,2,True,positioning_synthetic_v1,debutant,30,20,6,100,50,50,25,25,0,43,43,0
debutant_0461,3,True,positioning_synthetic_v1,debutant,25,20,5,100,25,25,50,25,0,57,0,17
debutant_0461,4,True,positioning_synthetic_v1,debutant,30,20,6,100,50,25,25,25,25,71,14,0
debutant_0462,1,True,positioning_synthetic_v1,debutant,20,20,4,100,25,0,25,25,25,29,29,0
debutant_0462,2,True,positioning_synthetic_v1,debutant,10,20,2,100,25,0,0,0,25,29,0,0
debutant_0462,3,True,positioning_synthetic_v1,debutant,25,20,5,100,0,0,0,50,75,29,43,0
debutant_0462,4,True,positioning_synthetic_v1,debutant,30,20,6,100,25,0,25,75,25,57,29,0
debutant_0463,1,True,positioning_synthetic_v1,debutant,30,20,6,100,25,0,50,25,50,43,14,33
debutant_0463,2,True,positioning_synthetic_v1,debutant,20,20,4,100,0,50,25,25,0,43,14,0
debutant_0463,3,True,positioning_synthetic_v1,debutant,20,20,4,100,0,25,50,0,25,43,14,0
debutant_0463,4,True,positioning_synthetic_v1,debutant,15,20,3,100,25,0,25,25,0,43,0,0
debutant_0464,1,True,positioning_synthetic_v1,debutant,20,20,4,100,25,25,25,25,0,29,14,17
debutant_0464,2,True,positioning_synthetic_v1,debutant,25,20,5,100,25,25,25,25,25,29,29,17
debutant_0464,3,True,positioning_synthetic_v1,debutant,35,20,7,100,0,25,75,50,25,29,57,17
debutant_0464,4,True,positioning_synthetic_v1,debutant,55,20,11,100,25,50,100,75,25,86,43,33
debutant_0465,1,True,positioning_synthetic_v1,debutant,35,20,7,100,75,0,25,50,25,57,29,17
debutant_0465,2,True,positioning_synthetic_v1,debutant,20,20,4,100,25,25,25,25,0,29,29,0
debutant_0465,3,True,positioning_synthetic_v1,debutant,25,20,5,100,25,75,0,0,25,43,14,17
debutant_0465,4,True,positioning_synthetic_v1,debutant,5,20,1,100,0,0,25,0,0,14,0,0
debutant_0466,1,True,positioning_synthetic_v1,debutant,15,20,3,100,50,0,0,25,0,29,14,0
debutant_0466,2,True,positioning_synthetic_v1,debutant,35,20,7,100,0,75,0,75,25,43,29,33
debutant_0466,3,True,positioning_synthetic_v1,debutant,10,20,2,100,25,0,25,0,0,29,0,0
debutant_0466,4,True,positioning_synthetic_v1,debutant,15,20,3,100,25,25,0,25,0,43,0,0
debutant_0467,1,True,positioning_synthetic_v1,debutant,10,20,2,100,0,0,25,0,25,29,0,0
debutant_0467,2,True,positioning_synthetic_v1,debutant,10,20,2,100,25,0,0,0,25,29,0,0
debutant_0467,3,True,positioning_synthetic_v1,debutant,25,20,5,100,50,50,0,25,0,14,29,33
debutant_0467,4,True,positioning_synthetic_v1,debutant,10,20,2,100,25,0,25,0,0,29,0,0
debutant_0468,1,True,positioning_synthetic_v1,debutant,25,20,5,100,0,25,0,50,50,29,43,0
debutant_0468,2,True,positioning_synthetic_v1,debutant,55,20,11,100,50,50,50,50,75,71,43,50
debutant_0468,3,True,positioning_synthetic_v1,debutant,35,20,7,100,50,0,0,100,25,29,43,33
debutant_0468,4,True,positioning_synthetic_v1,debutant,30,20,6,100,50,0,50,25,25,71,0,17
debutant_0469,1,True,positioning_synthetic_v1,debutant,30,20,6,100,0,75,0,50,25,57,29,0
debutant_0469,2,True,positioning_synthetic_v1,debutant,30,20,6,100,25,25,50,25,25,57,14,17
debutant_0469,3,True,positioning_synthetic_v1,debutant,15,20,3,100,50,0,0,25,0,29,14,0
debutant_0469,4,True,positioning_synthetic_v1,debutant,25,20,5,100,0,25,0,75,25,14,43,17
debutant_0470,1,True,positioning_synthetic_v1,debutant,25,20,5,100,25,25,75,0,0,29,14,33
debutant_0470,2,True,positioning_synthetic_v1,debutant,15,20,3,100,0,0,25,0,50,29,14,0
debutant_0470,3,True,positioning_synthetic_v1,debutant,20,20,4,100,50,25,0,0,25,29,29,0
debutant_0470,4,True,positioning_synthetic_v1,debutant,25,20,5,100,25,0,50,25,25,57,0,17
debutant_0471,1,True,positioning_synthetic_v1,debutant,30,20,6,100,50,50,0,25,25,43,29,17
debutant_0471,2,True,positioning_synthetic_v1,debutant,40,20,8,100,25,25,50,50,50,43,43,33
debutant_0471,3,True,positioning_synthetic_v1,debutant,30,20,6,100,0,75,0,75,0,43,29,17
debutant_0471,4,True,positioning_synthetic_v1,debutant,30,20,6,100,25,50,25,25,25,57,14,17
debutant_0472,1,True,positioning_synthetic_v1,debutant,20,20,4,100,25,25,0,0,50,43,14,0
debutant_0472,2,True,positioning_synthetic_v1,debutant,20,20,4,100,0,25,25,0,50,14,29,17
debutant_0472,3,True,positioning_synthetic_v1,debutant,30,20,6,100,25,25,25,25,50,43,43,0
debutant_0472,4,True,positioning_synthetic_v1,debutant,35,20,7,100,75,25,50,0,25,57,0,50
debutant_0473,1,True,positioning_synthetic_v1,debutant,30,20,6,100,25,25,0,25,75,29,43,17
debutant_0473,2,True,positioning_synthetic_v1,debutant,20,20,4,100,25,50,0,25,0,29,14,17
debutant_0473,3,True,positioning_synthetic_v1,debutant,25,20,5,100,0,50,25,50,0,14,57,0
debutant_0473,4,True,positioning_synthetic_v1,debutant,15,20,3,100,0,25,25,25,0,43,0,0
debutant_0474,1,True,positioning_synthetic_v1,debutant,40,20,8,100,75,75,25,0,25,86,14,17
debutant_0474,2,True,positioning_synthetic_v1,debutant,35,20,7,100,25,75,25,25,25,71,0,33
debutant_0474,3,True,positioning_synthetic_v1,debutant,15,20,3,100,0,0,25,25,25,14,14,17
debutant_0474,4,True,positioning_synthetic_v1,debutant,35,20,7,100,50,50,25,25,25,57,29,17
debutant_0475,1,True,positioning_synthetic_v1,debutant,30,20,6,100,50,0,50,0,50,29,43,17
debutant_0475,2,True,positioning_synthetic_v1,debutant,35,20,7,100,0,50,50,50,25,57,29,17
debutant_0475,3,True,positioning_synthetic_v1,debutant,40,20,8,100,25,25,0,75,75,43,71,0
debutant_0475,4,True,positioning_synthetic_v1,debutant,50,20,10,100,50,25,25,75,75,71,43,33
debutant_0476,1,True,positioning_synthetic_v1,debutant,45,20,9,100,0,75,75,25,50,57,57,17
debutant_0476,2,True,positioning_synthetic_v1,debutant,45,20,9,100,50,75,50,25,25,86,29,17
debutant_0476,3,True,positioning_synthetic_v1,debutant,35,20,7,100,25,25,25,50,50,71,14,17
debutant_0476,4,True,positioning_synthetic_v1,debutant,35,20,7,100,50,50,50,0,25,57,43,0
debutant_0477,1,True,positioning_synthetic_v1,debutant,35,20,7,100,50,50,25,50,0,43,43,17
debutant_0477,2,True,positioning_synthetic_v1,debutant,10,20,2,100,25,0,0,25,0,0,14,17
debutant_0477,3,True,positioning_synthetic_v1,debutant,25,20,5,100,50,25,25,25,0,29,14,33
debutant_0477,4,True,positioning_synthetic_v1,debutant,40,20,8,100,25,25,75,50,25,86,0,33
debutant_0478,1,True,positioning_synthetic_v1,debutant,25,20,5,100,0,50,0,50,25,29,29,17
debutant_0478,2,True,positioning_synthetic_v1,debutant,30,20,6,100,25,25,25,25,50,57,14,17
debutant_0478,3,True,positioning_synthetic_v1,debutant,40,20,8,100,25,0,50,50,75,71,14,33
debutant_0478,4,True,positioning_synthetic_v1,debutant,10,20,2,100,0,50,0,0,0,29,0,0
debutant_0479,1,True,positioning_synthetic_v1,debutant,20,20,4,100,0,25,50,25,0,43,14,0
debutant_0479,2,True,positioning_synthetic_v1,debutant,15,20,3,100,0,25,25,25,0,29,0,17
debutant_0479,3,True,positioning_synthetic_v1,debutant,20,20,4,100,50,0,25,25,0,14,29,17
debutant_0479,4,True,positioning_synthetic_v1,debutant,30,20,6,100,50,25,50,25,0,57,14,17
debutant_0480,1,True,positioning_synthetic_v1,debutant,30,20,6,100,25,50,0,25,50,43,43,0
debutant_0480,2,True,positioning_synthetic_v1,debutant,15,20,3,100,25,0,0,0,50,29,14,0
debutant_0480,3,True,positioning_synthetic_v1,debutant,40,20,8,100,25,50,25,50,50,71,29,17
debutant_0480,4,True,positioning_synthetic_v1,debutant,35,20,7,100,0,25,50,75,25,57,29,17
debutant_0481,1,True,positioning_synthetic_v1,debutant,25,20,5,100,25,25,0,25,50,43,14,17
debutant_0481,2,True,positioning_synthetic_v1,debutant,10,20,2,100,0,25,0,25,0,29,0,0
debutant_0481,3,True,positioning_synthetic_v1,debutant,25,20,5,100,50,0,0,0,75,29,43,0
debutant_0481,4,True,positioning_synthetic_v1,debutant,35,20,7,100,25,100,25,0,25,71,14,17
debutant_0482,1,True,positioning_synthetic_v1,debutant,20,20,4,100,0,25,25,0,50,29,14,17
debutant_0482,2,True,positioning_synthetic_v1,debutant,25,20,5,100,50,25,25,0,25,43,0,33
debutant_0482,3,True,positioning_synthetic_v1,debutant,5,20,1,100,25,0,0,0,0,14,0,0
debutant_0482,4,True,positioning_synthetic_v1,debutant,30,20,6,100,75,25,50,0,0,29,57,0
debutant_0483,1,True,positioning_synthetic_v1,debutant,30,20,6,100,75,25,0,25,25,57,14,17
debutant_0483,2,True,positioning_synthetic_v1,debutant,20,20,4,100,25,0,25,0,50,29,14,17
debutant_0483,3,True,positioning_synthetic_v1,debutant,15,20,3,100,0,0,50,25,0,29,0,17
debutant_0483,4,True,positioning_synthetic_v1,debutant,20,20,4,100,25,25,25,25,0,29,29,0
debutant_0484,1,True,positioning_synthetic_v1,debutant,10,20,2,100,25,0,25,0,0,14,14,0
debutant_0484,2,True,positioning_synthetic_v1,debutant,35,20,7,100,25,50,50,0,50,86,14,0
debutant_0484,3,True,positioning_synthetic_v1,debutant,15,20,3,100,0,25,25,25,0,14,29,0
debutant_0484,4,True,positioning_synthetic_v1,debutant,10,20,2,100,50,0,0,0,0,14,0,17
debutant_0485,1,True,positioning_synthetic_v1,debutant,10,20,2,100,0,0,25,0,25,14,14,0
debutant_0485,2,True,positioning_synthetic_v1,debutant,30,20,6,100,50,0,0,75,25,43,29,17
debutant_0485,3,True,positioning_synthetic_v1,debutant,25,20,5,100,25,50,50,0,0,43,14,17
debutant_0485,4,True,positioning_synthetic_v1,debutant,25,20,5,100,50,0,25,0,50,29,29,17
debutant_0486,1,True,positioning_synthetic_v1,debutant,45,20,9,100,75,25,25,50,50,57,14,67
debutant_0486,2,True,positioning_synthetic_v1,debutant,35,20,7,100,25,0,25,50,75,43,43,17
debutant_0486,3,True,positioning_synthetic_v1,debutant,30,20,6,100,25,25,25,0,75,43,29,17
debutant_0486,4,True,positioning_synthetic_v1,debutant,40,20,8,100,25,50,25,25,75,29,57,33
debutant_0487,1,True,positioning_synthetic_v1,debutant,45,20,9,100,50,50,50,50,25,57,57,17
debutant_0487,2,True,positioning_synthetic_v1,debutant,45,20,9,100,50,50,75,0,50,43,57,33
debutant_0487,3,True,positioning_synthetic_v1,debutant,25,20,5,100,25,25,50,25,0,43,14,17
debutant_0487,4,True,positioning_synthetic_v1,debutant,30,20,6,100,25,50,50,25,0,71,14,0
debutant_0488,1,True,positioning_synthetic_v1,debutant,25,20,5,100,25,25,0,25,50,57,14,0
debutant_0488,2,True,positioning_synthetic_v1,debutant,15,20,3,100,25,0,0,25,25,29,14,0
debutant_0488,3,True,positioning_synthetic_v1,debutant,25,20,5,100,25,0,25,50,25,14,43,17
debutant_0488,4,True,positioning_synthetic_v1,debutant,25,20,5,100,25,25,0,50,25,14,29,33
debutant_0489,1,True,positioning_synthetic_v1,debutant,10,20,2,100,0,25,0,25,0,0,29,0
debutant_0489,2,True,positioning_synthetic_v1,debutant,15,20,3,100,0,25,25,25,0,43,0,0
debutant_0489,3,True,positioning_synthetic_v1,debutant,20,20,4,100,0,25,25,0,50,29,0,33
debutant_0489,4,True,positioning_synthetic_v1,debutant,20,20,4,100,0,50,25,0,25,29,29,0
debutant_0490,1,True,positioning_synthetic_v1,debutant,15,20,3,100,0,25,0,25,25,43,0,0
debutant_0490,2,True,positioning_synthetic_v1,debutant,15,20,3,100,25,0,0,25,25,29,14,0
debutant_0490,3,True,positioning_synthetic_v1,debutant,15,20,3,100,50,25,0,0,0,29,0,17
debutant_0490,4,True,positioning_synthetic_v1,debutant,25,20,5,100,25,25,50,25,0,14,29,33
debutant_0491,1,True,positioning_synthetic_v1,debutant,25,20,5,100,25,0,75,25,0,57,0,17
debutant_0491,2,True,positioning_synthetic_v1,debutant,10,20,2,100,25,0,0,25,0,0,29,0
debutant_0491,3,True,positioning_synthetic_v1,debutant,45,20,9,100,50,75,50,0,50,71,57,0
debutant_0491,4,True,positioning_synthetic_v1,debutant,25,20,5,100,0,25,25,50,25,43,14,17
debutant_0492,1,True,positioning_synthetic_v1,debutant,25,20,5,100,0,25,50,50,0,29,43,0
debutant_0492,2,True,positioning_synthetic_v1,debutant,15,20,3,100,0,25,25,25,0,14,29,0
debutant_0492,3,True,positioning_synthetic_v1,debutant,10,20,2,100,25,0,0,25,0,29,0,0
debutant_0492,4,True,positioning_synthetic_v1,debutant,20,20,4,100,0,25,25,50,0,14,43,0
debutant_0493,1,True,positioning_synthetic_v1,debutant,35,20,7,100,25,75,25,25,25,29,43,33
debutant_0493,2,True,positioning_synthetic_v1,debutant,40,20,8,100,50,50,25,25,50,57,29,33
debutant_0493,3,True,positioning_synthetic_v1,debutant,55,20,11,100,100,50,0,100,25,57,57,50
debutant_0493,4,True,positioning_synthetic_v1,debutant,35,20,7,100,50,25,25,50,25,57,43,0
debutant_0494,1,True,positioning_synthetic_v1,debutant,15,20,3,100,25,25,25,0,0,29,14,0
debutant_0494,2,True,positioning_synthetic_v1,debutant,20,20,4,100,25,25,25,0,25,57,0,0
debutant_0494,3,True,positioning_synthetic_v1,debutant,0,20,0,100,0,0,0,0,0,0,0,0
debutant_0494,4,True,positioning_synthetic_v1,debutant,30,20,6,100,25,25,50,25,25,57,0,33
debutant_0495,1,True,positioning_synthetic_v1,debutant,15,20,3,100,25,25,25,0,0,29,14,0
debutant_0495,2,True,positioning_synthetic_v1,debutant,25,20,5,100,25,0,25,25,50,57,0,17
debutant_0495,3,True,positioning_synthetic_v1,debutant,15,20,3,100,25,0,25,25,0,43,0,0
debutant_0495,4,True,positioning_synthetic_v1,debutant,30,20,6,100,75,0,25,50,0,57,14,17
debutant_0496,1,True,positioning_synthetic_v1,debutant,25,20,5,100,50,0,25,0,50,43,0,33
debutant_0496,2,True,positioning_synthetic_v1,debutant,35,20,7,100,75,25,0,50,25,71,14,17
debutant_0496,3,True,positioning_synthetic_v1,debutant,45,20,9,100,0,50,75,25,75,57,43,33
debutant_0496,4,True,positioning_synthetic_v1,debutant,25,20,5,100,50,0,25,0,50,29,29,17
debutant_0497,1,True,positioning_synthetic_v1,debutant,20,20,4,100,0,25,25,0,50,29,29,0
debutant_0497,2,True,positioning_synthetic_v1,debutant,10,20,2,100,0,25,25,0,0,14,14,0
debutant_0497,3,True,positioning_synthetic_v1,debutant,30,20,6,100,25,25,50,25,25,57,29,0
debutant_0497,4,True,positioning_synthetic_v1,debutant,10,20,2,100,0,0,0,25,25,14,14,0
debutant_0498,1,True,positioning_synthetic_v1,debutant,25,20,5,100,50,50,0,0,25,43,29,0
debutant_0498,2,True,positioning_synthetic_v1,debutant,20,20,4,100,0,0,25,75,0,43,14,0
debutant_0498,3,True,positioning_synthetic_v1,debutant,35,20,7,100,50,25,0,75,25,71,29,0
debutant_0498,4,True,positioning_synthetic_v1,debutant,20,20,4,100,25,25,25,0,25,14,29,17
debutant_0499,1,True,positioning_synthetic_v1,debutant,45,20,9,100,50,50,50,50,25,86,14,33
debutant_0499,2,True,positioning_synthetic_v1,debutant,30,20,6,100,25,25,50,50,0,57,14,17
debutant_0499,3,True,positioning_synthetic_v1,debutant,45,20,9,100,0,50,75,75,25,43,57,33
debutant_0499,4,True,positioning_synthetic_v1,debutant,50,20,10,100,25,75,75,25,50,71,57,17
debutant_0500,1,True,positioning_synthetic_v1,debutant,25,20,5,100,25,25,50,0,25,29,43,0
debutant_0500,2,True,positioning_synthetic_v1,debutant,25,20,5,100,25,50,25,25,0,57,14,0
debutant_0500,3,True,positioning_synthetic_v1,debutant,20,20,4,100,25,0,25,0,50,14,29,17
debutant_0500,4,True,positioning_synthetic_v1,debutant,40,20,8,100,50,75,50,0,25,57,43,17
intermediaire_0001,1,True,positioning_synthetic_v1,intermediaire,50,20,10,100,75,75,50,50,0,57,43,50
intermediaire_0001,2,True,positioning_synthetic_v1,intermediaire,55,20,11,100,25,50,50,50,100,43,71,50
intermediaire_0001,3,True,positioning_synthetic_v1,intermediaire,20,20,4,100,25,0,25,25,25,29,29,0
intermediaire_0001,4,True,positioning_synthetic_v1,intermediaire,60,20,12,100,100,50,100,25,25,71,57,50
intermediaire_0002,1,True,positioning_synthetic_v1,intermediaire,55,20,11,100,50,100,75,50,0,57,57,50
intermediaire_0002,2,True,positioning_synthetic_v1,intermediaire,80,20,16,100,75,75,75,100,75,100,100,33
intermediaire_0002,3,True,positioning_synthetic_v1,intermediaire,45,20,9,100,50,50,50,50,25,71,29,33
intermediaire_0002,4,True,positioning_synthetic_v1,intermediaire,65,20,13,100,75,100,75,25,50,100,43,50
intermediaire_0003,1,True,positioning_synthetic_v1,intermediaire,75,20,15,100,100,100,75,50,50,100,86,33
intermediaire_0003,2,True,positioning_synthetic_v1,intermediaire,60,20,12,100,75,50,75,50,50,57,57,67
intermediaire_0003,3,True,positioning_synthetic_v1,intermediaire,50,20,10,100,0,25,75,75,75,57,71,17
intermediaire_0003,4,True,positioning_synthetic_v1,intermediaire,60,20,12,100,25,50,100,75,50,57,71,50
intermediaire_0004,1,True,positioning_synthetic_v1,intermediaire,35,20,7,100,25,50,0,25,75,43,29,33
intermediaire_0004,2,True,positioning_synthetic_v1,intermediaire,40,20,8,100,25,50,50,50,25,57,43,17
intermediaire_0004,3,True,positioning_synthetic_v1,intermediaire,45,20,9,100,50,50,50,50,25,57,57,17
intermediaire_0004,4,True,positioning_synthetic_v1,intermediaire,25,20,5,100,50,25,0,25,25,14,43,17
intermediaire_0005,1,True,positioning_synthetic_v1,intermediaire,55,20,11,100,50,100,50,0,75,86,43,33
intermediaire_0005,2,True,positioning_synthetic_v1,intermediaire,60,20,12,100,0,75,100,75,50,71,57,50
intermediaire_0005,3,True,positioning_synthetic_v1,intermediaire,55,20,11,100,25,50,50,75,75,100,43,17
intermediaire_0005,4,True,positioning_synthetic_v1,intermediaire,75,20,15,100,50,100,100,50,75,100,86,33
intermediaire_0006,1,True,positioning_synthetic_v1,intermediaire,55,20,11,100,50,100,25,75,25,86,43,33
intermediaire_0006,2,True,positioning_synthetic_v1,intermediaire,75,20,15,100,50,100,50,100,75,86,71,67
intermediaire_0006,3,True,positioning_synthetic_v1,intermediaire,50,20,10,100,50,50,0,50,100,71,29,50
intermediaire_0006,4,True,positioning_synthetic_v1,intermediaire,55,20,11,100,50,50,25,100,50,71,57,33
intermediaire_0007,1,True,positioning_synthetic_v1,intermediaire,25,20,5,100,75,25,25,0,0,43,14,17
intermediaire_0007,2,True,positioning_synthetic_v1,intermediaire,40,20,8,100,75,25,50,0,50,14,71,33
intermediaire_0007,3,True,positioning_synthetic_v1,intermediaire,30,20,6,100,25,25,25,50,25,43,43,0
intermediaire_0007,4,True,positioning_synthetic_v1,intermediaire,30,20,6,100,25,0,25,50,50,29,29,33
intermediaire_0008,1,True,positioning_synthetic_v1,intermediaire,50,20,10,100,50,100,50,25,25,43,43,67
intermediaire_0008,2,True,positioning_synthetic_v1,intermediaire,35,20,7,100,25,50,50,0,50,43,43,17
intermediaire_0008,3,True,positioning_synthetic_v1,intermediaire,45,20,9,100,50,0,50,75,50,71,43,17
intermediaire_0008,4,True,positioning_synthetic_v1,intermediaire,45,20,9,100,0,50,75,50,50,43,57,33
intermediaire_0009,1,True,positioning_synthetic_v1,intermediaire,65,20,13,100,75,100,25,50,75,71,86,33
intermediaire_0009,2,True,positioning_synthetic_v1,intermediaire,50,20,10,100,25,25,75,75,50,57,43,50
intermediaire_0009,3,True,positioning_synthetic_v1,intermediaire,55,20,11,100,50,50,75,75,25,86,57,17
intermediaire_0009,4,True,positioning_synthetic_v1,intermediaire,60,20,12,100,75,75,75,25,50,71,57,50
intermediaire_0010,1,True,positioning_synthetic_v1,intermediaire,50,20,10,100,50,0,50,100,50,57,57,33
intermediaire_0010,2,True,positioning_synthetic_v1,intermediaire,40,20,8,100,50,50,50,25,25,86,14,17
intermediaire_0010,3,True,positioning_synthetic_v1,intermediaire,30,20,6,100,25,25,25,25,50,57,14,17
intermediaire_0010,4,True,positioning_synthetic_v1,intermediaire,35,20,7,100,50,25,25,25,50,57,14,33
intermediaire_0011,1,True,positioning_synthetic_v1,intermediaire,55,20,11,100,25,75,25,75,75,71,57,33
intermediaire_0011,2,True,positioning_synthetic_v1,intermediaire,40,20,8,100,25,75,25,25,50,71,29,17
intermediaire_0011,3,True,positioning_synthetic_v1,intermediaire,45,20,9,100,25,50,75,25,50,71,29,33
intermediaire_0011,4,True,positioning_synthetic_v1,intermediaire,50,20,10,100,75,25,75,25,50,100,29,17
intermediaire_0012,1,True,positioning_synthetic_v1,intermediaire,50,20,10,100,50,50,25,50,75,57,29,67
intermediaire_0012,2,True,positioning_synthetic_v1,intermediaire,75,20,15,100,75,100,75,50,75,100,86,33
intermediaire_0012,3,True,positioning_synthetic_v1,intermediaire,65,20,13,100,50,50,100,50,75,86,57,50
intermediaire_0012,4,True,positioning_synthetic_v1,intermediaire,80,20,16,100,50,100,75,75,100,86,57,100
intermediaire_0013,1,True,positioning_synthetic_v1,intermediaire,65,20,13,100,75,75,50,75,50,71,71,50
intermediaire_0013,2,True,positioning_synthetic_v1,intermediaire,65,20,13,100,75,50,50,100,50,86,71,33
intermediaire_0013,3,True,positioning_synthetic_v1,intermediaire,75,20,15,100,50,100,100,100,25,86,86,50
intermediaire_0013,4,True,positioning_synthetic_v1,intermediaire,50,20,10,100,25,50,50,100,25,71,43,33
intermediaire_0014,1,True,positioning_synthetic_v1,intermediaire,50,20,10,100,50,50,75,25,50,43,57,50
intermediaire_0014,2,True,positioning_synthetic_v1,intermediaire,50,20,10,100,50,75,50,50,25,71,43,33
intermediaire_0014,3,True,positioning_synthetic_v1,intermediaire,40,20,8,100,75,25,50,25,25,86,0,33
intermediaire_0014,4,True,positioning_synthetic_v1,intermediaire,60,20,12,100,25,100,50,75,50,86,57,33
intermediaire_0015,1,True,positioning_synthetic_v1,intermediaire,55,20,11,100,25,50,75,75,50,43,57,67
intermediaire_0015,2,True,positioning_synthetic_v1,intermediaire,20,20,4,100,50,0,0,25,25,43,0,17
intermediaire_0015,3,True,positioning_synthetic_v1,intermediaire,35,20,7,100,25,25,25,50,50,43,43,17
intermediaire_0015,4,True,positioning_synthetic_v1,intermediaire,45,20,9,100,25,25,75,75,25,43,86,0
intermediaire_0016,1,True,positioning_synthetic_v1,intermediaire,55,20,11,100,75,25,75,50,50,57,71,33
intermediaire_0016,2,True,positioning_synthetic_v1,intermediaire,65,20,13,100,75,75,25,75,75,86,57,50
intermediaire_0016,3,True,positioning_synthetic_v1,intermediaire,50,20,10,100,25,75,25,50,75,71,71,0
intermediaire_0016,4,True,positioning_synthetic_v1,intermediaire,65,20,13,100,75,100,50,50,50,100,57,33
intermediaire_0017,1,True,positioning_synthetic_v1,intermediaire,60,20,12,100,50,50,100,75,25,43,100,33
intermediaire_0017,2,True,positioning_synthetic_v1,intermediaire,45,20,9,100,75,50,50,50,0,43,57,33
intermediaire_0017,3,True,positioning_synthetic_v1,intermediaire,75,20,15,100,75,75,75,50,100,86,71,67
intermediaire_0017,4,True,positioning_synthetic_v1,intermediaire,60,20,12,100,75,75,50,50,50,86,57,33
intermediaire_0018,1,True,positioning_synthetic_v1,intermediaire,70,20,14,100,75,75,75,100,25,71,71,67
intermediaire_0018,2,True,positioning_synthetic_v1,intermediaire,70,20,14,100,75,50,25,100,100,100,57,50
intermediaire_0018,3,True,positioning_synthetic_v1,intermediaire,55,20,11,100,25,75,50,75,50,71,57,33
intermediaire_0018,4,True,positioning_synthetic_v1,intermediaire,70,20,14,100,75,75,75,50,75,57,100,50
intermediaire_0019,1,True,positioning_synthetic_v1,intermediaire,70,20,14,100,75,75,50,50,100,86,57,67
intermediaire_0019,2,True,positioning_synthetic_v1,intermediaire,50,20,10,100,75,50,25,25,75,57,29,67
intermediaire_0019,3,True,positioning_synthetic_v1,intermediaire,75,20,15,100,100,50,75,100,50,86,57,83
intermediaire_0019,4,True,positioning_synthetic_v1,intermediaire,50,20,10,100,50,75,25,50,50,57,43,50
intermediaire_0020,1,True,positioning_synthetic_v1,intermediaire,50,20,10,100,25,75,50,50,50,86,43,17
intermediaire_0020,2,True,positioning_synthetic_v1,intermediaire,45,20,9,100,25,50,50,50,50,71,43,17
intermediaire_0020,3,True,positioning_synthetic_v1,intermediaire,55,20,11,100,25,50,75,50,75,71,43,50
intermediaire_0020,4,True,positioning_synthetic_v1,intermediaire,60,20,12,100,50,75,75,50,50,57,57,67
intermediaire_0021,1,True,positioning_synthetic_v1,intermediaire,45,20,9,100,25,100,75,25,0,71,29,33
intermediaire_0021,2,True,positioning_synthetic_v1,intermediaire,45,20,9,100,100,50,0,25,50,57,43,33
intermediaire_0021,3,True,positioning_synthetic_v1,intermediaire,45,20,9,100,100,50,25,50,0,71,43,17
intermediaire_0021,4,True,positioning_synthetic_v1,intermediaire,40,20,8,100,75,0,75,0,50,57,29,33
intermediaire_0022,1,True,positioning_synthetic_v1,intermediaire,35,20,7,100,0,75,50,0,50,57,43,0
intermediaire_0022,2,True,positioning_synthetic_v1,intermediaire,40,20,8,100,25,50,50,25,50,43,29,50
intermediaire_0022,3,True,positioning_synthetic_v1,intermediaire,60,20,12,100,50,100,50,25,75,57,71,50
intermediaire_0022,4,True,positioning_synthetic_v1,intermediaire,40,20,8,100,0,25,50,50,75,71,43,0
intermediaire_0023,1,True,positioning_synthetic_v1,intermediaire,55,20,11,100,50,50,50,50,75,86,29,50
intermediaire_0023,2,True,positioning_synthetic_v1,intermediaire,35,20,7,100,50,75,25,25,0,57,29,17
intermediaire_0023,3,True,positioning_synthetic_v1,intermediaire,55,20,11,100,50,50,75,50,50,86,29,50
intermediaire_0023,4,True,positioning_synthetic_v1,intermediaire,50,20,10,100,50,75,75,25,25,57,57,33
intermediaire_0024,1,True,positioning_synthetic_v1,intermediaire,65,20,13,100,50,50,100,75,50,86,71,33
intermediaire_0024,2,True,positioning_synthetic_v1,intermediaire,65,20,13,100,25,100,25,75,100,71,71,50
intermediaire_0024,3,True,positioning_synthetic_v1,intermediaire,55,20,11,100,25,75,50,25,100,57,57,50
intermediaire_0024,4,True,positioning_synthetic_v1,intermediaire,55,20,11,100,75,50,50,25,75,57,43,67
intermediaire_0025,1,True,positioning_synthetic_v1,intermediaire,55,20,11,100,25,50,50,75,75,71,71,17
intermediaire_0025,2,True,positioning_synthetic_v1,intermediaire,50,20,10,100,25,75,0,75,75,71,29,50
intermediaire_0025,3,True,positioning_synthetic_v1,intermediaire,50,20,10,100,50,50,100,50,0,71,57,17
intermediaire_0025,4,True,positioning_synthetic_v1,intermediaire,60,20,12,100,50,75,75,75,25,86,43,50
intermediaire_0026,1,True,positioning_synthetic_v1,intermediaire,35,20,7,100,50,0,50,50,25,57,43,0
intermediaire_0026,2,True,positioning_synthetic_v1,intermediaire,40,20,8,100,75,0,50,25,50,57,57,0
intermediaire_0026,3,True,positioning_synthetic_v1,intermediaire,65,20,13,100,75,25,100,25,100,71,86,33
intermediaire_0026,4,True,positioning_synthetic_v1,intermediaire,50,20,10,100,75,25,50,75,25,86,29,33
intermediaire_0027,1,True,positioning_synthetic_v1,intermediaire,50,20,10,100,75,50,25,75,25,57,57,33
intermediaire_0027,2,True,positioning_synthetic_v1,intermediaire,35,20,7,100,25,0,75,50,25,43,43,17
intermediaire_0027,3,True,positioning_synthetic_v1,intermediaire,30,20,6,100,50,50,25,25,0,86,0,0
intermediaire_0027,4,True,positioning_synthetic_v1,intermediaire,30,20,6,100,0,25,25,75,25,14,57,17
intermediaire_0028,1,True,positioning_synthetic_v1,intermediaire,40,20,8,100,25,50,50,50,25,43,29,50
intermediaire_0028,2,True,positioning_synthetic_v1,intermediaire,80,20,16,100,75,75,100,100,50,100,57,83
intermediaire_0028,3,True,positioning_synthetic_v1,intermediaire,65,20,13,100,75,75,50,50,75,86,86,17
intermediaire_0028,4,True,positioning_synthetic_v1,intermediaire,40,20,8,100,50,25,25,75,25,43,29,50
intermediaire_0029,1,True,positioning_synthetic_v1,intermediaire,65,20,13,100,75,50,50,75,75,100,57,33
intermediaire_0029,2,True,positioning_synthetic_v1,intermediaire,45,20,9,100,25,50,50,50,50,43,57,33
intermediaire_0029,3,True,positioning_synthetic_v1,intermediaire,75,20,15,100,75,50,75,100,75,100,71,50
intermediaire_0029,4,True,positioning_synthetic_v1,intermediaire,65,20,13,100,75,75,75,50,50,100,29,67
intermediaire_0030,1,True,positioning_synthetic_v1,intermediaire,45,20,9,100,75,50,25,25,50,71,29,33
intermediaire_0030,2,True,positioning_synthetic_v1,intermediaire,45,20,9,100,75,75,25,25,25,71,29,33
intermediaire_0030,3,True,positioning_synthetic_v1,intermediaire,40,20,8,100,75,25,50,0,50,43,57,17
intermediaire_0030,4,True,positioning_synthetic_v1,intermediaire,60,20,12,100,75,50,50,50,75,71,71,33
intermediaire_0031,1,True,positioning_synthetic_v1,intermediaire,40,20,8,100,75,0,50,75,0,71,43,0
intermediaire_0031,2,True,positioning_synthetic_v1,intermediaire,45,20,9,100,50,50,0,75,50,29,86,17
intermediaire_0031,3,True,positioning_synthetic_v1,intermediaire,55,20,11,100,75,50,75,75,0,71,71,17
intermediaire_0031,4,True,positioning_synthetic_v1,intermediaire,70,20,14,100,25,100,75,75,75,71,57,83
intermediaire_0032,1,True,positioning_synthetic_v1,intermediaire,65,20,13,100,50,75,50,75,75,86,57,50
intermediaire_0032,2,True,positioning_synthetic_v1,intermediaire,65,20,13,100,50,25,100,75,75,57,86,50
intermediaire_0032,3,True,positioning_synthetic_v1,intermediaire,55,20,11,100,50,25,100,50,50,86,43,33
intermediaire_0032,4,True,positioning_synthetic_v1,intermediaire,60,20,12,100,50,25,100,75,50,86,43,50
intermediaire_0033,1,True,positioning_synthetic_v1,intermediaire,40,20,8,100,25,50,50,25,50,43,57,17
intermediaire_0033,2,True,positioning_synthetic_v1,intermediaire,60,20,12,100,75,75,50,50,50,71,86,17
intermediaire_0033,3,True,positioning_synthetic_v1,intermediaire,65,20,13,100,50,50,75,50,100,100,43,50
intermediaire_0033,4,True,positioning_synthetic_v1,intermediaire,65,20,13,100,75,50,50,75,75,100,57,33
intermediaire_0034,1,True,positioning_synthetic_v1,intermediaire,55,20,11,100,50,50,75,75,25,86,43,33
intermediaire_0034,2,True,positioning_synthetic_v1,intermediaire,60,20,12,100,25,50,100,100,25,86,57,33
intermediaire_0034,3,True,positioning_synthetic_v1,intermediaire,70,20,14,100,75,50,100,50,75,100,71,33
intermediaire_0034,4,True,positioning_synthetic_v1,intermediaire,55,20,11,100,100,75,25,50,25,71,43,50
intermediaire_0035,1,True,positioning_synthetic_v1,intermediaire,50,20,10,100,75,25,75,75,0,71,43,33
intermediaire_0035,2,True,positioning_synthetic_v1,intermediaire,45,20,9,100,75,50,25,50,25,57,57,17
intermediaire_0035,3,True,positioning_synthetic_v1,intermediaire,45,20,9,100,75,25,75,25,25,71,14,50
intermediaire_0035,4,True,positioning_synthetic_v1,intermediaire,50,20,10,100,75,50,25,25,75,86,29,33
intermediaire_0036,1,True,positioning_synthetic_v1,intermediaire,50,20,10,100,25,100,50,50,25,29,57,67
intermediaire_0036,2,True,positioning_synthetic_v1,intermediaire,45,20,9,100,25,50,50,50,50,71,29,33
intermediaire_0036,3,True,positioning_synthetic_v1,intermediaire,70,20,14,100,50,100,75,50,75,86,57,67
intermediaire_0036,4,True,positioning_synthetic_v1,intermediaire,55,20,11,100,25,75,50,75,50,86,57,17
intermediaire_0037,1,True,positioning_synthetic_v1,intermediaire,45,20,9,100,25,50,50,75,25,43,57,33
intermediaire_0037,2,True,positioning_synthetic_v1,intermediaire,35,20,7,100,25,0,50,25,75,43,29,33
intermediaire_0037,3,True,positioning_synthetic_v1,intermediaire,55,20,11,100,50,50,50,75,50,57,43,67
intermediaire_0037,4,True,positioning_synthetic_v1,intermediaire,60,20,12,100,75,75,50,50,50,71,71,33
intermediaire_0038,1,True,positioning_synthetic_v1,intermediaire,35,20,7,100,50,50,75,0,0,43,29,33
intermediaire_0038,2,True,positioning_synthetic_v1,intermediaire,45,20,9,100,75,25,50,25,50,57,43,33
intermediaire_0038,3,True,positioning_synthetic_v1,intermediaire,30,20,6,100,75,0,0,25,50,43,29,17
intermediaire_0038,4,True,positioning_synthetic_v1,intermediaire,55,20,11,100,100,25,50,75,25,71,57,33
intermediaire_0039,1,True,positioning_synthetic_v1,intermediaire,50,20,10,100,75,25,25,75,50,57,43,50
intermediaire_0039,2,True,positioning_synthetic_v1,intermediaire,50,20,10,100,75,25,25,75,50,57,57,33
intermediaire_0039,3,True,positioning_synthetic_v1,intermediaire,50,20,10,100,25,50,75,25,75,86,29,33
intermediaire_0039,4,True,positioning_synthetic_v1,intermediaire,40,20,8,100,50,25,25,25,75,43,57,17
intermediaire_0040,1,True,positioning_synthetic_v1,intermediaire,65,20,13,100,75,25,100,75,50,71,86,33
intermediaire_0040,2,True,positioning_synthetic_v1,intermediaire,45,20,9,100,25,25,25,75,75,57,43,33
intermediaire_0040,3,True,positioning_synthetic_v1,intermediaire,55,20,11,100,75,25,50,75,50,57,71,33
intermediaire_0040,4,True,positioning_synthetic_v1,intermediaire,55,20,11,100,75,25,50,50,75,86,57,17
intermediaire_0041,1,True,positioning_synthetic_v1,intermediaire,40,20,8,100,25,100,50,0,25,57,29,33
intermediaire_0041,2,True,positioning_synthetic_v1,intermediaire,30,20,6,100,25,25,0,50,50,43,29,17
intermediaire_0041,3,True,positioning_synthetic_v1,intermediaire,50,20,10,100,75,50,50,50,25,43,57,50
intermediaire_0041,4,True,positioning_synthetic_v1,intermediaire,50,20,10,100,50,75,50,0,75,71,29,50
intermediaire_0042,1,True,positioning_synthetic_v1,intermediaire,55,20,11,100,75,25,100,25,50,57,57,50
intermediaire_0042,2,True,positioning_synthetic_v1,intermediaire,45,20,9,100,25,25,50,75,50,71,43,17
intermediaire_0042,3,True,positioning_synthetic_v1,intermediaire,50,20,10,100,25,75,0,50,100,57,71,17
intermediaire_0042,4,True,positioning_synthetic_v1,intermediaire,65,20,13,100,75,25,75,75,75,86,86,17
intermediaire_0043,1,True,positioning_synthetic_v1,intermediaire,45,20,9,100,25,25,75,50,50,29,57,50
intermediaire_0043,2,True,positioning_synthetic_v1,intermediaire,50,20,10,100,50,75,0,50,75,71,43,33
intermediaire_0043,3,True,positioning_synthetic_v1,intermediaire,80,20,16,100,100,100,75,75,50,100,71,67
intermediaire_0043,4,True,positioning_synthetic_v1,intermediaire,65,20,13,100,50,25,75,100,75,86,71,33
intermediaire_0044,1,True,positioning_synthetic_v1,intermediaire,60,20,12,100,50,100,50,50,50,71,57,50
intermediaire_0044,2,True,positioning_synthetic_v1,intermediaire,40,20,8,100,50,75,0,50,25,71,29,17
intermediaire_0044,3,True,positioning_synthetic_v1,intermediaire,45,20,9,100,50,25,50,25,75,86,29,17
intermediaire_0044,4,True,positioning_synthetic_v1,intermediaire,45,20,9,100,50,0,25,50,100,71,29,33
intermediaire_0045,1,True,positioning_synthetic_v1,intermediaire,30,20,6,100,25,75,25,25,0,43,43,0
intermediaire_0045,2,True,positioning_synthetic_v1,intermediaire,15,20,3,100,0,0,25,0,50,29,14,0
intermediaire_0045,3,True,positioning_synthetic_v1,intermediaire,40,20,8,100,75,0,50,25,50,57,57,0
intermediaire_0045,4,True,positioning_synthetic_v1,intermediaire,60,20,12,100,50,25,75,100,50,71,43,67
intermediaire_0046,1,True,positioning_synthetic_v1,intermediaire,25,20,5,100,0,50,50,25,0,43,14,17
intermediaire_0046,2,True,positioning_synthetic_v1,intermediaire,40,20,8,100,0,50,25,75,50,57,29,33
intermediaire_0046,3,True,positioning_synthetic_v1,intermediaire,40,20,8,100,25,25,75,25,50,43,43,33
intermediaire_0046,4,True,positioning_synthetic_v1,intermediaire,30,20,6,100,0,0,75,25,50,29,29,33
intermediaire_0047,1,True,positioning_synthetic_v1,intermediaire,55,20,11,100,50,50,25,75,75,71,71,17
intermediaire_0047,2,True,positioning_synthetic_v1,intermediaire,70,20,14,100,75,75,75,50,75,100,71,33
intermediaire_0047,3,True,positioning_synthetic_v1,intermediaire,45,20,9,100,50,50,50,50,25,43,57,33
intermediaire_0047,4,True,positioning_synthetic_v1,intermediaire,60,20,12,100,50,50,75,25,100,29,71,83
intermediaire_0048,1,True,positioning_synthetic_v1,intermediaire,40,20,8,100,50,0,25,75,50,57,57,0
intermediaire_0048,2,True,positioning_synthetic_v1,intermediaire,45,20,9,100,25,50,75,50,25,57,57,17
intermediaire_0048,3,True,positioning_synthetic_v1,intermediaire,50,20,10,100,25,50,50,50,75,43,71,33
intermediaire_0048,4,True,positioning_synthetic_v1,intermediaire,55,20,11,100,50,50,75,75,25,71,43,50
intermediaire_0049,1,True,positioning_synthetic_v1,intermediaire,60,20,12,100,50,75,50,50,75,86,71,17
intermediaire_0049,2,True,positioning_synthetic_v1,intermediaire,70,20,14,100,75,50,75,50,100,86,57,67
intermediaire_0049,3,True,positioning_synthetic_v1,intermediaire,30,20,6,100,25,25,50,0,50,57,14,17
intermediaire_0049,4,True,positioning_synthetic_v1,intermediaire,55,20,11,100,75,75,25,75,25,57,71,33
intermediaire_0050,1,True,positioning_synthetic_v1,intermediaire,30,20,6,100,50,25,0,50,25,43,14,33
intermediaire_0050,2,True,positioning_synthetic_v1,intermediaire,50,20,10,100,50,25,25,75,75,57,57,33
intermediaire_0050,3,True,positioning_synthetic_v1,intermediaire,70,20,14,100,100,50,50,50,100,86,57,67
intermediaire_0050,4,True,positioning_synthetic_v1,intermediaire,60,20,12,100,50,50,25,100,75,43,71,67
intermediaire_0051,1,True,positioning_synthetic_v1,intermediaire,40,20,8,100,0,50,50,50,50,57,29,33
intermediaire_0051,2,True,positioning_synthetic_v1,intermediaire,50,20,10,100,75,100,25,25,25,43,57,50
intermediaire_0051,3,True,positioning_synthetic_v1,intermediaire,60,20,12,100,25,75,75,75,50,57,86,33
intermediaire_0051,4,True,positioning_synthetic_v1,intermediaire,60,20,12,100,50,75,50,50,75,71,71,33
intermediaire_0052,1,True,positioning_synthetic_v1,intermediaire,50,20,10,100,50,50,50,50,50,71,29,50
intermediaire_0052,2,True,positioning_synthetic_v1,intermediaire,70,20,14,100,50,50,100,50,100,71,86,50
intermediaire_0052,3,True,positioning_synthetic_v1,intermediaire,50,20,10,100,25,50,25,75,75,86,43,17
intermediaire_0052,4,True,positioning_synthetic_v1,intermediaire,55,20,11,100,100,25,75,25,50,57,57,50
intermediaire_0053,1,True,positioning_synthetic_v1,intermediaire,45,20,9,100,25,25,50,50,75,43,43,50
intermediaire_0053,2,True,positioning_synthetic_v1,intermediaire,50,20,10,100,25,100,75,0,50,43,71,33
intermediaire_0053,3,True,positioning_synthetic_v1,intermediaire,25,20,5,100,25,50,0,25,25,57,0,17
intermediaire_0053,4,True,positioning_synthetic_v1,intermediaire,50,20,10,100,25,50,100,0,75,57,43,50
intermediaire_0054,1,True,positioning_synthetic_v1,intermediaire,25,20,5,100,25,25,25,25,25,29,29,17
intermediaire_0054,2,True,positioning_synthetic_v1,intermediaire,55,20,11,100,50,75,75,0,75,57,57,50
intermediaire_0054,3,True,positioning_synthetic_v1,intermediaire,40,20,8,100,50,25,50,25,50,71,43,0
intermediaire_0054,4,True,positioning_synthetic_v1,intermediaire,60,20,12,100,25,75,75,50,75,57,86,33
intermediaire_0055,1,True,positioning_synthetic_v1,intermediaire,70,20,14,100,75,100,25,50,100,86,57,67
intermediaire_0055,2,True,positioning_synthetic_v1,intermediaire,60,20,12,100,25,50,50,75,100,71,43,67
intermediaire_0055,3,True,positioning_synthetic_v1,intermediaire,60,20,12,100,50,25,50,75,100,57,71,50
intermediaire_0055,4,True,positioning_synthetic_v1,intermediaire,70,20,14,100,50,25,75,100,100,86,71,50
intermediaire_0056,1,True,positioning_synthetic_v1,intermediaire,40,20,8,100,25,50,50,25,50,86,14,17
intermediaire_0056,2,True,positioning_synthetic_v1,intermediaire,35,20,7,100,25,0,50,50,50,43,43,17
intermediaire_0056,3,True,positioning_synthetic_v1,intermediaire,30,20,6,100,50,25,25,0,50,43,29,17
intermediaire_0056,4,True,positioning_synthetic_v1,intermediaire,55,20,11,100,50,75,75,25,50,43,71,50
intermediaire_0057,1,True,positioning_synthetic_v1,intermediaire,55,20,11,100,25,75,50,75,50,86,14,67
intermediaire_0057,2,True,positioning_synthetic_v1,intermediaire,65,20,13,100,50,25,75,75,100,100,57,33
intermediaire_0057,3,True,positioning_synthetic_v1,intermediaire,50,20,10,100,25,25,75,75,50,71,57,17
intermediaire_0057,4,True,positioning_synthetic_v1,intermediaire,50,20,10,100,75,50,50,50,25,43,71,33
intermediaire_0058,1,True,positioning_synthetic_v1,intermediaire,55,20,11,100,75,50,75,50,25,71,71,17
intermediaire_0058,2,True,positioning_synthetic_v1,intermediaire,45,20,9,100,25,25,50,50,75,71,43,17
intermediaire_0058,3,True,positioning_synthetic_v1,intermediaire,60,20,12,100,50,50,75,75,50,71,57,50
intermediaire_0058,4,True,positioning_synthetic_v1,intermediaire,50,20,10,100,75,0,75,50,50,57,57,33
intermediaire_0059,1,True,positioning_synthetic_v1,intermediaire,60,20,12,100,25,75,75,75,50,100,57,17
intermediaire_0059,2,True,positioning_synthetic_v1,intermediaire,55,20,11,100,50,50,50,75,50,71,86,0
intermediaire_0059,3,True,positioning_synthetic_v1,intermediaire,65,20,13,100,50,75,75,75,50,86,71,33
intermediaire_0059,4,True,positioning_synthetic_v1,intermediaire,65,20,13,100,50,75,75,75,50,57,86,50
intermediaire_0060,1,True,positioning_synthetic_v1,intermediaire,40,20,8,100,75,50,0,25,50,57,14,50
intermediaire_0060,2,True,positioning_synthetic_v1,intermediaire,50,20,10,100,50,25,75,75,25,71,71,0
intermediaire_0060,3,True,positioning_synthetic_v1,intermediaire,35,20,7,100,50,25,25,50,25,43,57,0
intermediaire_0060,4,True,positioning_synthetic_v1,intermediaire,40,20,8,100,25,50,75,25,25,57,29,33
intermediaire_0061,1,True,positioning_synthetic_v1,intermediaire,70,20,14,100,75,50,75,75,75,100,57,50
intermediaire_0061,2,True,positioning_synthetic_v1,intermediaire,55,20,11,100,50,75,25,50,75,71,43,50
intermediaire_0061,3,True,positioning_synthetic_v1,intermediaire,50,20,10,100,75,50,50,25,50,71,71,0
intermediaire_0061,4,True,positioning_synthetic_v1,intermediaire,55,20,11,100,100,50,50,0,75,57,86,17
intermediaire_0062,1,True,positioning_synthetic_v1,intermediaire,45,20,9,100,0,75,25,75,50,71,29,33
intermediaire_0062,2,True,positioning_synthetic_v1,intermediaire,60,20,12,100,75,75,50,50,50,57,71,50
intermediaire_0062,3,True,positioning_synthetic_v1,intermediaire,75,20,15,100,75,75,75,75,75,86,71,67
intermediaire_0062,4,True,positioning_synthetic_v1,intermediaire,55,20,11,100,75,100,50,25,25,57,86,17
intermediaire_0063,1,True,positioning_synthetic_v1,intermediaire,40,20,8,100,25,25,100,25,25,43,29,50
intermediaire_0063,2,True,positioning_synthetic_v1,intermediaire,35,20,7,100,50,50,25,0,50,57,14,33
intermediaire_0063,3,True,positioning_synthetic_v1,intermediaire,55,20,11,100,75,50,50,75,25,57,57,50
intermediaire_0063,4,True,positioning_synthetic_v1,intermediaire,60,20,12,100,75,50,50,50,75,71,71,33
intermediaire_0064,1,True,positioning_synthetic_v1,intermediaire,55,20,11,100,75,50,75,50,25,57,71,33
intermediaire_0064,2,True,positioning_synthetic_v1,intermediaire,50,20,10,100,25,75,75,25,50,71,43,33
intermediaire_0064,3,True,positioning_synthetic_v1,intermediaire,50,20,10,100,50,50,50,50,50,43,86,17
intermediaire_0064,4,True,positioning_synthetic_v1,intermediaire,55,20,11,100,50,25,100,75,25,71,57,33
intermediaire_0065,1,True,positioning_synthetic_v1,intermediaire,20,20,4,100,0,0,25,25,50,43,14,0
intermediaire_0065,2,True,positioning_synthetic_v1,intermediaire,30,20,6,100,50,0,25,25,50,43,29,17
intermediaire_0065,3,True,positioning_synthetic_v1,intermediaire,50,20,10,100,25,50,25,50,100,71,57,17
intermediaire_0065,4,True,positioning_synthetic_v1,intermediaire,60,20,12,100,50,50,75,75,50,71,57,50
intermediaire_0066,1,True,positioning_synthetic_v1,intermediaire,60,20,12,100,25,100,75,50,50,86,43,50
intermediaire_0066,2,True,positioning_synthetic_v1,intermediaire,70,20,14,100,100,0,100,75,75,71,57,83
intermediaire_0066,3,True,positioning_synthetic_v1,intermediaire,60,20,12,100,50,50,75,75,50,71,71,33
intermediaire_0066,4,True,positioning_synthetic_v1,intermediaire,65,20,13,100,75,50,75,75,50,71,71,50
intermediaire_0067,1,True,positioning_synthetic_v1,intermediaire,80,20,16,100,100,100,50,75,75,86,71,83
intermediaire_0067,2,True,positioning_synthetic_v1,intermediaire,50,20,10,100,50,100,50,25,25,71,43,33
intermediaire_0067,3,True,positioning_synthetic_v1,intermediaire,45,20,9,100,25,75,50,50,25,100,0,33
intermediaire_0067,4,True,positioning_synthetic_v1,intermediaire,50,20,10,100,75,50,25,75,25,57,57,33
intermediaire_0068,1,True,positioning_synthetic_v1,intermediaire,45,20,9,100,75,25,50,50,25,57,29,50
intermediaire_0068,2,True,positioning_synthetic_v1,intermediaire,45,20,9,100,25,50,75,25,50,86,43,0
intermediaire_0068,3,True,positioning_synthetic_v1,intermediaire,60,20,12,100,50,75,25,100,50,86,57,33
intermediaire_0068,4,True,positioning_synthetic_v1,intermediaire,55,20,11,100,50,75,75,25,50,71,43,50
intermediaire_0069,1,True,positioning_synthetic_v1,intermediaire,60,20,12,100,75,50,75,50,50,71,71,33
intermediaire_0069,2,True,positioning_synthetic_v1,intermediaire,60,20,12,100,75,75,25,75,50,71,57,50
intermediaire_0069,3,True,positioning_synthetic_v1,intermediaire,70,20,14,100,50,100,50,75,75,71,57,83
intermediaire_0069,4,True,positioning_synthetic_v1,intermediaire,70,20,14,100,100,50,50,75,75,100,57,50
intermediaire_0070,1,True,positioning_synthetic_v1,intermediaire,35,20,7,100,25,50,0,50,50,57,29,17
intermediaire_0070,2,True,positioning_synthetic_v1,intermediaire,50,20,10,100,50,75,75,25,25,43,71,33
intermediaire_0070,3,True,positioning_synthetic_v1,intermediaire,30,20,6,100,0,50,25,25,50,57,29,0
intermediaire_0070,4,True,positioning_synthetic_v1,intermediaire,65,20,13,100,75,75,50,75,50,86,43,67
intermediaire_0071,1,True,positioning_synthetic_v1,intermediaire,40,20,8,100,25,25,50,50,50,57,57,0
intermediaire_0071,2,True,positioning_synthetic_v1,intermediaire,55,20,11,100,100,50,50,50,25,86,29,50
intermediaire_0071,3,True,positioning_synthetic_v1,intermediaire,50,20,10,100,75,25,50,50,50,86,43,17
intermediaire_0071,4,True,positioning_synthetic_v1,intermediaire,55,20,11,100,50,75,50,50,50,86,57,17
intermediaire_0072,1,True,positioning_synthetic_v1,intermediaire,85,20,17,100,75,100,75,75,100,86,71,100
intermediaire_0072,2,True,positioning_synthetic_v1,intermediaire,70,20,14,100,75,50,100,75,50,86,71,50
intermediaire_0072,3,True,positioning_synthetic_v1,intermediaire,65,20,13,100,75,100,50,25,75,86,71,33
intermediaire_0072,4,True,positioning_synthetic_v1,intermediaire,45,20,9,100,75,75,50,25,0,57,57,17
intermediaire_0073,1,True,positioning_synthetic_v1,intermediaire,65,20,13,100,75,25,50,100,75,86,86,17
intermediaire_0073,2,True,positioning_synthetic_v1,intermediaire,75,20,15,100,75,100,50,75,75,86,86,50
intermediaire_0073,3,True,positioning_synthetic_v1,intermediaire,60,20,12,100,50,75,75,50,50,100,43,33
intermediaire_0073,4,True,positioning_synthetic_v1,intermediaire,60,20,12,100,75,50,50,75,50,71,71,33
intermediaire_0074,1,True,positioning_synthetic_v1,intermediaire,50,20,10,100,50,50,25,50,75,71,57,17
intermediaire_0074,2,True,positioning_synthetic_v1,intermediaire,50,20,10,100,50,100,25,75,0,71,57,17
intermediaire_0074,3,True,positioning_synthetic_v1,intermediaire,50,20,10,100,25,100,75,25,25,86,29,33
intermediaire_0074,4,True,positioning_synthetic_v1,intermediaire,50,20,10,100,25,100,50,25,50,57,57,33
intermediaire_0075,1,True,positioning_synthetic_v1,intermediaire,55,20,11,100,75,25,75,50,50,86,43,33
intermediaire_0075,2,True,positioning_synthetic_v1,intermediaire,55,20,11,100,50,25,50,50,100,71,57,33
intermediaire_0075,3,True,positioning_synthetic_v1,intermediaire,45,20,9,100,25,75,25,75,25,57,57,17
intermediaire_0075,4,True,positioning_synthetic_v1,intermediaire,35,20,7,100,25,50,0,50,50,57,14,33
intermediaire_0076,1,True,positioning_synthetic_v1,intermediaire,60,20,12,100,25,75,100,50,50,57,71,50
intermediaire_0076,2,True,positioning_synthetic_v1,intermediaire,50,20,10,100,75,25,50,25,75,57,43,50
intermediaire_0076,3,True,positioning_synthetic_v1,intermediaire,40,20,8,100,0,0,25,100,75,57,29,33
intermediaire_0076,4,True,positioning_synthetic_v1,intermediaire,50,20,10,100,75,50,50,50,25,57,71,17
intermediaire_0077,1,True,positioning_synthetic_v1,intermediaire,30,20,6,100,25,75,0,25,25,29,43,17
intermediaire_0077,2,True,positioning_synthetic_v1,intermediaire,40,20,8,100,25,50,25,25,75,71,14,33
intermediaire_0077,3,True,positioning_synthetic_v1,intermediaire,50,20,10,100,50,25,50,50,75,71,57,17
intermediaire_0077,4,True,positioning_synthetic_v1,intermediaire,30,20,6,100,25,50,50,0,25,43,29,17
intermediaire_0078,1,True,positioning_synthetic_v1,intermediaire,55,20,11,100,50,50,75,50,50,71,71,17
intermediaire_0078,2,True,positioning_synthetic_v1,intermediaire,65,20,13,100,75,100,50,75,25,100,57,33
intermediaire_0078,3,True,positioning_synthetic_v1,intermediaire,65,20,13,100,75,50,75,100,25,86,71,33
intermediaire_0078,4,True,positioning_synthetic_v1,intermediaire,75,20,15,100,100,75,75,50,75,86,86,50
intermediaire_0079,1,True,positioning_synthetic_v1,intermediaire,50,20,10,100,50,25,50,25,100,43,43,67
intermediaire_0079,2,True,positioning_synthetic_v1,intermediaire,35,20,7,100,50,25,25,50,25,71,29,0
intermediaire_0079,3,True,positioning_synthetic_v1,intermediaire,55,20,11,100,50,25,50,100,50,57,57,50
intermediaire_0079,4,True,positioning_synthetic_v1,intermediaire,50,20,10,100,25,25,50,50,100,71,43,33
intermediaire_0080,1,True,positioning_synthetic_v1,intermediaire,55,20,11,100,75,75,25,25,75,57,57,50
intermediaire_0080,2,True,positioning_synthetic_v1,intermediaire,65,20,13,100,50,75,50,75,75,86,71,33
intermediaire_0080,3,True,positioning_synthetic_v1,intermediaire,45,20,9,100,75,75,25,0,50,43,43,50
intermediaire_0080,4,True,positioning_synthetic_v1,intermediaire,60,20,12,100,50,50,100,75,25,71,43,67
intermediaire_0081,1,True,positioning_synthetic_v1,intermediaire,30,20,6,100,0,25,0,75,50,43,14,33
intermediaire_0081,2,True,positioning_synthetic_v1,intermediaire,60,20,12,100,75,100,25,50,50,86,71,17
intermediaire_0081,3,True,positioning_synthetic_v1,intermediaire,55,20,11,100,75,100,25,25,50,57,57,50
intermediaire_0081,4,True,positioning_synthetic_v1,intermediaire,50,20,10,100,100,50,50,25,25,57,57,33
intermediaire_0082,1,True,positioning_synthetic_v1,intermediaire,60,20,12,100,25,100,75,75,25,71,71,33
intermediaire_0082,2,True,positioning_synthetic_v1,intermediaire,70,20,14,100,75,50,75,75,75,71,86,50
intermediaire_0082,3,True,positioning_synthetic_v1,intermediaire,50,20,10,100,50,50,75,25,50,100,14,33
intermediaire_0082,4,True,positioning_synthetic_v1,intermediaire,50,20,10,100,25,75,50,50,50,43,57,50
intermediaire_0083,1,True,positioning_synthetic_v1,intermediaire,40,20,8,100,75,25,25,25,50,71,0,50
intermediaire_0083,2,True,positioning_synthetic_v1,intermediaire,55,20,11,100,75,25,75,25,75,57,57,50
intermediaire_0083,3,True,positioning_synthetic_v1,intermediaire,40,20,8,100,25,50,50,50,25,57,29,33
intermediaire_0083,4,True,positioning_synthetic_v1,intermediaire,40,20,8,100,75,25,25,50,25,57,43,17
intermediaire_0084,1,True,positioning_synthetic_v1,intermediaire,85,20,17,100,100,75,75,75,100,86,86,83
intermediaire_0084,2,True,positioning_synthetic_v1,intermediaire,45,20,9,100,50,50,50,25,50,71,29,33
intermediaire_0084,3,True,positioning_synthetic_v1,intermediaire,65,20,13,100,25,75,75,75,75,86,86,17
intermediaire_0084,4,True,positioning_synthetic_v1,intermediaire,35,20,7,100,50,0,50,25,50,57,14,33
intermediaire_0085,1,True,positioning_synthetic_v1,intermediaire,50,20,10,100,50,75,0,75,50,57,43,50
intermediaire_0085,2,True,positioning_synthetic_v1,intermediaire,60,20,12,100,50,50,75,50,75,71,57,50
intermediaire_0085,3,True,positioning_synthetic_v1,intermediaire,60,20,12,100,50,75,50,50,75,71,57,50
intermediaire_0085,4,True,positioning_synthetic_v1,intermediaire,55,20,11,100,75,50,100,25,25,71,57,33
intermediaire_0086,1,True,positioning_synthetic_v1,intermediaire,65,20,13,100,50,50,100,100,25,57,86,50
intermediaire_0086,2,True,positioning_synthetic_v1,intermediaire,40,20,8,100,0,75,25,50,50,86,29,0
intermediaire_0086,3,True,positioning_synthetic_v1,intermediaire,35,20,7,100,0,75,0,75,25,43,57,0
intermediaire_0086,4,True,positioning_synthetic_v1,intermediaire,45,20,9,100,50,75,0,50,50,43,43,50
intermediaire_0087,1,True,positioning_synthetic_v1,intermediaire,40,20,8,100,50,75,25,25,25,71,29,17
intermediaire_0087,2,True,positioning_synthetic_v1,intermediaire,65,20,13,100,75,50,50,75,75,86,71,33
intermediaire_0087,3,True,positioning_synthetic_v1,intermediaire,75,20,15,100,100,50,100,75,50,71,100,50
intermediaire_0087,4,True,positioning_synthetic_v1,intermediaire,45,20,9,100,25,25,75,75,25,86,43,0
intermediaire_0088,1,True,positioning_synthetic_v1,intermediaire,30,20,6,100,50,50,0,50,0,57,29,0
intermediaire_0088,2,True,positioning_synthetic_v1,intermediaire,65,20,13,100,50,25,100,100,50,71,57,67
intermediaire_0088,3,True,positioning_synthetic_v1,intermediaire,55,20,11,100,100,25,50,75,25,43,71,50
intermediaire_0088,4,True,positioning_synthetic_v1,intermediaire,50,20,10,100,50,50,25,50,75,86,57,0
intermediaire_0089,1,True,positioning_synthetic_v1,intermediaire,55,20,11,100,25,75,75,50,50,86,43,33
intermediaire_0089,2,True,positioning_synthetic_v1,intermediaire,50,20,10,100,75,25,100,50,0,86,43,17
intermediaire_0089,3,True,positioning_synthetic_v1,intermediaire,65,20,13,100,75,0,100,100,50,71,71,50
intermediaire_0089,4,True,positioning_synthetic_v1,intermediaire,60,20,12,100,75,25,50,75,75,86,29,67
intermediaire_0090,1,True,positioning_synthetic_v1,intermediaire,70,20,14,100,75,75,100,50,50,57,86,67
intermediaire_0090,2,True,positioning_synthetic_v1,intermediaire,55,20,11,100,75,50,25,75,50,71,57,33
intermediaire_0090,3,True,positioning_synthetic_v1,intermediaire,55,20,11,100,25,100,50,50,50,43,86,33
intermediaire_0090,4,True,positioning_synthetic_v1,intermediaire,65,20,13,100,100,25,50,75,75,71,71,50
intermediaire_0091,1,True,positioning_synthetic_v1,intermediaire,45,20,9,100,50,50,50,50,25,71,43,17
intermediaire_0091,2,True,positioning_synthetic_v1,intermediaire,40,20,8,100,25,0,25,75,75,71,29,17
intermediaire_0091,3,True,positioning_synthetic_v1,intermediaire,55,20,11,100,25,50,50,50,100,71,57,33
intermediaire_0091,4,True,positioning_synthetic_v1,intermediaire,30,20,6,100,25,75,25,25,0,57,29,0
intermediaire_0092,1,True,positioning_synthetic_v1,intermediaire,70,20,14,100,75,50,100,75,50,57,86,67
intermediaire_0092,2,True,positioning_synthetic_v1,intermediaire,70,20,14,100,75,75,50,75,75,71,71,67
intermediaire_0092,3,True,positioning_synthetic_v1,intermediaire,60,20,12,100,75,50,100,25,50,57,71,50
intermediaire_0092,4,True,positioning_synthetic_v1,intermediaire,75,20,15,100,100,75,100,75,25,100,57,67
intermediaire_0093,1,True,positioning_synthetic_v1,intermediaire,30,20,6,100,25,50,25,50,0,29,57,0
intermediaire_0093,2,True,positioning_synthetic_v1,intermediaire,40,20,8,100,50,25,50,25,50,86,0,33
intermediaire_0093,3,True,positioning_synthetic_v1,intermediaire,45,20,9,100,50,25,75,0,75,71,57,0
intermediaire_0093,4,True,positioning_synthetic_v1,intermediaire,40,20,8,100,50,75,25,25,25,86,29,0
intermediaire_0094,1,True,positioning_synthetic_v1,intermediaire,55,20,11,100,75,50,25,50,75,86,71,0
intermediaire_0094,2,True,positioning_synthetic_v1,intermediaire,70,20,14,100,75,75,100,75,25,71,71,67
intermediaire_0094,3,True,positioning_synthetic_v1,intermediaire,50,20,10,100,25,75,25,50,75,71,29,50
intermediaire_0094,4,True,positioning_synthetic_v1,intermediaire,70,20,14,100,75,75,75,50,75,100,71,33
intermediaire_0095,1,True,positioning_synthetic_v1,intermediaire,55,20,11,100,75,50,50,50,50,100,57,0
intermediaire_0095,2,True,positioning_synthetic_v1,intermediaire,40,20,8,100,50,50,25,50,25,29,57,33
intermediaire_0095,3,True,positioning_synthetic_v1,intermediaire,50,20,10,100,50,50,25,50,75,57,29,67
intermediaire_0095,4,True,positioning_synthetic_v1,intermediaire,40,20,8,100,75,50,0,50,25,71,43,0
intermediaire_0096,1,True,positioning_synthetic_v1,intermediaire,40,20,8,100,50,50,25,25,50,43,71,0
intermediaire_0096,2,True,positioning_synthetic_v1,intermediaire,65,20,13,100,75,25,75,75,75,86,57,50
intermediaire_0096,3,True,positioning_synthetic_v1,intermediaire,45,20,9,100,50,25,25,50,75,86,43,0
intermediaire_0096,4,True,positioning_synthetic_v1,intermediaire,65,20,13,100,50,50,75,50,100,86,71,33
intermediaire_0097,1,True,positioning_synthetic_v1,intermediaire,55,20,11,100,75,100,25,50,25,86,43,33
intermediaire_0097,2,True,positioning_synthetic_v1,intermediaire,40,20,8,100,25,50,50,50,25,71,29,17
intermediaire_0097,3,True,positioning_synthetic_v1,intermediaire,55,20,11,100,50,50,25,75,75,86,57,17
intermediaire_0097,4,True,positioning_synthetic_v1,intermediaire,45,20,9,100,25,50,25,50,75,57,29,50
intermediaire_0098,1,True,positioning_synthetic_v1,intermediaire,45,20,9,100,25,75,50,25,50,86,29,17
intermediaire_0098,2,True,positioning_synthetic_v1,intermediaire,45,20,9,100,50,25,75,25,50,43,29,67
intermediaire_0098,3,True,positioning_synthetic_v1,intermediaire,15,20,3,100,25,0,0,0,50,14,0,33
intermediaire_0098,4,True,positioning_synthetic_v1,intermediaire,25,20,5,100,75,25,0,0,25,29,29,17
intermediaire_0099,1,True,positioning_synthetic_v1,intermediaire,40,20,8,100,25,25,75,25,50,43,57,17
intermediaire_0099,2,True,positioning_synthetic_v1,intermediaire,55,20,11,100,50,50,25,75,75,100,29,33
intermediaire_0099,3,True,positioning_synthetic_v1,intermediaire,40,20,8,100,25,75,50,25,25,86,29,0
intermediaire_0099,4,True,positioning_synthetic_v1,intermediaire,35,20,7,100,50,0,25,50,50,71,14,17
intermediaire_0100,1,True,positioning_synthetic_v1,intermediaire,60,20,12,100,75,25,75,50,75,86,57,33
intermediaire_0100,2,True,positioning_synthetic_v1,intermediaire,45,20,9,100,50,25,100,25,25,86,14,33
intermediaire_0100,3,True,positioning_synthetic_v1,intermediaire,60,20,12,100,50,50,100,75,25,71,71,33
intermediaire_0100,4,True,positioning_synthetic_v1,intermediaire,50,20,10,100,50,50,25,75,50,71,57,17
intermediaire_0101,1,True,positioning_synthetic_v1,intermediaire,70,20,14,100,75,100,75,50,50,86,43,83
intermediaire_0101,2,True,positioning_synthetic_v1,intermediaire,55,20,11,100,50,75,100,25,25,71,57,33
intermediaire_0101,3,True,positioning_synthetic_v1,intermediaire,45,20,9,100,50,50,75,25,25,57,43,33
intermediaire_0101,4,True,positioning_synthetic_v1,intermediaire,65,20,13,100,50,50,75,100,50,86,71,33
intermediaire_0102,1,True,positioning_synthetic_v1,intermediaire,50,20,10,100,25,25,100,75,25,86,29,33
intermediaire_0102,2,True,positioning_synthetic_v1,intermediaire,55,20,11,100,50,100,50,50,25,86,57,17
intermediaire_0102,3,True,positioning_synthetic_v1,intermediaire,45,20,9,100,50,50,50,50,25,86,29,17
intermediaire_0102,4,True,positioning_synthetic_v1,intermediaire,25,20,5,100,0,25,75,25,0,29,29,17
intermediaire_0103,1,True,positioning_synthetic_v1,intermediaire,70,20,14,100,75,75,75,50,75,100,57,50
intermediaire_0103,2,True,positioning_synthetic_v1,intermediaire,60,20,12,100,50,75,50,50,75,100,43,33
intermediaire_0103,3,True,positioning_synthetic_v1,intermediaire,65,20,13,100,75,75,75,50,50,71,71,50
intermediaire_0103,4,True,positioning_synthetic_v1,intermediaire,65,20,13,100,75,50,75,50,75,100,57,33
intermediaire_0104,1,True,positioning_synthetic_v1,intermediaire,40,20,8,100,25,75,25,50,25,57,14,50
intermediaire_0104,2,True,positioning_synthetic_v1,intermediaire,55,20,11,100,25,100,75,50,25,57,57,50
intermediaire_0104,3,True,positioning_synthetic_v1,intermediaire,55,20,11,100,50,50,50,50,75,43,71,50
intermediaire_0104,4,True,positioning_synthetic_v1,intermediaire,55,20,11,100,25,25,75,75,75,71,71,17
intermediaire_0105,1,True,positioning_synthetic_v1,intermediaire,60,20,12,100,25,50,100,50,75,86,57,33
intermediaire_0105,2,True,positioning_synthetic_v1,intermediaire,70,20,14,100,50,50,50,100,100,86,71,50
intermediaire_0105,3,True,positioning_synthetic_v1,intermediaire,45,20,9,100,75,0,50,50,50,57,29,50
intermediaire_0105,4,True,positioning_synthetic_v1,intermediaire,25,20,5,100,0,0,50,50,25,29,29,17
intermediaire_0106,1,True,positioning_synthetic_v1,intermediaire,70,20,14,100,75,75,50,75,75,100,71,33
intermediaire_0106,2,True,positioning_synthetic_v1,intermediaire,60,20,12,100,75,75,25,75,50,86,43,50
intermediaire_0106,3,True,positioning_synthetic_v1,intermediaire,60,20,12,100,50,75,50,50,75,86,71,17
intermediaire_0106,4,True,positioning_synthetic_v1,intermediaire,50,20,10,100,25,50,75,50,50,57,71,17
intermediaire_0107,1,True,positioning_synthetic_v1,intermediaire,75,20,15,100,100,75,75,50,75,71,71,83
intermediaire_0107,2,True,positioning_synthetic_v1,intermediaire,60,20,12,100,100,75,75,25,25,71,71,33
intermediaire_0107,3,True,positioning_synthetic_v1,intermediaire,85,20,17,100,100,75,100,75,75,100,100,50
intermediaire_0107,4,True,positioning_synthetic_v1,intermediaire,75,20,15,100,75,50,100,75,75,86,71,67
intermediaire_0108,1,True,positioning_synthetic_v1,intermediaire,50,20,10,100,75,50,25,25,75,71,29,50
intermediaire_0108,2,True,positioning_synthetic_v1,intermediaire,45,20,9,100,25,50,50,75,25,57,57,17
intermediaire_0108,3,True,positioning_synthetic_v1,intermediaire,45,20,9,100,75,25,50,50,25,71,43,17
intermediaire_0108,4,True,positioning_synthetic_v1,intermediaire,40,20,8,100,25,25,50,50,50,71,14,33
intermediaire_0109,1,True,positioning_synthetic_v1,intermediaire,55,20,11,100,75,50,75,50,25,71,71,17
intermediaire_0109,2,True,positioning_synthetic_v1,intermediaire,80,20,16,100,100,75,50,75,100,100,71,67
intermediaire_0109,3,True,positioning_synthetic_v1,intermediaire,60,20,12,100,75,50,50,50,75,71,57,50
intermediaire_0109,4,True,positioning_synthetic_v1,intermediaire,65,20,13,100,50,25,75,75,100,86,71,33
intermediaire_0110,1,True,positioning_synthetic_v1,intermediaire,40,20,8,100,25,75,50,50,0,71,29,17
intermediaire_0110,2,True,positioning_synthetic_v1,intermediaire,55,20,11,100,50,50,75,50,50,86,57,17
intermediaire_0110,3,True,positioning_synthetic_v1,intermediaire,55,20,11,100,50,75,50,50,50,71,57,33
intermediaire_0110,4,True,positioning_synthetic_v1,intermediaire,65,20,13,100,100,50,100,25,50,71,71,50
intermediaire_0111,1,True,positioning_synthetic_v1,intermediaire,55,20,11,100,25,0,100,75,75,71,43,50
intermediaire_0111,2,True,positioning_synthetic_v1,intermediaire,50,20,10,100,25,25,50,100,50,86,43,17
intermediaire_0111,3,True,positioning_synthetic_v1,intermediaire,50,20,10,100,50,0,75,100,25,71,43,33
intermediaire_0111,4,True,positioning_synthetic_v1,intermediaire,50,20,10,100,75,50,50,25,50,86,0,67
intermediaire_0112,1,True,positioning_synthetic_v1,intermediaire,40,20,8,100,25,50,25,50,50,86,29,0
intermediaire_0112,2,True,positioning_synthetic_v1,intermediaire,85,20,17,100,100,75,50,100,100,100,71,83
intermediaire_0112,3,True,positioning_synthetic_v1,intermediaire,45,20,9,100,50,25,25,50,75,71,43,17
intermediaire_0112,4,True,positioning_synthetic_v1,intermediaire,60,20,12,100,75,100,50,25,50,71,86,17
intermediaire_0113,1,True,positioning_synthetic_v1,intermediaire,60,20,12,100,75,25,100,50,50,86,57,33
intermediaire_0113,2,True,positioning_synthetic_v1,intermediaire,45,20,9,100,25,25,50,50,75,86,43,0
intermediaire_0113,3,True,positioning_synthetic_v1,intermediaire,70,20,14,100,75,50,100,75,50,86,86,33
intermediaire_0113,4,True,positioning_synthetic_v1,intermediaire,55,20,11,100,50,50,75,100,0,86,43,33
intermediaire_0114,1,True,positioning_synthetic_v1,intermediaire,45,20,9,100,25,25,100,25,50,86,29,17
intermediaire_0114,2,True,positioning_synthetic_v1,intermediaire,55,20,11,100,75,0,25,75,100,71,43,50
intermediaire_0114,3,True,positioning_synthetic_v1,intermediaire,40,20,8,100,50,25,50,75,0,57,29,33
intermediaire_0114,4,True,positioning_synthetic_v1,intermediaire,45,20,9,100,50,25,25,75,50,43,57,33
intermediaire_0115,1,True,positioning_synthetic_v1,intermediaire,55,20,11,100,25,50,50,50,100,71,57,33
intermediaire_0115,2,True,positioning_synthetic_v1,intermediaire,60,20,12,100,75,75,25,75,50,71,57,50
intermediaire_0115,3,True,positioning_synthetic_v1,intermediaire,50,20,10,100,50,50,50,0,100,57,57,33
intermediaire_0115,4,True,positioning_synthetic_v1,intermediaire,65,20,13,100,50,75,75,75,50,100,71,17
intermediaire_0116,1,True,positioning_synthetic_v1,intermediaire,35,20,7,100,75,25,50,0,25,57,29,17
intermediaire_0116,2,True,positioning_synthetic_v1,intermediaire,30,20,6,100,50,50,0,0,50,43,29,17
intermediaire_0116,3,True,positioning_synthetic_v1,intermediaire,60,20,12,100,75,50,75,50,50,86,71,17
intermediaire_0116,4,True,positioning_synthetic_v1,intermediaire,45,20,9,100,50,25,50,50,50,86,14,33
intermediaire_0117,1,True,positioning_synthetic_v1,intermediaire,55,20,11,100,25,75,50,50,75,29,57,83
intermediaire_0117,2,True,positioning_synthetic_v1,intermediaire,45,20,9,100,25,50,25,50,75,86,43,0
intermediaire_0117,3,True,positioning_synthetic_v1,intermediaire,60,20,12,100,25,75,100,75,25,57,86,33
intermediaire_0117,4,True,positioning_synthetic_v1,intermediaire,50,20,10,100,50,75,0,75,50,71,43,33
intermediaire_0118,1,True,positioning_synthetic_v1,intermediaire,40,20,8,100,50,50,25,50,25,57,57,0
intermediaire_0118,2,True,positioning_synthetic_v1,intermediaire,40,20,8,100,25,50,75,25,25,43,14,67
intermediaire_0118,3,True,positioning_synthetic_v1,intermediaire,35,20,7,100,0,50,25,50,50,86,14,0
intermediaire_0118,4,True,positioning_synthetic_v1,intermediaire,40,20,8,100,0,25,100,50,25,43,57,17
intermediaire_0119,1,True,positioning_synthetic_v1,intermediaire,55,20,11,100,50,75,50,50,50,43,43,83
intermediaire_0119,2,True,positioning_synthetic_v1,intermediaire,35,20,7,100,50,75,0,25,25,57,43,0
intermediaire_0119,3,True,positioning_synthetic_v1,intermediaire,40,20,8,100,50,50,50,50,0,43,29,50
intermediaire_0119,4,True,positioning_synthetic_v1,intermediaire,60,20,12,100,25,75,50,75,75,71,43,67
intermediaire_0120,1,True,positioning_synthetic_v1,intermediaire,55,20,11,100,50,75,25,75,50,57,57,50
intermediaire_0120,2,True,positioning_synthetic_v1,intermediaire,65,20,13,100,50,50,75,75,75,86,71,33
intermediaire_0120,3,True,positioning_synthetic_v1,intermediaire,70,20,14,100,75,75,50,100,50,86,71,50
intermediaire_0120,4,True,positioning_synthetic_v1,intermediaire,65,20,13,100,50,75,75,50,75,100,43,50
intermediaire_0121,1,True,positioning_synthetic_v1,intermediaire,80,20,16,100,75,100,75,100,50,100,86,50
intermediaire_0121,2,True,positioning_synthetic_v1,intermediaire,60,20,12,100,50,50,50,100,50,86,43,50
intermediaire_0121,3,True,positioning_synthetic_v1,intermediaire,65,20,13,100,75,75,50,50,75,57,86,50
intermediaire_0121,4,True,positioning_synthetic_v1,intermediaire,70,20,14,100,75,75,50,75,75,100,71,33
intermediaire_0122,1,True,positioning_synthetic_v1,intermediaire,45,20,9,100,25,25,75,25,75,43,29,67
intermediaire_0122,2,True,positioning_synthetic_v1,intermediaire,40,20,8,100,50,25,50,50,25,57,43,17
intermediaire_0122,3,True,positioning_synthetic_v1,intermediaire,65,20,13,100,100,25,100,25,75,71,57,67
intermediaire_0122,4,True,positioning_synthetic_v1,intermediaire,65,20,13,100,50,75,50,100,50,100,57,33
intermediaire_0123,1,True,positioning_synthetic_v1,intermediaire,55,20,11,100,75,25,50,50,75,86,29,50
intermediaire_0123,2,True,positioning_synthetic_v1,intermediaire,75,20,15,100,75,100,50,75,75,86,86,50
intermediaire_0123,3,True,positioning_synthetic_v1,intermediaire,50,20,10,100,75,75,25,25,50,71,43,33
intermediaire_0123,4,True,positioning_synthetic_v1,intermediaire,65,20,13,100,75,50,75,50,75,86,71,33
intermediaire_0124,1,True,positioning_synthetic_v1,intermediaire,55,20,11,100,25,75,75,100,0,57,57,50
intermediaire_0124,2,True,positioning_synthetic_v1,intermediaire,40,20,8,100,0,75,75,50,0,57,29,33
intermediaire_0124,3,True,positioning_synthetic_v1,intermediaire,30,20,6,100,25,50,50,25,0,71,0,17
intermediaire_0124,4,True,positioning_synthetic_v1,intermediaire,35,20,7,100,25,75,25,50,0,29,43,33
intermediaire_0125,1,True,positioning_synthetic_v1,intermediaire,40,20,8,100,75,50,50,0,25,71,0,50
intermediaire_0125,2,True,positioning_synthetic_v1,intermediaire,35,20,7,100,25,25,25,50,50,57,43,0
intermediaire_0125,3,True,positioning_synthetic_v1,intermediaire,45,20,9,100,75,25,25,0,100,57,57,17
intermediaire_0125,4,True,positioning_synthetic_v1,intermediaire,50,20,10,100,25,50,75,75,25,71,57,17
intermediaire_0126,1,True,positioning_synthetic_v1,intermediaire,70,20,14,100,75,75,100,25,75,71,86,50
intermediaire_0126,2,True,positioning_synthetic_v1,intermediaire,55,20,11,100,50,50,50,75,50,71,57,33
intermediaire_0126,3,True,positioning_synthetic_v1,intermediaire,65,20,13,100,75,50,50,100,50,86,57,50
intermediaire_0126,4,True,positioning_synthetic_v1,intermediaire,70,20,14,100,75,100,25,75,75,100,57,50
intermediaire_0127,1,True,positioning_synthetic_v1,intermediaire,65,20,13,100,100,25,75,75,50,100,43,50
intermediaire_0127,2,True,positioning_synthetic_v1,intermediaire,65,20,13,100,50,50,75,100,50,71,57,67
intermediaire_0127,3,True,positioning_synthetic_v1,intermediaire,40,20,8,100,0,50,75,25,50,57,57,0
intermediaire_0127,4,True,positioning_synthetic_v1,intermediaire,60,20,12,100,50,75,75,75,25,100,43,33
intermediaire_0128,1,True,positioning_synthetic_v1,intermediaire,60,20,12,100,25,75,50,100,50,86,57,33
intermediaire_0128,2,True,positioning_synthetic_v1,intermediaire,75,20,15,100,75,75,50,75,100,100,43,83
intermediaire_0128,3,True,positioning_synthetic_v1,intermediaire,70,20,14,100,50,50,75,75,100,71,86,50
intermediaire_0128,4,True,positioning_synthetic_v1,intermediaire,60,20,12,100,100,75,75,50,0,71,43,67
intermediaire_0129,1,True,positioning_synthetic_v1,intermediaire,35,20,7,100,50,25,25,50,25,57,14,33
intermediaire_0129,2,True,positioning_synthetic_v1,intermediaire,30,20,6,100,50,25,0,50,25,29,57,0
intermediaire_0129,3,True,positioning_synthetic_v1,intermediaire,50,20,10,100,50,50,50,50,50,86,57,0
intermediaire_0129,4,True,positioning_synthetic_v1,intermediaire,55,20,11,100,0,75,75,75,50,71,71,17
intermediaire_0130,1,True,positioning_synthetic_v1,intermediaire,40,20,8,100,50,25,25,50,50,57,43,17
intermediaire_0130,2,True,positioning_synthetic_v1,intermediaire,40,20,8,100,50,25,50,50,25,29,14,83
intermediaire_0130,3,True,positioning_synthetic_v1,intermediaire,35,20,7,100,50,25,25,50,25,43,43,17
intermediaire_0130,4,True,positioning_synthetic_v1,intermediaire,50,20,10,100,75,0,50,100,25,57,43,50
intermediaire_0131,1,True,positioning_synthetic_v1,intermediaire,65,20,13,100,50,100,50,75,50,57,57,83
intermediaire_0131,2,True,positioning_synthetic_v1,intermediaire,50,20,10,100,75,50,50,50,25,71,71,0
intermediaire_0131,3,True,positioning_synthetic_v1,intermediaire,45,20,9,100,50,75,75,0,25,43,71,17
intermediaire_0131,4,True,positioning_synthetic_v1,intermediaire,50,20,10,100,100,25,75,0,50,71,29,50
intermediaire_0132,1,True,positioning_synthetic_v1,intermediaire,30,20,6,100,25,50,0,75,0,43,29,17
intermediaire_0132,2,True,positioning_synthetic_v1,intermediaire,40,20,8,100,75,25,25,50,25,43,43,33
intermediaire_0132,3,True,positioning_synthetic_v1,intermediaire,35,20,7,100,25,25,50,50,25,71,14,17
intermediaire_0132,4,True,positioning_synthetic_v1,intermediaire,45,20,9,100,50,50,50,50,25,86,29,17
intermediaire_0133,1,True,positioning_synthetic_v1,intermediaire,60,20,12,100,50,25,75,75,75,57,57,67
intermediaire_0133,2,True,positioning_synthetic_v1,intermediaire,60,20,12,100,75,75,50,75,25,71,71,33
intermediaire_0133,3,True,positioning_synthetic_v1,intermediaire,60,20,12,100,50,100,50,75,25,71,57,50
intermediaire_0133,4,True,positioning_synthetic_v1,intermediaire,50,20,10,100,50,25,50,75,50,57,71,17
intermediaire_0134,1,True,positioning_synthetic_v1,intermediaire,65,20,13,100,50,100,25,50,100,71,57,67
intermediaire_0134,2,True,positioning_synthetic_v1,intermediaire,70,20,14,100,50,100,75,75,50,100,71,33
intermediaire_0134,3,True,positioning_synthetic_v1,intermediaire,75,20,15,100,50,75,100,100,50,100,71,50
intermediaire_0134,4,True,positioning_synthetic_v1,intermediaire,75,20,15,100,25,100,75,100,75,71,86,67
intermediaire_0135,1,True,positioning_synthetic_v1,intermediaire,80,20,16,100,75,50,75,100,100,100,71,67
intermediaire_0135,2,True,positioning_synthetic_v1,intermediaire,50,20,10,100,50,50,50,50,50,71,57,17
intermediaire_0135,3,True,positioning_synthetic_v1,intermediaire,35,20,7,100,50,0,50,50,25,86,14,0
intermediaire_0135,4,True,positioning_synthetic_v1,intermediaire,60,20,12,100,25,100,50,75,50,57,86,33
intermediaire_0136,1,True,positioning_synthetic_v1,intermediaire,50,20,10,100,75,75,25,25,50,86,43,17
intermediaire_0136,2,True,positioning_synthetic_v1,intermediaire,75,20,15,100,100,75,75,75,50,100,71,50
intermediaire_0136,3,True,positioning_synthetic_v1,intermediaire,50,20,10,100,0,50,25,100,75,29,86,33
intermediaire_0136,4,True,positioning_synthetic_v1,intermediaire,50,20,10,100,25,25,50,75,75,71,57,17
intermediaire_0137,1,True,positioning_synthetic_v1,intermediaire,50,20,10,100,50,50,25,75,50,29,57,67
intermediaire_0137,2,True,positioning_synthetic_v1,intermediaire,45,20,9,100,50,50,50,25,50,57,29,50
intermediaire_0137,3,True,positioning_synthetic_v1,intermediaire,45,20,9,100,50,50,50,25,50,43,43,50
intermediaire_0137,4,True,positioning_synthetic_v1,intermediaire,40,20,8,100,25,75,75,0,25,57,43,17
intermediaire_0138,1,True,positioning_synthetic_v1,intermediaire,55,20,11,100,25,50,50,100,50,57,57,50
intermediaire_0138,2,True,positioning_synthetic_v1,intermediaire,45,20,9,100,50,25,75,50,25,86,14,33
intermediaire_0138,3,True,positioning_synthetic_v1,intermediaire,50,20,10,100,0,75,50,50,75,71,57,17
intermediaire_0138,4,True,positioning_synthetic_v1,intermediaire,55,20,11,100,50,75,25,100,25,57,57,50
intermediaire_0139,1,True,positioning_synthetic_v1,intermediaire,55,20,11,100,75,50,50,25,75,71,71,17
intermediaire_0139,2,True,positioning_synthetic_v1,intermediaire,45,20,9,100,50,25,50,25,75,86,43,0
intermediaire_0139,3,True,positioning_synthetic_v1,intermediaire,55,20,11,100,100,50,25,50,50,100,43,17
intermediaire_0139,4,True,positioning_synthetic_v1,intermediaire,65,20,13,100,75,75,50,75,50,86,71,33
intermediaire_0140,1,True,positioning_synthetic_v1,intermediaire,35,20,7,100,25,0,0,75,75,57,29,17
intermediaire_0140,2,True,positioning_synthetic_v1,intermediaire,35,20,7,100,25,0,50,50,50,14,71,17
intermediaire_0140,3,True,positioning_synthetic_v1,intermediaire,30,20,6,100,50,50,0,50,0,43,14,33
intermediaire_0140,4,True,positioning_synthetic_v1,intermediaire,40,20,8,100,0,50,50,75,25,57,43,17
intermediaire_0141,1,True,positioning_synthetic_v1,intermediaire,35,20,7,100,0,50,25,75,25,43,29,33
intermediaire_0141,2,True,positioning_synthetic_v1,intermediaire,50,20,10,100,75,25,50,75,25,86,29,33
intermediaire_0141,3,True,positioning_synthetic_v1,intermediaire,45,20,9,100,25,50,50,75,25,43,57,33
intermediaire_0141,4,True,positioning_synthetic_v1,intermediaire,30,20,6,100,25,50,25,0,50,71,14,0
intermediaire_0142,1,True,positioning_synthetic_v1,intermediaire,70,20,14,100,50,25,75,100,100,86,71,50
intermediaire_0142,2,True,positioning_synthetic_v1,intermediaire,70,20,14,100,100,50,50,75,75,86,57,67
intermediaire_0142,3,True,positioning_synthetic_v1,intermediaire,70,20,14,100,100,50,75,75,50,86,86,33
intermediaire_0142,4,True,positioning_synthetic_v1,intermediaire,60,20,12,100,75,0,100,50,75,57,71,50
intermediaire_0143,1,True,positioning_synthetic_v1,intermediaire,70,20,14,100,75,75,75,50,75,71,71,67
intermediaire_0143,2,True,positioning_synthetic_v1,intermediaire,55,20,11,100,50,50,75,50,50,57,86,17
intermediaire_0143,3,True,positioning_synthetic_v1,intermediaire,50,20,10,100,25,50,50,75,50,57,29,67
intermediaire_0143,4,True,positioning_synthetic_v1,intermediaire,50,20,10,100,50,75,25,75,25,71,57,17
intermediaire_0144,1,True,positioning_synthetic_v1,intermediaire,85,20,17,100,50,100,100,100,75,100,86,67
intermediaire_0144,2,True,positioning_synthetic_v1,intermediaire,60,20,12,100,25,75,75,50,75,86,57,33
intermediaire_0144,3,True,positioning_synthetic_v1,intermediaire,65,20,13,100,25,75,75,75,75,71,71,50
intermediaire_0144,4,True,positioning_synthetic_v1,intermediaire,70,20,14,100,50,75,75,75,75,86,57,67
intermediaire_0145,1,True,positioning_synthetic_v1,intermediaire,70,20,14,100,50,75,75,100,50,71,71,67
intermediaire_0145,2,True,positioning_synthetic_v1,intermediaire,55,20,11,100,75,50,50,50,50,86,57,17
intermediaire_0145,3,True,positioning_synthetic_v1,intermediaire,70,20,14,100,100,50,75,75,50,86,57,67
intermediaire_0145,4,True,positioning_synthetic_v1,intermediaire,80,20,16,100,100,100,75,75,50,100,57,83
intermediaire_0146,1,True,positioning_synthetic_v1,intermediaire,80,20,16,100,100,75,75,75,75,86,86,67
intermediaire_0146,2,True,positioning_synthetic_v1,intermediaire,60,20,12,100,25,75,100,50,50,86,57,33
intermediaire_0146,3,True,positioning_synthetic_v1,intermediaire,60,20,12,100,75,75,50,25,75,57,86,33
intermediaire_0146,4,True,positioning_synthetic_v1,intermediaire,70,20,14,100,50,50,75,100,75,86,86,33
intermediaire_0147,1,True,positioning_synthetic_v1,intermediaire,60,20,12,100,25,0,100,100,75,71,43,67
intermediaire_0147,2,True,positioning_synthetic_v1,intermediaire,65,20,13,100,75,75,75,75,25,86,43,67
intermediaire_0147,3,True,positioning_synthetic_v1,intermediaire,50,20,10,100,75,50,50,75,0,71,14,67
intermediaire_0147,4,True,positioning_synthetic_v1,intermediaire,45,20,9,100,50,50,50,50,25,71,14,50
intermediaire_0148,1,True,positioning_synthetic_v1,intermediaire,35,20,7,100,75,25,25,25,25,71,29,0
intermediaire_0148,2,True,positioning_synthetic_v1,intermediaire,40,20,8,100,25,25,25,75,50,71,29,17
intermediaire_0148,3,True,positioning_synthetic_v1,intermediaire,50,20,10,100,25,75,50,75,25,57,57,33
intermediaire_0148,4,True,positioning_synthetic_v1,intermediaire,35,20,7,100,0,25,50,25,75,57,29,17
intermediaire_0149,1,True,positioning_synthetic_v1,intermediaire,65,20,13,100,75,50,50,75,75,71,86,33
intermediaire_0149,2,True,positioning_synthetic_v1,intermediaire,50,20,10,100,75,75,25,25,50,86,29,33
intermediaire_0149,3,True,positioning_synthetic_v1,intermediaire,80,20,16,100,75,100,100,25,100,86,86,67
intermediaire_0149,4,True,positioning_synthetic_v1,intermediaire,60,20,12,100,25,75,75,25,100,71,57,50
intermediaire_0150,1,True,positioning_synthetic_v1,intermediaire,50,20,10,100,50,50,50,50,50,57,71,17
intermediaire_0150,2,True,positioning_synthetic_v1,intermediaire,45,20,9,100,25,25,50,75,50,43,57,33
intermediaire_0150,3,True,positioning_synthetic_v1,intermediaire,50,20,10,100,75,25,25,50,75,57,71,17
intermediaire_0150,4,True,positioning_synthetic_v1,intermediaire,35,20,7,100,25,25,75,25,25,71,29,0
intermediaire_0151,1,True,positioning_synthetic_v1,intermediaire,65,20,13,100,75,75,75,25,75,100,71,17
intermediaire_0151,2,True,positioning_synthetic_v1,intermediaire,75,20,15,100,100,100,50,75,50,86,71,67
intermediaire_0151,3,True,positioning_synthetic_v1,intermediaire,80,20,16,100,100,75,100,50,75,100,86,50
intermediaire_0151,4,True,positioning_synthetic_v1,intermediaire,85,20,17,100,100,100,50,75,100,100,86,67
intermediaire_0152,1,True,positioning_synthetic_v1,intermediaire,40,20,8,100,75,50,75,0,0,57,43,17
intermediaire_0152,2,True,positioning_synthetic_v1,intermediaire,60,20,12,100,50,50,50,75,75,57,71,50
intermediaire_0152,3,True,positioning_synthetic_v1,intermediaire,30,20,6,100,25,25,75,25,0,43,14,33
intermediaire_0152,4,True,positioning_synthetic_v1,intermediaire,50,20,10,100,50,50,25,50,75,71,43,33
intermediaire_0153,1,True,positioning_synthetic_v1,intermediaire,50,20,10,100,50,50,75,25,50,57,71,17
intermediaire_0153,2,True,positioning_synthetic_v1,intermediaire,65,20,13,100,50,75,75,50,75,86,43,67
intermediaire_0153,3,True,positioning_synthetic_v1,intermediaire,50,20,10,100,25,75,50,50,50,57,14,83
intermediaire_0153,4,True,positioning_synthetic_v1,intermediaire,55,20,11,100,25,100,50,50,50,43,57,67
intermediaire_0154,1,True,positioning_synthetic_v1,intermediaire,35,20,7,100,50,25,25,50,25,71,29,0
intermediaire_0154,2,True,positioning_synthetic_v1,intermediaire,35,20,7,100,50,25,0,50,50,57,29,17
intermediaire_0154,3,True,positioning_synthetic_v1,intermediaire,35,20,7,100,75,25,0,75,0,43,29,33
intermediaire_0154,4,True,positioning_synthetic_v1,intermediaire,70,20,14,100,100,50,75,75,50,86,86,33
intermediaire_0155,1,True,positioning_synthetic_v1,intermediaire,55,20,11,100,25,25,75,75,75,86,57,17
intermediaire_0155,2,True,positioning_synthetic_v1,intermediaire,50,20,10,100,50,75,25,75,25,71,29,50
intermediaire_0155,3,True,positioning_synthetic_v1,intermediaire,60,20,12,100,75,50,75,25,75,86,71,17
intermediaire_0155,4,True,positioning_synthetic_v1,intermediaire,55,20,11,100,25,75,50,50,75,71,57,33
intermediaire_0156,1,True,positioning_synthetic_v1,intermediaire,45,20,9,100,50,50,50,0,75,57,71,0
intermediaire_0156,2,True,positioning_synthetic_v1,intermediaire,55,20,11,100,50,25,100,75,25,86,57,17
intermediaire_0156,3,True,positioning_synthetic_v1,intermediaire,65,20,13,100,50,25,100,75,75,86,43,67
intermediaire_0156,4,True,positioning_synthetic_v1,intermediaire,70,20,14,100,75,100,50,50,75,71,71,67
intermediaire_0157,1,True,positioning_synthetic_v1,intermediaire,65,20,13,100,25,25,100,100,75,100,57,33
intermediaire_0157,2,True,positioning_synthetic_v1,intermediaire,55,20,11,100,25,50,100,25,75,71,29,67
intermediaire_0157,3,True,positioning_synthetic_v1,intermediaire,30,20,6,100,25,25,25,25,50,29,43,17
intermediaire_0157,4,True,positioning_synthetic_v1,intermediaire,45,20,9,100,50,75,25,25,50,57,43,33
intermediaire_0158,1,True,positioning_synthetic_v1,intermediaire,55,20,11,100,50,0,50,75,100,71,43,50
intermediaire_0158,2,True,positioning_synthetic_v1,intermediaire,40,20,8,100,25,25,50,75,25,86,14,17
intermediaire_0158,3,True,positioning_synthetic_v1,intermediaire,70,20,14,100,75,75,75,75,50,71,86,50
intermediaire_0158,4,True,positioning_synthetic_v1,intermediaire,70,20,14,100,75,75,75,50,75,71,71,67
intermediaire_0159,1,True,positioning_synthetic_v1,intermediaire,70,20,14,100,100,25,100,50,75,100,57,50
intermediaire_0159,2,True,positioning_synthetic_v1,intermediaire,70,20,14,100,75,75,75,50,75,100,86,17
intermediaire_0159,3,True,positioning_synthetic_v1,intermediaire,65,20,13,100,100,50,25,75,75,71,86,33
intermediaire_0159,4,True,positioning_synthetic_v1,intermediaire,75,20,15,100,75,75,75,100,50,71,86,67
intermediaire_0160,1,True,positioning_synthetic_v1,intermediaire,45,20,9,100,25,25,100,50,25,71,29,33
intermediaire_0160,2,True,positioning_synthetic_v1,intermediaire,60,20,12,100,75,25,75,50,75,86,86,0
intermediaire_0160,3,True,positioning_synthetic_v1,intermediaire,50,20,10,100,50,50,75,25,50,71,29,50
intermediaire_0160,4,True,positioning_synthetic_v1,intermediaire,45,20,9,100,50,25,50,50,50,57,57,17
intermediaire_0161,1,True,positioning_synthetic_v1,intermediaire,35,20,7,100,0,50,25,50,50,57,29,17
intermediaire_0161,2,True,positioning_synthetic_v1,intermediaire,35,20,7,100,75,25,25,25,25,86,14,0
intermediaire_0161,3,True,positioning_synthetic_v1,intermediaire,45,20,9,100,50,75,25,50,25,29,57,50
intermediaire_0161,4,True,positioning_synthetic_v1,intermediaire,30,20,6,100,0,50,25,50,25,57,14,17
intermediaire_0162,1,True,positioning_synthetic_v1,intermediaire,55,20,11,100,50,50,50,50,75,100,29,33
intermediaire_0162,2,True,positioning_synthetic_v1,intermediaire,45,20,9,100,50,75,50,0,50,57,57,17
intermediaire_0162,3,True,positioning_synthetic_v1,intermediaire,55,20,11,100,75,75,50,50,25,71,71,17
intermediaire_0162,4,True,positioning_synthetic_v1,intermediaire,60,20,12,100,75,25,75,50,75,57,71,50
intermediaire_0163,1,True,positioning_synthetic_v1,intermediaire,65,20,13,100,100,50,50,75,50,57,71,67
intermediaire_0163,2,True,positioning_synthetic_v1,intermediaire,40,20,8,100,0,25,25,75,75,29,57,33
intermediaire_0163,3,True,positioning_synthetic_v1,intermediaire,35,20,7,100,50,25,75,25,0,57,29,17
intermediaire_0163,4,True,positioning_synthetic_v1,intermediaire,55,20,11,100,25,25,75,50,100,43,57,67
intermediaire_0164,1,True,positioning_synthetic_v1,intermediaire,80,20,16,100,75,100,100,50,75,100,86,50
intermediaire_0164,2,True,positioning_synthetic_v1,intermediaire,70,20,14,100,25,100,50,75,100,100,71,33
intermediaire_0164,3,True,positioning_synthetic_v1,intermediaire,60,20,12,100,25,25,75,75,100,71,57,50
intermediaire_0164,4,True,positioning_synthetic_v1,intermediaire,55,20,11,100,75,25,75,25,75,71,43,50
intermediaire_0165,1,True,positioning_synthetic_v1,intermediaire,45,20,9,100,50,50,50,25,50,71,29,33
intermediaire_0165,2,True,positioning_synthetic_v1,intermediaire,60,20,12,100,50,25,100,50,75,86,43,50
intermediaire_0165,3,True,positioning_synthetic_v1,intermediaire,60,20,12,100,50,50,75,100,25,57,57,67
intermediaire_0165,4,True,positioning_synthetic_v1,intermediaire,50,20,10,100,0,25,75,50,100,71,43,33
intermediaire_0166,1,True,positioning_synthetic_v1,intermediaire,40,20,8,100,0,0,50,50,100,43,43,33
intermediaire_0166,2,True,positioning_synthetic_v1,intermediaire,45,20,9,100,25,50,50,50,50,71,43,17
intermediaire_0166,3,True,positioning_synthetic_v1,intermediaire,20,20,4,100,25,0,0,25,50,43,14,0
intermediaire_0166,4,True,positioning_synthetic_v1,intermediaire,30,20,6,100,50,25,25,25,25,43,43,0
intermediaire_0167,1,True,positioning_synthetic_v1,intermediaire,45,20,9,100,50,25,75,25,50,86,43,0
intermediaire_0167,2,True,positioning_synthetic_v1,intermediaire,45,20,9,100,75,25,50,25,50,71,43,17
intermediaire_0167,3,True,positioning_synthetic_v1,intermediaire,45,20,9,100,75,50,0,50,50,71,57,0
intermediaire_0167,4,True,positioning_synthetic_v1,intermediaire,30,20,6,100,50,0,50,25,25,43,29,17
intermediaire_0168,1,True,positioning_synthetic_v1,intermediaire,35,20,7,100,50,0,25,25,75,43,14,50
intermediaire_0168,2,True,positioning_synthetic_v1,intermediaire,35,20,7,100,0,50,50,50,25,43,43,17
intermediaire_0168,3,True,positioning_synthetic_v1,intermediaire,65,20,13,100,50,50,100,75,50,57,71,67
intermediaire_0168,4,True,positioning_synthetic_v1,intermediaire,60,20,12,100,75,75,50,75,25,57,71,50
intermediaire_0169,1,True,positioning_synthetic_v1,intermediaire,55,20,11,100,25,50,100,75,25,29,71,67
intermediaire_0169,2,True,positioning_synthetic_v1,intermediaire,55,20,11,100,50,50,50,50,75,71,57,33
intermediaire_0169,3,True,positioning_synthetic_v1,intermediaire,65,20,13,100,50,75,75,50,75,100,71,17
intermediaire_0169,4,True,positioning_synthetic_v1,intermediaire,60,20,12,100,75,75,50,75,25,57,86,33
intermediaire_0170,1,True,positioning_synthetic_v1,intermediaire,70,20,14,100,75,50,75,50,100,86,71,50
intermediaire_0170,2,True,positioning_synthetic_v1,intermediaire,35,20,7,100,50,25,25,50,25,43,29,33
intermediaire_0170,3,True,positioning_synthetic_v1,intermediaire,40,20,8,100,50,25,25,25,75,71,43,0
intermediaire_0170,4,True,positioning_synthetic_v1,intermediaire,55,20,11,100,75,50,50,50,50,100,29,33
intermediaire_0171,1,True,positioning_synthetic_v1,intermediaire,70,20,14,100,75,50,75,75,75,71,71,67
intermediaire_0171,2,True,positioning_synthetic_v1,intermediaire,60,20,12,100,50,50,75,50,75,71,57,50
intermediaire_0171,3,True,positioning_synthetic_v1,intermediaire,50,20,10,100,0,100,50,75,25,43,71,33
intermediaire_0171,4,True,positioning_synthetic_v1,intermediaire,40,20,8,100,50,25,50,50,25,57,43,17
intermediaire_0172,1,True,positioning_synthetic_v1,intermediaire,45,20,9,100,75,50,0,50,50,57,29,50
intermediaire_0172,2,True,positioning_synthetic_v1,intermediaire,30,20,6,100,25,50,0,50,25,57,29,0
intermediaire_0172,3,True,positioning_synthetic_v1,intermediaire,85,20,17,100,75,100,50,100,100,86,71,100
intermediaire_0172,4,True,positioning_synthetic_v1,intermediaire,40,20,8,100,50,75,25,25,25,71,29,17
intermediaire_0173,1,True,positioning_synthetic_v1,intermediaire,60,20,12,100,50,75,75,25,75,86,57,33
intermediaire_0173,2,True,positioning_synthetic_v1,intermediaire,35,20,7,100,50,25,0,50,50,43,43,17
intermediaire_0173,3,True,positioning_synthetic_v1,intermediaire,60,20,12,100,25,75,50,100,50,57,71,50
intermediaire_0173,4,True,positioning_synthetic_v1,intermediaire,40,20,8,100,50,50,25,25,50,57,29,33
intermediaire_0174,1,True,positioning_synthetic_v1,intermediaire,45,20,9,100,0,25,100,25,75,57,43,33
intermediaire_0174,2,True,positioning_synthetic_v1,intermediaire,60,20,12,100,50,50,100,25,75,86,57,33
intermediaire_0174,3,True,positioning_synthetic_v1,intermediaire,70,20,14,100,25,75,75,75,100,86,43,83
intermediaire_0174,4,True,positioning_synthetic_v1,intermediaire,35,20,7,100,25,25,50,75,0,29,43,33
intermediaire_0175,1,True,positioning_synthetic_v1,intermediaire,35,20,7,100,25,50,50,0,50,29,43,33
intermediaire_0175,2,True,positioning_synthetic_v1,intermediaire,25,20,5,100,25,0,50,25,25,43,14,17
intermediaire_0175,3,True,positioning_synthetic_v1,intermediaire,40,20,8,100,25,0,50,50,75,29,71,17
intermediaire_0175,4,True,positioning_synthetic_v1,intermediaire,40,20,8,100,50,25,0,75,50,71,43,0
intermediaire_0176,1,True,positioning_synthetic_v1,intermediaire,55,20,11,100,25,25,75,75,75,86,43,33
intermediaire_0176,2,True,positioning_synthetic_v1,intermediaire,50,20,10,100,25,75,50,0,100,71,43,33
intermediaire_0176,3,True,positioning_synthetic_v1,intermediaire,20,20,4,100,0,0,25,50,25,43,0,17
intermediaire_0176,4,True,positioning_synthetic_v1,intermediaire,35,20,7,100,0,25,25,25,100,57,29,17
intermediaire_0177,1,True,positioning_synthetic_v1,intermediaire,80,20,16,100,75,75,75,100,75,86,100,50
intermediaire_0177,2,True,positioning_synthetic_v1,intermediaire,50,20,10,100,0,75,50,50,75,57,43,50
intermediaire_0177,3,True,positioning_synthetic_v1,intermediaire,60,20,12,100,100,50,50,25,75,71,71,33
intermediaire_0177,4,True,positioning_synthetic_v1,intermediaire,60,20,12,100,100,25,75,50,50,86,43,50
intermediaire_0178,1,True,positioning_synthetic_v1,intermediaire,60,20,12,100,50,75,50,75,50,86,71,17
intermediaire_0178,2,True,positioning_synthetic_v1,intermediaire,35,20,7,100,25,50,25,50,25,86,14,0
intermediaire_0178,3,True,positioning_synthetic_v1,intermediaire,40,20,8,100,50,50,25,50,25,57,43,17
intermediaire_0178,4,True,positioning_synthetic_v1,intermediaire,50,20,10,100,0,25,75,75,75,57,57,33
intermediaire_0179,1,True,positioning_synthetic_v1,intermediaire,55,20,11,100,75,25,25,50,100,71,57,33
intermediaire_0179,2,True,positioning_synthetic_v1,intermediaire,65,20,13,100,50,50,75,75,75,71,86,33
intermediaire_0179,3,True,positioning_synthetic_v1,intermediaire,60,20,12,100,75,50,75,75,25,71,86,17
intermediaire_0179,4,True,positioning_synthetic_v1,intermediaire,55,20,11,100,75,50,25,50,75,86,43,33
intermediaire_0180,1,True,positioning_synthetic_v1,intermediaire,60,20,12,100,75,25,50,75,75,86,57,33
intermediaire_0180,2,True,positioning_synthetic_v1,intermediaire,50,20,10,100,100,75,50,0,25,43,57,50
intermediaire_0180,3,True,positioning_synthetic_v1,intermediaire,25,20,5,100,0,25,75,0,25,14,29,33
intermediaire_0180,4,True,positioning_synthetic_v1,intermediaire,75,20,15,100,75,100,100,50,50,71,71,83
intermediaire_0181,1,True,positioning_synthetic_v1,intermediaire,45,20,9,100,75,0,50,50,50,29,57,50
intermediaire_0181,2,True,positioning_synthetic_v1,intermediaire,25,20,5,100,0,50,0,25,50,43,29,0
intermediaire_0181,3,True,positioning_synthetic_v1,intermediaire,30,20,6,100,25,25,25,25,50,29,43,17
intermediaire_0181,4,True,positioning_synthetic_v1,intermediaire,60,20,12,100,50,50,25,100,75,86,43,50
intermediaire_0182,1,True,positioning_synthetic_v1,intermediaire,45,20,9,100,75,25,50,25,50,57,57,17
intermediaire_0182,2,True,positioning_synthetic_v1,intermediaire,30,20,6,100,25,25,0,25,75,57,14,17
intermediaire_0182,3,True,positioning_synthetic_v1,intermediaire,40,20,8,100,50,0,50,75,25,57,29,33
intermediaire_0182,4,True,positioning_synthetic_v1,intermediaire,35,20,7,100,50,25,50,50,0,57,14,33
intermediaire_0183,1,True,positioning_synthetic_v1,intermediaire,55,20,11,100,75,75,75,0,50,86,43,33
intermediaire_0183,2,True,positioning_synthetic_v1,intermediaire,30,20,6,100,0,50,25,25,50,43,43,0
intermediaire_0183,3,True,positioning_synthetic_v1,intermediaire,55,20,11,100,50,25,75,75,50,71,71,17
intermediaire_0183,4,True,positioning_synthetic_v1,intermediaire,60,20,12,100,75,25,75,50,75,86,43,50
intermediaire_0184,1,True,positioning_synthetic_v1,intermediaire,50,20,10,100,50,50,0,50,100,71,43,33
intermediaire_0184,2,True,positioning_synthetic_v1,intermediaire,30,20,6,100,25,50,25,25,25,43,29,17
intermediaire_0184,3,True,positioning_synthetic_v1,intermediaire,60,20,12,100,25,75,75,50,75,57,71,50
intermediaire_0184,4,True,positioning_synthetic_v1,intermediaire,35,20,7,100,25,50,25,25,50,86,0,17
intermediaire_0185,1,True,positioning_synthetic_v1,intermediaire,70,20,14,100,75,50,50,100,75,71,71,67
intermediaire_0185,2,True,positioning_synthetic_v1,intermediaire,80,20,16,100,100,75,75,75,75,100,57,83
intermediaire_0185,3,True,positioning_synthetic_v1,intermediaire,75,20,15,100,75,75,100,50,75,86,86,50
intermediaire_0185,4,True,positioning_synthetic_v1,intermediaire,65,20,13,100,75,100,100,25,25,71,86,33
intermediaire_0186,1,True,positioning_synthetic_v1,intermediaire,65,20,13,100,75,50,75,50,75,57,57,83
intermediaire_0186,2,True,positioning_synthetic_v1,intermediaire,55,20,11,100,75,25,50,100,25,86,29,50
intermediaire_0186,3,True,positioning_synthetic_v1,intermediaire,70,20,14,100,50,75,75,100,50,86,86,33
intermediaire_0186,4,True,positioning_synthetic_v1,intermediaire,55,20,11,100,75,0,75,75,50,71,43,50
intermediaire_0187,1,True,positioning_synthetic_v1,intermediaire,65,20,13,100,50,50,50,100,75,86,71,33
intermediaire_0187,2,True,positioning_synthetic_v1,intermediaire,55,20,11,100,75,50,50,75,25,57,86,17
intermediaire_0187,3,True,positioning_synthetic_v1,intermediaire,45,20,9,100,25,75,0,75,50,71,43,17
intermediaire_0187,4,True,positioning_synthetic_v1,intermediaire,90,20,18,100,100,75,100,100,75,100,71,100
intermediaire_0188,1,True,positioning_synthetic_v1,intermediaire,50,20,10,100,50,75,50,25,50,43,71,33
intermediaire_0188,2,True,positioning_synthetic_v1,intermediaire,70,20,14,100,50,50,75,100,75,100,86,17
intermediaire_0188,3,True,positioning_synthetic_v1,intermediaire,55,20,11,100,100,25,75,0,75,57,57,50
intermediaire_0188,4,True,positioning_synthetic_v1,intermediaire,80,20,16,100,50,100,100,100,50,86,100,50
intermediaire_0189,1,True,positioning_synthetic_v1,intermediaire,70,20,14,100,50,50,75,100,75,86,71,50
intermediaire_0189,2,True,positioning_synthetic_v1,intermediaire,55,20,11,100,75,50,25,50,75,86,57,17
intermediaire_0189,3,True,positioning_synthetic_v1,intermediaire,85,20,17,100,100,100,50,100,75,100,86,67
intermediaire_0189,4,True,positioning_synthetic_v1,intermediaire,60,20,12,100,75,50,75,25,75,71,71,33
intermediaire_0190,1,True,positioning_synthetic_v1,intermediaire,10,20,2,100,0,25,0,0,25,14,14,0
intermediaire_0190,2,True,positioning_synthetic_v1,intermediaire,40,20,8,100,25,0,75,50,50,57,29,33
intermediaire_0190,3,True,positioning_synthetic_v1,intermediaire,40,20,8,100,25,50,50,25,50,71,14,33
intermediaire_0190,4,True,positioning_synthetic_v1,intermediaire,45,20,9,100,25,25,75,25,75,43,57,33
intermediaire_0191,1,True,positioning_synthetic_v1,intermediaire,45,20,9,100,25,50,75,25,50,71,43,17
intermediaire_0191,2,True,positioning_synthetic_v1,intermediaire,40,20,8,100,50,50,0,50,50,71,29,17
intermediaire_0191,3,True,positioning_synthetic_v1,intermediaire,55,20,11,100,100,25,25,25,100,86,43,33
intermediaire_0191,4,True,positioning_synthetic_v1,intermediaire,60,20,12,100,50,75,50,75,50,86,71,17
intermediaire_0192,1,True,positioning_synthetic_v1,intermediaire,70,20,14,100,50,50,100,100,50,86,57,67
intermediaire_0192,2,True,positioning_synthetic_v1,intermediaire,80,20,16,100,50,75,100,75,100,100,57,83
intermediaire_0192,3,True,positioning_synthetic_v1,intermediaire,35,20,7,100,25,0,25,25,100,43,29,33
intermediaire_0192,4,True,positioning_synthetic_v1,intermediaire,35,20,7,100,0,50,25,50,50,29,57,17
intermediaire_0193,1,True,positioning_synthetic_v1,intermediaire,35,20,7,100,25,50,0,50,50,43,43,17
intermediaire_0193,2,True,positioning_synthetic_v1,intermediaire,50,20,10,100,50,25,25,75,75,86,29,33
intermediaire_0193,3,True,positioning_synthetic_v1,intermediaire,35,20,7,100,25,75,0,50,25,29,57,17
intermediaire_0193,4,True,positioning_synthetic_v1,intermediaire,45,20,9,100,25,50,50,25,75,57,43,33
intermediaire_0194,1,True,positioning_synthetic_v1,intermediaire,45,20,9,100,75,25,50,25,50,57,57,17
intermediaire_0194,2,True,positioning_synthetic_v1,intermediaire,55,20,11,100,50,75,50,75,25,57,71,33
intermediaire_0194,3,True,positioning_synthetic_v1,intermediaire,55,20,11,100,50,50,75,25,75,71,71,17
intermediaire_0194,4,True,positioning_synthetic_v1,intermediaire,55,20,11,100,50,50,75,50,50,86,57,17
intermediaire_0195,1,True,positioning_synthetic_v1,intermediaire,60,20,12,100,50,50,75,50,75,57,86,33
intermediaire_0195,2,True,positioning_synthetic_v1,intermediaire,55,20,11,100,75,75,50,50,25,57,86,17
intermediaire_0195,3,True,positioning_synthetic_v1,intermediaire,45,20,9,100,25,75,25,100,0,57,43,33
intermediaire_0195,4,True,positioning_synthetic_v1,intermediaire,55,20,11,100,75,25,75,75,25,86,43,33
intermediaire_0196,1,True,positioning_synthetic_v1,intermediaire,65,20,13,100,100,50,75,50,50,71,71,50
intermediaire_0196,2,True,positioning_synthetic_v1,intermediaire,45,20,9,100,25,25,75,25,75,57,57,17
intermediaire_0196,3,True,positioning_synthetic_v1,intermediaire,45,20,9,100,0,75,75,25,50,71,57,0
intermediaire_0196,4,True,positioning_synthetic_v1,intermediaire,30,20,6,100,25,25,25,25,50,71,14,0
intermediaire_0197,1,True,positioning_synthetic_v1,intermediaire,55,20,11,100,50,0,25,100,100,86,43,33
intermediaire_0197,2,True,positioning_synthetic_v1,intermediaire,65,20,13,100,50,50,25,100,100,57,86,50
intermediaire_0197,3,True,positioning_synthetic_v1,intermediaire,55,20,11,100,50,75,25,75,50,71,43,50
intermediaire_0197,4,True,positioning_synthetic_v1,intermediaire,50,20,10,100,50,25,50,50,75,86,57,0
intermediaire_0198,1,True,positioning_synthetic_v1,intermediaire,50,20,10,100,50,50,50,75,25,71,43,33
intermediaire_0198,2,True,positioning_synthetic_v1,intermediaire,30,20,6,100,25,25,0,50,50,43,29,17
intermediaire_0198,3,True,positioning_synthetic_v1,intermediaire,55,20,11,100,50,75,50,50,50,86,57,17
intermediaire_0198,4,True,positioning_synthetic_v1,intermediaire,30,20,6,100,50,25,50,0,25,29,57,0
intermediaire_0199,1,True,positioning_synthetic_v1,intermediaire,50,20,10,100,75,25,75,25,50,57,71,17
intermediaire_0199,2,True,positioning_synthetic_v1,intermediaire,50,20,10,100,75,50,75,25,25,86,43,17
intermediaire_0199,3,True,positioning_synthetic_v1,intermediaire,45,20,9,100,75,0,75,25,50,57,43,33
intermediaire_0199,4,True,positioning_synthetic_v1,intermediaire,45,20,9,100,25,50,25,50,75,43,43,50
intermediaire_0200,1,True,positioning_synthetic_v1,intermediaire,60,20,12,100,50,75,50,50,75,71,29,83
intermediaire_0200,2,True,positioning_synthetic_v1,intermediaire,50,20,10,100,75,75,25,25,50,71,71,0
intermediaire_0200,3,True,positioning_synthetic_v1,intermediaire,60,20,12,100,50,75,50,75,50,86,43,50
intermediaire_0200,4,True,positioning_synthetic_v1,intermediaire,55,20,11,100,50,50,50,75,50,57,57,50
intermediaire_0201,1,True,positioning_synthetic_v1,intermediaire,40,20,8,100,50,25,75,0,50,71,29,17
intermediaire_0201,2,True,positioning_synthetic_v1,intermediaire,40,20,8,100,0,25,50,50,75,71,29,17
intermediaire_0201,3,True,positioning_synthetic_v1,intermediaire,40,20,8,100,50,25,25,25,75,43,57,17
intermediaire_0201,4,True,positioning_synthetic_v1,intermediaire,45,20,9,100,75,25,50,25,50,57,43,33
intermediaire_0202,1,True,positioning_synthetic_v1,intermediaire,60,20,12,100,75,50,75,25,75,86,43,50
intermediaire_0202,2,True,positioning_synthetic_v1,intermediaire,50,20,10,100,75,50,75,25,25,57,57,33
intermediaire_0202,3,True,positioning_synthetic_v1,intermediaire,50,20,10,100,75,50,50,50,25,86,43,17
intermediaire_0202,4,True,positioning_synthetic_v1,intermediaire,50,20,10,100,75,25,50,25,75,43,57,50
intermediaire_0203,1,True,positioning_synthetic_v1,intermediaire,55,20,11,100,50,50,0,100,75,71,57,33
intermediaire_0203,2,True,positioning_synthetic_v1,intermediaire,55,20,11,100,25,75,75,50,50,86,43,33
intermediaire_0203,3,True,positioning_synthetic_v1,intermediaire,50,20,10,100,50,75,50,50,25,71,43,33
intermediaire_0203,4,True,positioning_synthetic_v1,intermediaire,55,20,11,100,25,50,75,75,50,100,43,17
intermediaire_0204,1,True,positioning_synthetic_v1,intermediaire,70,20,14,100,75,50,50,75,100,71,57,83
intermediaire_0204,2,True,positioning_synthetic_v1,intermediaire,40,20,8,100,50,25,50,75,0,29,57,33
intermediaire_0204,3,True,positioning_synthetic_v1,intermediaire,55,20,11,100,25,75,50,50,75,71,43,50
intermediaire_0204,4,True,positioning_synthetic_v1,intermediaire,45,20,9,100,0,50,75,75,25,71,29,33
intermediaire_0205,1,True,positioning_synthetic_v1,intermediaire,55,20,11,100,50,75,75,25,50,57,71,33
intermediaire_0205,2,True,positioning_synthetic_v1,intermediaire,50,20,10,100,25,100,50,50,25,43,43,67
intermediaire_0205,3,True,positioning_synthetic_v1,intermediaire,50,20,10,100,50,25,100,50,25,100,29,17
intermediaire_0205,4,True,positioning_synthetic_v1,intermediaire,35,20,7,100,25,100,50,0,0,43,29,33
intermediaire_0206,1,True,positioning_synthetic_v1,intermediaire,50,20,10,100,75,75,25,0,75,43,57,50
intermediaire_0206,2,True,positioning_synthetic_v1,intermediaire,50,20,10,100,75,100,50,0,25,71,43,33
intermediaire_0206,3,True,positioning_synthetic_v1,intermediaire,40,20,8,100,50,50,50,50,0,71,43,0
intermediaire_0206,4,True,positioning_synthetic_v1,intermediaire,40,20,8,100,50,25,75,25,25,57,29,33
intermediaire_0207,1,True,positioning_synthetic_v1,intermediaire,35,20,7,100,50,25,25,50,25,43,43,17
intermediaire_0207,2,True,positioning_synthetic_v1,intermediaire,40,20,8,100,75,25,75,25,0,57,43,17
intermediaire_0207,3,True,positioning_synthetic_v1,intermediaire,35,20,7,100,25,75,25,50,0,57,29,17
intermediaire_0207,4,True,positioning_synthetic_v1,intermediaire,60,20,12,100,75,50,50,50,75,86,57,33
intermediaire_0208,1,True,positioning_synthetic_v1,intermediaire,65,20,13,100,75,75,50,75,50,71,86,33
intermediaire_0208,2,True,positioning_synthetic_v1,intermediaire,50,20,10,100,50,75,75,0,50,71,43,33
intermediaire_0208,3,True,positioning_synthetic_v1,intermediaire,55,20,11,100,75,25,50,50,75,86,29,50
intermediaire_0208,4,True,positioning_synthetic_v1,intermediaire,15,20,3,100,0,50,0,25,0,14,29,0
intermediaire_0209,1,True,positioning_synthetic_v1,intermediaire,60,20,12,100,75,100,25,50,50,71,57,50
intermediaire_0209,2,True,positioning_synthetic_v1,intermediaire,50,20,10,100,0,100,25,50,75,57,57,33
intermediaire_0209,3,True,positioning_synthetic_v1,intermediaire,35,20,7,100,50,25,25,25,50,29,57,17
intermediaire_0209,4,True,positioning_synthetic_v1,intermediaire,45,20,9,100,50,25,50,50,50,71,57,0
intermediaire_0210,1,True,positioning_synthetic_v1,intermediaire,60,20,12,100,25,100,100,50,25,71,71,33
intermediaire_0210,2,True,positioning_synthetic_v1,intermediaire,50,20,10,100,75,50,75,25,25,71,43,33
intermediaire_0210,3,True,positioning_synthetic_v1,intermediaire,65,20,13,100,100,75,50,25,75,71,100,17
intermediaire_0210,4,True,positioning_synthetic_v1,intermediaire,60,20,12,100,75,75,25,100,25,43,86,50
intermediaire_0211,1,True,positioning_synthetic_v1,intermediaire,40,20,8,100,75,25,50,50,0,71,29,17
intermediaire_0211,2,True,positioning_synthetic_v1,intermediaire,55,20,11,100,75,50,75,25,50,57,71,33
intermediaire_0211,3,True,positioning_synthetic_v1,intermediaire,55,20,11,100,25,75,25,75,75,71,57,33
intermediaire_0211,4,True,positioning_synthetic_v1,intermediaire,35,20,7,100,0,25,50,50,50,57,29,17
intermediaire_0212,1,True,positioning_synthetic_v1,intermediaire,45,20,9,100,25,50,75,50,25,86,29,17
intermediaire_0212,2,True,positioning_synthetic_v1,intermediaire,40,20,8,100,75,50,25,0,50,57,29,33
intermediaire_0212,3,True,positioning_synthetic_v1,intermediaire,45,20,9,100,50,50,25,25,75,57,71,0
intermediaire_0212,4,True,positioning_synthetic_v1,intermediaire,50,20,10,100,50,50,25,75,50,86,43,17
intermediaire_0213,1,True,positioning_synthetic_v1,intermediaire,45,20,9,100,25,25,25,75,75,71,43,17
intermediaire_0213,2,True,positioning_synthetic_v1,intermediaire,65,20,13,100,50,100,75,75,25,86,57,50
intermediaire_0213,3,True,positioning_synthetic_v1,intermediaire,65,20,13,100,75,50,75,50,75,100,57,33
intermediaire_0213,4,True,positioning_synthetic_v1,intermediaire,65,20,13,100,50,50,75,75,75,71,86,33
intermediaire_0214,1,True,positioning_synthetic_v1,intermediaire,35,20,7,100,25,25,50,75,0,71,29,0
intermediaire_0214,2,True,positioning_synthetic_v1,intermediaire,40,20,8,100,50,50,25,25,50,43,0,83
intermediaire_0214,3,True,positioning_synthetic_v1,intermediaire,60,20,12,100,100,75,75,0,50,71,43,67
intermediaire_0214,4,True,positioning_synthetic_v1,intermediaire,50,20,10,100,25,75,50,75,25,86,43,17
intermediaire_0215,1,True,positioning_synthetic_v1,intermediaire,55,20,11,100,50,25,75,50,75,71,71,17
intermediaire_0215,2,True,positioning_synthetic_v1,intermediaire,60,20,12,100,50,75,75,75,25,100,57,17
intermediaire_0215,3,True,positioning_synthetic_v1,intermediaire,55,20,11,100,75,50,25,50,75,71,71,17
intermediaire_0215,4,True,positioning_synthetic_v1,intermediaire,50,20,10,100,50,75,25,75,25,43,86,17
intermediaire_0216,1,True,positioning_synthetic_v1,intermediaire,70,20,14,100,75,75,100,75,25,86,86,33
intermediaire_0216,2,True,positioning_synthetic_v1,intermediaire,40,20,8,100,25,25,25,75,50,57,29,33
intermediaire_0216,3,True,positioning_synthetic_v1,intermediaire,70,20,14,100,25,100,75,100,50,100,43,67
intermediaire_0216,4,True,positioning_synthetic_v1,intermediaire,50,20,10,100,50,75,50,50,25,86,57,0
intermediaire_0217,1,True,positioning_synthetic_v1,intermediaire,60,20,12,100,75,75,50,50,50,86,29,67
intermediaire_0217,2,True,positioning_synthetic_v1,intermediaire,60,20,12,100,75,50,100,25,50,100,43,33
intermediaire_0217,3,True,positioning_synthetic_v1,intermediaire,55,20,11,100,25,50,50,50,100,57,57,50
intermediaire_0217,4,True,positioning_synthetic_v1,intermediaire,70,20,14,100,50,75,50,100,75,86,71,50
intermediaire_0218,1,True,positioning_synthetic_v1,intermediaire,60,20,12,100,50,75,75,25,75,57,43,83
intermediaire_0218,2,True,positioning_synthetic_v1,intermediaire,65,20,13,100,100,50,100,50,25,86,43,67
intermediaire_0218,3,True,positioning_synthetic_v1,intermediaire,45,20,9,100,100,0,50,50,25,57,43,33
intermediaire_0218,4,True,positioning_synthetic_v1,intermediaire,40,20,8,100,50,25,50,25,50,43,43,33
intermediaire_0219,1,True,positioning_synthetic_v1,intermediaire,45,20,9,100,75,0,75,25,50,57,57,17
intermediaire_0219,2,True,positioning_synthetic_v1,intermediaire,45,20,9,100,50,75,75,0,25,71,57,0
intermediaire_0219,3,True,positioning_synthetic_v1,intermediaire,25,20,5,100,25,25,25,0,50,29,29,17
intermediaire_0219,4,True,positioning_synthetic_v1,intermediaire,40,20,8,100,50,25,75,25,25,57,29,33
intermediaire_0220,1,True,positioning_synthetic_v1,intermediaire,60,20,12,100,25,75,50,100,50,86,57,33
intermediaire_0220,2,True,positioning_synthetic_v1,intermediaire,60,20,12,100,25,75,50,100,50,71,71,33
intermediaire_0220,3,True,positioning_synthetic_v1,intermediaire,75,20,15,100,50,75,75,75,100,100,86,33
intermediaire_0220,4,True,positioning_synthetic_v1,intermediaire,40,20,8,100,50,50,25,25,50,57,57,0
intermediaire_0221,1,True,positioning_synthetic_v1,intermediaire,50,20,10,100,75,75,50,25,25,71,29,50
intermediaire_0221,2,True,positioning_synthetic_v1,intermediaire,50,20,10,100,50,50,75,50,25,71,57,17
intermediaire_0221,3,True,positioning_synthetic_v1,intermediaire,60,20,12,100,75,50,75,25,75,57,86,33
intermediaire_0221,4,True,positioning_synthetic_v1,intermediaire,30,20,6,100,50,25,0,50,25,43,43,0
intermediaire_0222,1,True,positioning_synthetic_v1,intermediaire,40,20,8,100,25,50,0,100,25,57,43,17
intermediaire_0222,2,True,positioning_synthetic_v1,intermediaire,50,20,10,100,25,25,50,50,100,71,43,33
intermediaire_0222,3,True,positioning_synthetic_v1,intermediaire,35,20,7,100,25,50,25,75,0,43,43,17
intermediaire_0222,4,True,positioning_synthetic_v1,intermediaire,60,20,12,100,50,75,75,75,25,86,71,17
intermediaire_0223,1,True,positioning_synthetic_v1,intermediaire,65,20,13,100,50,75,75,50,75,100,71,17
intermediaire_0223,2,True,positioning_synthetic_v1,intermediaire,50,20,10,100,25,100,50,50,25,71,29,50
intermediaire_0223,3,True,positioning_synthetic_v1,intermediaire,60,20,12,100,50,100,50,50,50,57,57,67
intermediaire_0223,4,True,positioning_synthetic_v1,intermediaire,50,20,10,100,75,50,50,25,50,71,43,33
intermediaire_0224,1,True,positioning_synthetic_v1,intermediaire,60,20,12,100,25,75,75,75,50,57,71,50
intermediaire_0224,2,True,positioning_synthetic_v1,intermediaire,40,20,8,100,25,25,25,75,50,57,29,33
intermediaire_0224,3,True,positioning_synthetic_v1,intermediaire,55,20,11,100,25,50,50,75,75,86,29,50
intermediaire_0224,4,True,positioning_synthetic_v1,intermediaire,45,20,9,100,25,100,25,50,25,57,43,33
intermediaire_0225,1,True,positioning_synthetic_v1,intermediaire,60,20,12,100,100,50,50,50,50,86,57,33
intermediaire_0225,2,True,positioning_synthetic_v1,intermediaire,45,20,9,100,75,75,25,0,50,71,57,0
intermediaire_0225,3,True,positioning_synthetic_v1,intermediaire,55,20,11,100,75,50,50,50,50,86,29,50
intermediaire_0225,4,True,positioning_synthetic_v1,intermediaire,30,20,6,100,25,25,25,25,50,57,29,0
intermediaire_0226,1,True,positioning_synthetic_v1,intermediaire,55,20,11,100,75,25,75,75,25,43,100,17
intermediaire_0226,2,True,positioning_synthetic_v1,intermediaire,45,20,9,100,25,50,50,75,25,86,14,33
intermediaire_0226,3,True,positioning_synthetic_v1,intermediaire,45,20,9,100,75,25,50,25,50,29,71,33
intermediaire_0226,4,True,positioning_synthetic_v1,intermediaire,40,20,8,100,75,25,25,25,50,43,43,33
intermediaire_0227,1,True,positioning_synthetic_v1,intermediaire,40,20,8,100,25,50,50,0,75,57,43,17
intermediaire_0227,2,True,positioning_synthetic_v1,intermediaire,50,20,10,100,25,0,75,75,75,71,57,17
intermediaire_0227,3,True,positioning_synthetic_v1,intermediaire,65,20,13,100,25,75,75,75,75,57,71,67
intermediaire_0227,4,True,positioning_synthetic_v1,intermediaire,50,20,10,100,75,75,75,0,25,71,43,33
intermediaire_0228,1,True,positioning_synthetic_v1,intermediaire,45,20,9,100,75,50,50,25,25,57,43,33
intermediaire_0228,2,True,positioning_synthetic_v1,intermediaire,50,20,10,100,50,75,25,75,25,71,57,17
intermediaire_0228,3,True,positioning_synthetic_v1,intermediaire,55,20,11,100,50,75,50,50,50,86,43,33
intermediaire_0228,4,True,positioning_synthetic_v1,intermediaire,65,20,13,100,75,75,75,50,50,86,57,50
intermediaire_0229,1,True,positioning_synthetic_v1,intermediaire,30,20,6,100,50,25,50,0,25,71,14,0
intermediaire_0229,2,True,positioning_synthetic_v1,intermediaire,75,20,15,100,75,50,100,75,75,100,57,67
intermediaire_0229,3,True,positioning_synthetic_v1,intermediaire,55,20,11,100,50,50,50,75,50,86,14,67
intermediaire_0229,4,True,positioning_synthetic_v1,intermediaire,60,20,12,100,50,25,100,50,75,86,57,33
intermediaire_0230,1,True,positioning_synthetic_v1,intermediaire,30,20,6,100,25,0,25,50,50,43,29,17
intermediaire_0230,2,True,positioning_synthetic_v1,intermediaire,70,20,14,100,50,75,75,75,75,71,71,67
intermediaire_0230,3,True,positioning_synthetic_v1,intermediaire,55,20,11,100,25,25,50,75,100,57,57,50
intermediaire_0230,4,True,positioning_synthetic_v1,intermediaire,35,20,7,100,50,0,0,50,75,57,29,17
intermediaire_0231,1,True,positioning_synthetic_v1,intermediaire,70,20,14,100,50,100,75,75,50,57,86,67
intermediaire_0231,2,True,positioning_synthetic_v1,intermediaire,75,20,15,100,25,75,75,100,100,57,86,83
intermediaire_0231,3,True,positioning_synthetic_v1,intermediaire,70,20,14,100,75,75,50,75,75,86,71,50
intermediaire_0231,4,True,positioning_synthetic_v1,intermediaire,50,20,10,100,75,50,25,50,50,86,57,0
intermediaire_0232,1,True,positioning_synthetic_v1,intermediaire,60,20,12,100,75,50,100,25,50,71,43,67
intermediaire_0232,2,True,positioning_synthetic_v1,intermediaire,50,20,10,100,50,25,50,50,75,71,29,50
intermediaire_0232,3,True,positioning_synthetic_v1,intermediaire,55,20,11,100,50,50,25,100,50,71,43,50
intermediaire_0232,4,True,positioning_synthetic_v1,intermediaire,60,20,12,100,100,25,50,75,50,86,43,50
intermediaire_0233,1,True,positioning_synthetic_v1,intermediaire,50,20,10,100,50,50,50,50,50,71,71,0
intermediaire_0233,2,True,positioning_synthetic_v1,intermediaire,65,20,13,100,25,75,75,100,50,86,71,33
intermediaire_0233,3,True,positioning_synthetic_v1,intermediaire,75,20,15,100,50,75,75,100,75,86,86,50
intermediaire_0233,4,True,positioning_synthetic_v1,intermediaire,40,20,8,100,50,50,25,50,25,71,43,0
intermediaire_0234,1,True,positioning_synthetic_v1,intermediaire,60,20,12,100,75,50,75,50,50,57,71,50
intermediaire_0234,2,True,positioning_synthetic_v1,intermediaire,55,20,11,100,75,50,100,50,0,86,43,33
intermediaire_0234,3,True,positioning_synthetic_v1,intermediaire,60,20,12,100,75,50,50,50,75,86,43,50
intermediaire_0234,4,True,positioning_synthetic_v1,intermediaire,65,20,13,100,75,50,100,75,25,86,57,50
intermediaire_0235,1,True,positioning_synthetic_v1,intermediaire,50,20,10,100,50,75,25,25,75,71,71,0
intermediaire_0235,2,True,positioning_synthetic_v1,intermediaire,40,20,8,100,50,50,0,75,25,57,43,17
intermediaire_0235,3,True,positioning_synthetic_v1,intermediaire,55,20,11,100,75,25,75,50,50,71,71,17
intermediaire_0235,4,True,positioning_synthetic_v1,intermediaire,40,20,8,100,75,25,50,25,25,71,43,0
intermediaire_0236,1,True,positioning_synthetic_v1,intermediaire,45,20,9,100,50,50,75,25,25,86,14,33
intermediaire_0236,2,True,positioning_synthetic_v1,intermediaire,50,20,10,100,25,50,25,75,75,86,43,17
intermediaire_0236,3,True,positioning_synthetic_v1,intermediaire,45,20,9,100,25,25,25,50,100,86,14,33
intermediaire_0236,4,True,positioning_synthetic_v1,intermediaire,85,20,17,100,75,50,100,100,100,86,86,83
intermediaire_0237,1,True,positioning_synthetic_v1,intermediaire,40,20,8,100,50,25,50,25,50,86,14,17
intermediaire_0237,2,True,positioning_synthetic_v1,intermediaire,55,20,11,100,100,50,75,25,25,57,71,33
intermediaire_0237,3,True,positioning_synthetic_v1,intermediaire,60,20,12,100,25,50,25,100,100,100,43,33
intermediaire_0237,4,True,positioning_synthetic_v1,intermediaire,25,20,5,100,75,25,0,0,25,43,29,0
intermediaire_0238,1,True,positioning_synthetic_v1,intermediaire,65,20,13,100,0,75,50,100,100,71,43,83
intermediaire_0238,2,True,positioning_synthetic_v1,intermediaire,70,20,14,100,75,50,50,75,100,86,57,67
intermediaire_0238,3,True,positioning_synthetic_v1,intermediaire,70,20,14,100,75,25,75,100,75,86,57,67
intermediaire_0238,4,True,positioning_synthetic_v1,intermediaire,65,20,13,100,50,75,75,50,75,71,43,83
intermediaire_0239,1,True,positioning_synthetic_v1,intermediaire,50,20,10,100,50,25,25,75,75,86,57,0
intermediaire_0239,2,True,positioning_synthetic_v1,intermediaire,50,20,10,100,50,75,25,50,50,57,71,17
intermediaire_0239,3,True,positioning_synthetic_v1,intermediaire,60,20,12,100,50,100,50,75,25,100,43,33
intermediaire_0239,4,True,positioning_synthetic_v1,intermediaire,55,20,11,100,50,75,50,25,75,71,71,17
intermediaire_0240,1,True,positioning_synthetic_v1,intermediaire,45,20,9,100,75,75,25,50,0,43,43,50
intermediaire_0240,2,True,positioning_synthetic_v1,intermediaire,65,20,13,100,75,75,75,25,75,86,71,33
intermediaire_0240,3,True,positioning_synthetic_v1,intermediaire,40,20,8,100,0,50,50,75,25,57,43,17
intermediaire_0240,4,True,positioning_synthetic_v1,intermediaire,55,20,11,100,100,25,25,75,50,71,57,33
intermediaire_0241,1,True,positioning_synthetic_v1,intermediaire,50,20,10,100,50,50,50,50,50,86,29,33
intermediaire_0241,2,True,positioning_synthetic_v1,intermediaire,65,20,13,100,100,50,50,50,75,86,71,33
intermediaire_0241,3,True,positioning_synthetic_v1,intermediaire,60,20,12,100,50,75,75,50,50,71,100,0
intermediaire_0241,4,True,positioning_synthetic_v1,intermediaire,30,20,6,100,25,0,0,50,75,43,29,17
intermediaire_0242,1,True,positioning_synthetic_v1,intermediaire,60,20,12,100,75,50,50,50,75,86,57,33
intermediaire_0242,2,True,positioning_synthetic_v1,intermediaire,70,20,14,100,75,75,75,50,75,100,57,50
intermediaire_0242,3,True,positioning_synthetic_v1,intermediaire,60,20,12,100,50,75,50,50,75,100,57,17
intermediaire_0242,4,True,positioning_synthetic_v1,intermediaire,35,20,7,100,25,25,25,50,50,57,14,33
intermediaire_0243,1,True,positioning_synthetic_v1,intermediaire,45,20,9,100,50,50,50,25,50,29,71,33
intermediaire_0243,2,True,positioning_synthetic_v1,intermediaire,35,20,7,100,25,50,25,50,25,43,43,17
intermediaire_0243,3,True,positioning_synthetic_v1,intermediaire,35,20,7,100,25,50,25,25,50,57,29,17
intermediaire_0243,4,True,positioning_synthetic_v1,intermediaire,50,20,10,100,50,25,25,75,75,86,29,33
intermediaire_0244,1,True,positioning_synthetic_v1,intermediaire,55,20,11,100,50,75,50,50,50,71,71,17
intermediaire_0244,2,True,positioning_synthetic_v1,intermediaire,65,20,13,100,75,50,50,100,50,86,71,33
intermediaire_0244,3,True,positioning_synthetic_v1,intermediaire,80,20,16,100,50,75,75,100,100,86,71,83
intermediaire_0244,4,True,positioning_synthetic_v1,intermediaire,75,20,15,100,75,50,75,75,100,71,100,50
intermediaire_0245,1,True,positioning_synthetic_v1,intermediaire,65,20,13,100,50,75,75,75,50,71,86,33
intermediaire_0245,2,True,positioning_synthetic_v1,intermediaire,45,20,9,100,50,50,25,50,50,71,29,33
intermediaire_0245,3,True,positioning_synthetic_v1,intermediaire,55,20,11,100,50,50,75,50,50,86,43,33
intermediaire_0245,4,True,positioning_synthetic_v1,intermediaire,65,20,13,100,75,75,50,50,75,86,71,33
intermediaire_0246,1,True,positioning_synthetic_v1,intermediaire,35,20,7,100,25,50,25,75,0,57,43,0
intermediaire_0246,2,True,positioning_synthetic_v1,intermediaire,40,20,8,100,0,75,25,25,75,71,14,33
intermediaire_0246,3,True,positioning_synthetic_v1,intermediaire,50,20,10,100,50,50,75,25,50,71,43,33
intermediaire_0246,4,True,positioning_synthetic_v1,intermediaire,25,20,5,100,25,25,25,25,25,29,14,33
intermediaire_0247,1,True,positioning_synthetic_v1,intermediaire,70,20,14,100,50,75,75,50,100,57,86,67
intermediaire_0247,2,True,positioning_synthetic_v1,intermediaire,65,20,13,100,50,75,75,75,50,86,71,33
intermediaire_0247,3,True,positioning_synthetic_v1,intermediaire,70,20,14,100,100,75,75,50,50,71,71,67
intermediaire_0247,4,True,positioning_synthetic_v1,intermediaire,55,20,11,100,50,50,75,50,50,71,57,33
intermediaire_0248,1,True,positioning_synthetic_v1,intermediaire,40,20,8,100,25,50,25,75,25,71,29,17
intermediaire_0248,2,True,positioning_synthetic_v1,intermediaire,30,20,6,100,50,50,0,50,0,29,43,17
intermediaire_0248,3,True,positioning_synthetic_v1,intermediaire,45,20,9,100,50,75,50,25,25,71,43,17
intermediaire_0248,4,True,positioning_synthetic_v1,intermediaire,60,20,12,100,50,75,75,75,25,71,71,33
intermediaire_0249,1,True,positioning_synthetic_v1,intermediaire,50,20,10,100,25,25,50,75,75,43,71,33
intermediaire_0249,2,True,positioning_synthetic_v1,intermediaire,55,20,11,100,50,25,50,50,100,71,71,17
intermediaire_0249,3,True,positioning_synthetic_v1,intermediaire,55,20,11,100,25,75,25,50,100,71,57,33
intermediaire_0249,4,True,positioning_synthetic_v1,intermediaire,40,20,8,100,50,25,50,25,50,71,43,0
intermediaire_0250,1,True,positioning_synthetic_v1,intermediaire,50,20,10,100,50,75,50,25,50,57,57,33
intermediaire_0250,2,True,positioning_synthetic_v1,intermediaire,50,20,10,100,50,50,50,25,75,57,86,0
intermediaire_0250,3,True,positioning_synthetic_v1,intermediaire,60,20,12,100,50,75,25,50,100,86,57,33
intermediaire_0250,4,True,positioning_synthetic_v1,intermediaire,70,20,14,100,50,50,75,75,100,57,71,83
intermediaire_0251,1,True,positioning_synthetic_v1,intermediaire,30,20,6,100,75,25,0,50,0,29,29,33
intermediaire_0251,2,True,positioning_synthetic_v1,intermediaire,35,20,7,100,50,50,25,25,25,43,43,17
intermediaire_0251,3,True,positioning_synthetic_v1,intermediaire,10,20,2,100,0,25,25,0,0,29,0,0
intermediaire_0251,4,True,positioning_synthetic_v1,intermediaire,30,20,6,100,25,50,0,50,25,43,43,0
intermediaire_0252,1,True,positioning_synthetic_v1,intermediaire,65,20,13,100,50,75,50,75,75,71,71,50
intermediaire_0252,2,True,positioning_synthetic_v1,intermediaire,40,20,8,100,75,25,50,25,25,71,14,33
intermediaire_0252,3,True,positioning_synthetic_v1,intermediaire,30,20,6,100,25,0,25,75,25,29,29,33
intermediaire_0252,4,True,positioning_synthetic_v1,intermediaire,45,20,9,100,50,75,25,25,50,86,43,0
intermediaire_0253,1,True,positioning_synthetic_v1,intermediaire,70,20,14,100,75,75,25,100,75,86,57,67
intermediaire_0253,2,True,positioning_synthetic_v1,intermediaire,85,20,17,100,50,100,100,100,75,86,100,67
intermediaire_0253,3,True,positioning_synthetic_v1,intermediaire,85,20,17,100,75,100,75,75,100,86,100,67
intermediaire_0253,4,True,positioning_synthetic_v1,intermediaire,65,20,13,100,0,50,75,100,100,71,71,50
intermediaire_0254,1,True,positioning_synthetic_v1,intermediaire,50,20,10,100,50,50,75,50,25,100,29,17
intermediaire_0254,2,True,positioning_synthetic_v1,intermediaire,55,20,11,100,75,50,25,75,50,71,43,50
intermediaire_0254,3,True,positioning_synthetic_v1,intermediaire,65,20,13,100,75,50,75,75,50,86,43,67
intermediaire_0254,4,True,positioning_synthetic_v1,intermediaire,55,20,11,100,50,25,0,100,100,57,71,33
intermediaire_0255,1,True,positioning_synthetic_v1,intermediaire,65,20,13,100,50,75,75,50,75,86,43,67
intermediaire_0255,2,True,positioning_synthetic_v1,intermediaire,75,20,15,100,50,100,75,100,50,71,71,83
intermediaire_0255,3,True,positioning_synthetic_v1,intermediaire,50,20,10,100,25,50,50,50,75,71,57,17
intermediaire_0255,4,True,positioning_synthetic_v1,intermediaire,50,20,10,100,25,75,50,50,50,71,29,50
intermediaire_0256,1,True,positioning_synthetic_v1,intermediaire,45,20,9,100,25,50,50,50,50,71,43,17
intermediaire_0256,2,True,positioning_synthetic_v1,intermediaire,40,20,8,100,50,0,50,50,50,57,29,33
intermediaire_0256,3,True,positioning_synthetic_v1,intermediaire,35,20,7,100,0,25,25,50,75,57,29,17
intermediaire_0256,4,True,positioning_synthetic_v1,intermediaire,40,20,8,100,25,25,50,50,50,57,29,33
intermediaire_0257,1,True,positioning_synthetic_v1,intermediaire,60,20,12,100,50,75,100,75,0,71,43,67
intermediaire_0257,2,True,positioning_synthetic_v1,intermediaire,65,20,13,100,25,75,50,75,100,86,71,33
intermediaire_0257,3,True,positioning_synthetic_v1,intermediaire,65,20,13,100,75,50,50,75,75,71,57,67
intermediaire_0257,4,True,positioning_synthetic_v1,intermediaire,60,20,12,100,50,75,25,75,75,86,71,17
intermediaire_0258,1,True,positioning_synthetic_v1,intermediaire,55,20,11,100,50,25,75,75,50,71,71,17
intermediaire_0258,2,True,positioning_synthetic_v1,intermediaire,20,20,4,100,25,0,25,50,0,29,14,17
intermediaire_0258,3,True,positioning_synthetic_v1,intermediaire,30,20,6,100,25,50,25,25,25,29,43,17
intermediaire_0258,4,True,positioning_synthetic_v1,intermediaire,40,20,8,100,75,50,0,25,50,29,43,50
intermediaire_0259,1,True,positioning_synthetic_v1,intermediaire,60,20,12,100,75,50,50,50,75,100,14,67
intermediaire_0259,2,True,positioning_synthetic_v1,intermediaire,60,20,12,100,50,75,50,50,75,71,86,17
intermediaire_0259,3,True,positioning_synthetic_v1,intermediaire,50,20,10,100,50,25,25,75,75,71,43,33
intermediaire_0259,4,True,positioning_synthetic_v1,intermediaire,55,20,11,100,50,100,50,50,25,57,86,17
intermediaire_0260,1,True,positioning_synthetic_v1,intermediaire,45,20,9,100,50,50,25,50,50,71,43,17
intermediaire_0260,2,True,positioning_synthetic_v1,intermediaire,35,20,7,100,25,50,0,75,25,43,43,17
intermediaire_0260,3,True,positioning_synthetic_v1,intermediaire,40,20,8,100,25,50,50,50,25,86,14,17
intermediaire_0260,4,True,positioning_synthetic_v1,intermediaire,50,20,10,100,75,75,25,25,50,86,29,33
intermediaire_0261,1,True,positioning_synthetic_v1,intermediaire,45,20,9,100,50,50,25,50,50,86,43,0
intermediaire_0261,2,True,positioning_synthetic_v1,intermediaire,60,20,12,100,50,50,50,75,75,86,57,33
intermediaire_0261,3,True,positioning_synthetic_v1,intermediaire,45,20,9,100,25,75,50,50,25,71,43,17
intermediaire_0261,4,True,positioning_synthetic_v1,intermediaire,35,20,7,100,25,0,75,25,50,43,29,33
intermediaire_0262,1,True,positioning_synthetic_v1,intermediaire,25,20,5,100,25,50,0,0,50,29,29,17
intermediaire_0262,2,True,positioning_synthetic_v1,intermediaire,35,20,7,100,25,25,50,25,50,57,43,0
intermediaire_0262,3,True,positioning_synthetic_v1,intermediaire,40,20,8,100,50,25,0,50,75,57,43,17
intermediaire_0262,4,True,positioning_synthetic_v1,intermediaire,45,20,9,100,25,75,25,25,75,43,57,33
intermediaire_0263,1,True,positioning_synthetic_v1,intermediaire,65,20,13,100,75,50,100,50,50,86,71,33
intermediaire_0263,2,True,positioning_synthetic_v1,intermediaire,70,20,14,100,75,75,75,50,75,100,57,50
intermediaire_0263,3,True,positioning_synthetic_v1,intermediaire,65,20,13,100,75,25,100,75,50,86,57,50
intermediaire_0263,4,True,positioning_synthetic_v1,intermediaire,50,20,10,100,25,50,75,75,25,71,57,17
intermediaire_0264,1,True,positioning_synthetic_v1,intermediaire,55,20,11,100,25,50,50,50,100,57,57,50
intermediaire_0264,2,True,positioning_synthetic_v1,intermediaire,60,20,12,100,50,50,75,50,75,100,43,33
intermediaire_0264,3,True,positioning_synthetic_v1,intermediaire,45,20,9,100,50,75,50,0,50,57,43,33
intermediaire_0264,4,True,positioning_synthetic_v1,intermediaire,55,20,11,100,50,50,75,50,50,71,43,50
intermediaire_0265,1,True,positioning_synthetic_v1,intermediaire,65,20,13,100,50,100,50,50,75,100,29,67
intermediaire_0265,2,True,positioning_synthetic_v1,intermediaire,60,20,12,100,75,75,0,100,50,86,71,17
intermediaire_0265,3,True,positioning_synthetic_v1,intermediaire,55,20,11,100,100,50,25,75,25,71,71,17
intermediaire_0265,4,True,positioning_synthetic_v1,intermediaire,50,20,10,100,50,50,25,75,50,71,71,0
intermediaire_0266,1,True,positioning_synthetic_v1,intermediaire,30,20,6,100,75,25,25,0,25,43,43,0
intermediaire_0266,2,True,positioning_synthetic_v1,intermediaire,50,20,10,100,75,25,75,50,25,71,29,50
intermediaire_0266,3,True,positioning_synthetic_v1,intermediaire,35,20,7,100,75,25,25,0,50,57,43,0
intermediaire_0266,4,True,positioning_synthetic_v1,intermediaire,40,20,8,100,50,25,50,25,50,43,71,0
intermediaire_0267,1,True,positioning_synthetic_v1,intermediaire,60,20,12,100,50,75,50,75,50,71,71,33
intermediaire_0267,2,True,positioning_synthetic_v1,intermediaire,85,20,17,100,75,75,100,75,100,86,86,83
intermediaire_0267,3,True,positioning_synthetic_v1,intermediaire,55,20,11,100,50,50,50,75,50,57,71,33
intermediaire_0267,4,True,positioning_synthetic_v1,intermediaire,65,20,13,100,75,50,50,50,100,100,57,33
intermediaire_0268,1,True,positioning_synthetic_v1,intermediaire,85,20,17,100,100,50,100,100,75,86,86,83
intermediaire_0268,2,True,positioning_synthetic_v1,intermediaire,65,20,13,100,75,50,75,100,25,100,57,33
intermediaire_0268,3,True,positioning_synthetic_v1,intermediaire,80,20,16,100,100,100,75,75,50,86,86,67
intermediaire_0268,4,True,positioning_synthetic_v1,intermediaire,65,20,13,100,75,50,75,50,75,71,57,67
intermediaire_0269,1,True,positioning_synthetic_v1,intermediaire,45,20,9,100,25,50,25,75,50,57,57,17
intermediaire_0269,2,True,positioning_synthetic_v1,intermediaire,40,20,8,100,25,50,25,25,75,86,14,17
intermediaire_0269,3,True,positioning_synthetic_v1,intermediaire,60,20,12,100,50,100,50,25,75,100,43,33
intermediaire_0269,4,True,positioning_synthetic_v1,intermediaire,50,20,10,100,75,25,25,75,50,57,43,50
intermediaire_0270,1,True,positioning_synthetic_v1,intermediaire,75,20,15,100,100,25,100,100,50,86,86,50
intermediaire_0270,2,True,positioning_synthetic_v1,intermediaire,65,20,13,100,75,75,75,50,50,86,86,17
intermediaire_0270,3,True,positioning_synthetic_v1,intermediaire,80,20,16,100,75,75,75,100,75,100,100,33
intermediaire_0270,4,True,positioning_synthetic_v1,intermediaire,60,20,12,100,50,75,75,75,25,43,71,67
intermediaire_0271,1,True,positioning_synthetic_v1,intermediaire,60,20,12,100,75,75,50,75,25,86,71,17
intermediaire_0271,2,True,positioning_synthetic_v1,intermediaire,45,20,9,100,50,50,50,50,25,86,14,33
intermediaire_0271,3,True,positioning_synthetic_v1,intermediaire,25,20,5,100,25,25,25,25,25,14,43,17
intermediaire_0271,4,True,positioning_synthetic_v1,intermediaire,50,20,10,100,50,25,50,50,75,57,57,33
intermediaire_0272,1,True,positioning_synthetic_v1,intermediaire,35,20,7,100,25,50,50,50,0,43,43,17
intermediaire_0272,2,True,positioning_synthetic_v1,intermediaire,40,20,8,100,25,50,25,50,50,71,43,0
intermediaire_0272,3,True,positioning_synthetic_v1,intermediaire,50,20,10,100,50,50,25,75,50,71,43,33
intermediaire_0272,4,True,positioning_synthetic_v1,intermediaire,35,20,7,100,50,50,25,50,0,43,57,0
intermediaire_0273,1,True,positioning_synthetic_v1,intermediaire,45,20,9,100,25,50,50,50,50,86,29,17
intermediaire_0273,2,True,positioning_synthetic_v1,intermediaire,45,20,9,100,25,50,75,50,25,57,43,33
intermediaire_0273,3,True,positioning_synthetic_v1,intermediaire,35,20,7,100,25,50,50,25,25,29,57,17
intermediaire_0273,4,True,positioning_synthetic_v1,intermediaire,40,20,8,100,25,50,75,25,25,57,43,17
intermediaire_0274,1,True,positioning_synthetic_v1,intermediaire,30,20,6,100,0,50,25,0,75,43,29,17
intermediaire_0274,2,True,positioning_synthetic_v1,intermediaire,45,20,9,100,50,50,25,100,0,29,57,50
intermediaire_0274,3,True,positioning_synthetic_v1,intermediaire,60,20,12,100,75,50,50,50,75,71,57,50
intermediaire_0274,4,True,positioning_synthetic_v1,intermediaire,30,20,6,100,75,25,0,50,0,14,57,17
intermediaire_0275,1,True,positioning_synthetic_v1,intermediaire,65,20,13,100,50,75,100,50,50,71,86,33
intermediaire_0275,2,True,positioning_synthetic_v1,intermediaire,50,20,10,100,75,50,50,50,25,71,43,33
intermediaire_0275,3,True,positioning_synthetic_v1,intermediaire,70,20,14,100,100,50,50,75,75,86,57,67
intermediaire_0275,4,True,positioning_synthetic_v1,intermediaire,30,20,6,100,25,50,50,0,25,57,29,0
intermediaire_0276,1,True,positioning_synthetic_v1,intermediaire,35,20,7,100,50,0,25,75,25,57,29,17
intermediaire_0276,2,True,positioning_synthetic_v1,intermediaire,50,20,10,100,75,50,50,25,50,71,57,17
intermediaire_0276,3,True,positioning_synthetic_v1,intermediaire,60,20,12,100,100,75,0,25,100,86,43,50
intermediaire_0276,4,True,positioning_synthetic_v1,intermediaire,50,20,10,100,50,75,0,50,75,71,57,17
intermediaire_0277,1,True,positioning_synthetic_v1,intermediaire,65,20,13,100,75,25,75,100,50,86,43,67
intermediaire_0277,2,True,positioning_synthetic_v1,intermediaire,55,20,11,100,25,50,75,75,50,86,43,33
intermediaire_0277,3,True,positioning_synthetic_v1,intermediaire,60,20,12,100,75,50,100,25,50,86,71,17
intermediaire_0277,4,True,positioning_synthetic_v1,intermediaire,50,20,10,100,0,75,25,50,100,71,57,17
intermediaire_0278,1,True,positioning_synthetic_v1,intermediaire,65,20,13,100,100,75,25,75,50,71,57,67
intermediaire_0278,2,True,positioning_synthetic_v1,intermediaire,60,20,12,100,75,100,25,75,25,100,43,33
intermediaire_0278,3,True,positioning_synthetic_v1,intermediaire,60,20,12,100,50,75,50,75,50,86,57,33
intermediaire_0278,4,True,positioning_synthetic_v1,intermediaire,70,20,14,100,75,100,75,25,75,57,86,67
intermediaire_0279,1,True,positioning_synthetic_v1,intermediaire,30,20,6,100,50,25,50,0,25,43,43,0
intermediaire_0279,2,True,positioning_synthetic_v1,intermediaire,45,20,9,100,75,50,25,50,25,57,57,17
intermediaire_0279,3,True,positioning_synthetic_v1,intermediaire,30,20,6,100,25,25,50,25,25,57,14,17
intermediaire_0279,4,True,positioning_synthetic_v1,intermediaire,20,20,4,100,0,50,25,25,0,43,14,0
intermediaire_0280,1,True,positioning_synthetic_v1,intermediaire,65,20,13,100,75,25,75,50,100,71,57,67
intermediaire_0280,2,True,positioning_synthetic_v1,intermediaire,60,20,12,100,75,25,50,75,75,57,57,67
intermediaire_0280,3,True,positioning_synthetic_v1,intermediaire,60,20,12,100,50,50,25,100,75,71,57,50
intermediaire_0280,4,True,positioning_synthetic_v1,intermediaire,60,20,12,100,100,50,50,25,75,71,71,33
intermediaire_0281,1,True,positioning_synthetic_v1,intermediaire,60,20,12,100,75,50,50,75,50,71,71,33
intermediaire_0281,2,True,positioning_synthetic_v1,intermediaire,50,20,10,100,25,75,75,75,0,71,43,33
intermediaire_0281,3,True,positioning_synthetic_v1,intermediaire,75,20,15,100,75,50,75,100,75,100,71,50
intermediaire_0281,4,True,positioning_synthetic_v1,intermediaire,55,20,11,100,50,50,25,75,75,71,71,17
intermediaire_0282,1,True,positioning_synthetic_v1,intermediaire,60,20,12,100,50,100,25,50,75,86,29,67
intermediaire_0282,2,True,positioning_synthetic_v1,intermediaire,60,20,12,100,75,75,50,50,50,57,43,83
intermediaire_0282,3,True,positioning_synthetic_v1,intermediaire,40,20,8,100,75,50,25,0,50,29,71,17
intermediaire_0282,4,True,positioning_synthetic_v1,intermediaire,55,20,11,100,50,75,50,25,75,57,57,50
intermediaire_0283,1,True,positioning_synthetic_v1,intermediaire,60,20,12,100,75,75,75,25,50,57,86,33
intermediaire_0283,2,True,positioning_synthetic_v1,intermediaire,55,20,11,100,100,25,25,50,75,71,43,50
intermediaire_0283,3,True,positioning_synthetic_v1,intermediaire,65,20,13,100,25,50,75,75,100,71,57,67
intermediaire_0283,4,True,positioning_synthetic_v1,intermediaire,40,20,8,100,25,25,100,0,50,71,14,33
intermediaire_0284,1,True,positioning_synthetic_v1,intermediaire,50,20,10,100,75,25,50,75,25,57,43,50
intermediaire_0284,2,True,positioning_synthetic_v1,intermediaire,50,20,10,100,50,50,25,50,75,86,43,17
intermediaire_0284,3,True,positioning_synthetic_v1,intermediaire,50,20,10,100,50,50,25,75,50,71,57,17
intermediaire_0284,4,True,positioning_synthetic_v1,intermediaire,40,20,8,100,0,50,50,75,25,29,43,50
intermediaire_0285,1,True,positioning_synthetic_v1,intermediaire,30,20,6,100,25,50,0,25,50,57,29,0
intermediaire_0285,2,True,positioning_synthetic_v1,intermediaire,60,20,12,100,50,25,100,50,75,71,57,50
intermediaire_0285,3,True,positioning_synthetic_v1,intermediaire,25,20,5,100,25,25,50,25,0,43,29,0
intermediaire_0285,4,True,positioning_synthetic_v1,intermediaire,25,20,5,100,25,25,0,25,50,14,29,33
intermediaire_0286,1,True,positioning_synthetic_v1,intermediaire,50,20,10,100,50,100,0,75,25,57,57,33
intermediaire_0286,2,True,positioning_synthetic_v1,intermediaire,45,20,9,100,75,25,25,25,75,57,71,0
intermediaire_0286,3,True,positioning_synthetic_v1,intermediaire,45,20,9,100,75,25,25,50,50,71,57,0
intermediaire_0286,4,True,positioning_synthetic_v1,intermediaire,35,20,7,100,75,25,50,25,0,43,43,17
intermediaire_0287,1,True,positioning_synthetic_v1,intermediaire,50,20,10,100,50,50,50,25,75,43,29,83
intermediaire_0287,2,True,positioning_synthetic_v1,intermediaire,70,20,14,100,75,100,50,75,50,86,71,50
intermediaire_0287,3,True,positioning_synthetic_v1,intermediaire,60,20,12,100,75,75,50,25,75,86,43,50
intermediaire_0287,4,True,positioning_synthetic_v1,intermediaire,75,20,15,100,75,75,75,100,50,86,71,67
intermediaire_0288,1,True,positioning_synthetic_v1,intermediaire,65,20,13,100,75,75,50,50,75,86,86,17
intermediaire_0288,2,True,positioning_synthetic_v1,intermediaire,45,20,9,100,50,25,50,50,50,43,57,33
intermediaire_0288,3,True,positioning_synthetic_v1,intermediaire,55,20,11,100,50,75,100,25,25,86,43,33
intermediaire_0288,4,True,positioning_synthetic_v1,intermediaire,60,20,12,100,50,50,50,75,75,86,86,0
intermediaire_0289,1,True,positioning_synthetic_v1,intermediaire,70,20,14,100,75,50,75,100,50,100,43,67
intermediaire_0289,2,True,positioning_synthetic_v1,intermediaire,70,20,14,100,75,50,75,100,50,100,86,17
intermediaire_0289,3,True,positioning_synthetic_v1,intermediaire,75,20,15,100,50,100,50,75,100,86,71,67
intermediaire_0289,4,True,positioning_synthetic_v1,intermediaire,60,20,12,100,50,50,75,50,75,57,71,50
intermediaire_0290,1,True,positioning_synthetic_v1,intermediaire,45,20,9,100,25,0,100,50,50,71,29,33
intermediaire_0290,2,True,positioning_synthetic_v1,intermediaire,45,20,9,100,50,75,25,25,50,71,43,17
intermediaire_0290,3,True,positioning_synthetic_v1,intermediaire,55,20,11,100,75,75,75,25,25,57,57,50
intermediaire_0290,4,True,positioning_synthetic_v1,intermediaire,65,20,13,100,100,100,50,25,50,100,57,33
intermediaire_0291,1,True,positioning_synthetic_v1,intermediaire,60,20,12,100,75,50,50,75,50,71,57,50
intermediaire_0291,2,True,positioning_synthetic_v1,intermediaire,50,20,10,100,25,100,25,75,25,57,57,33
intermediaire_0291,3,True,positioning_synthetic_v1,intermediaire,40,20,8,100,50,50,25,50,25,57,29,33
intermediaire_0291,4,True,positioning_synthetic_v1,intermediaire,55,20,11,100,75,50,75,50,25,86,57,17
intermediaire_0292,1,True,positioning_synthetic_v1,intermediaire,50,20,10,100,25,75,50,75,25,43,71,33
intermediaire_0292,2,True,positioning_synthetic_v1,intermediaire,70,20,14,100,100,75,75,25,75,86,57,67
intermediaire_0292,3,True,positioning_synthetic_v1,intermediaire,45,20,9,100,75,0,25,50,75,43,57,33
intermediaire_0292,4,True,positioning_synthetic_v1,intermediaire,50,20,10,100,75,25,25,75,50,57,43,50
intermediaire_0293,1,True,positioning_synthetic_v1,intermediaire,45,20,9,100,0,50,50,75,50,86,0,50
intermediaire_0293,2,True,positioning_synthetic_v1,intermediaire,60,20,12,100,75,50,50,75,50,86,71,17
intermediaire_0293,3,True,positioning_synthetic_v1,intermediaire,45,20,9,100,75,25,50,50,25,71,29,33
intermediaire_0293,4,True,positioning_synthetic_v1,intermediaire,45,20,9,100,25,50,75,25,50,71,43,17
intermediaire_0294,1,True,positioning_synthetic_v1,intermediaire,25,20,5,100,0,25,50,0,50,71,0,0
intermediaire_0294,2,True,positioning_synthetic_v1,intermediaire,50,20,10,100,25,75,75,25,50,57,57,33
intermediaire_0294,3,True,positioning_synthetic_v1,intermediaire,55,20,11,100,75,25,50,75,50,43,57,67
intermediaire_0294,4,True,positioning_synthetic_v1,intermediaire,30,20,6,100,50,50,25,25,0,71,14,0
intermediaire_0295,1,True,positioning_synthetic_v1,intermediaire,55,20,11,100,25,50,75,50,75,86,57,17
intermediaire_0295,2,True,positioning_synthetic_v1,intermediaire,45,20,9,100,25,75,25,50,50,71,29,33
intermediaire_0295,3,True,positioning_synthetic_v1,intermediaire,65,20,13,100,50,50,100,75,50,71,71,50
intermediaire_0295,4,True,positioning_synthetic_v1,intermediaire,55,20,11,100,25,100,25,75,50,71,57,33
intermediaire_0296,1,True,positioning_synthetic_v1,intermediaire,80,20,16,100,75,75,100,75,75,100,71,67
intermediaire_0296,2,True,positioning_synthetic_v1,intermediaire,50,20,10,100,50,75,50,50,25,86,43,17
intermediaire_0296,3,True,positioning_synthetic_v1,intermediaire,60,20,12,100,25,100,50,75,50,86,57,33
intermediaire_0296,4,True,positioning_synthetic_v1,intermediaire,55,20,11,100,50,50,50,75,50,100,57,0
intermediaire_0297,1,True,positioning_synthetic_v1,intermediaire,65,20,13,100,100,50,50,50,75,71,71,50
intermediaire_0297,2,True,positioning_synthetic_v1,intermediaire,50,20,10,100,50,50,50,50,50,57,57,33
intermediaire_0297,3,True,positioning_synthetic_v1,intermediaire,50,20,10,100,50,75,50,0,75,43,43,67
intermediaire_0297,4,True,positioning_synthetic_v1,intermediaire,60,20,12,100,50,75,75,25,75,86,57,33
intermediaire_0298,1,True,positioning_synthetic_v1,intermediaire,65,20,13,100,75,75,50,75,50,100,57,33
intermediaire_0298,2,True,positioning_synthetic_v1,intermediaire,60,20,12,100,75,25,50,75,75,71,57,50
intermediaire_0298,3,True,positioning_synthetic_v1,intermediaire,70,20,14,100,50,75,75,50,100,86,57,67
intermediaire_0298,4,True,positioning_synthetic_v1,intermediaire,60,20,12,100,75,75,0,75,75,71,57,50
intermediaire_0299,1,True,positioning_synthetic_v1,intermediaire,30,20,6,100,25,50,25,25,25,14,43,33
intermediaire_0299,2,True,positioning_synthetic_v1,intermediaire,55,20,11,100,25,75,50,75,50,86,43,33
intermediaire_0299,3,True,positioning_synthetic_v1,intermediaire,45,20,9,100,25,50,50,50,50,71,57,0
intermediaire_0299,4,True,positioning_synthetic_v1,intermediaire,45,20,9,100,25,25,75,50,50,71,57,0
intermediaire_0300,1,True,positioning_synthetic_v1,intermediaire,45,20,9,100,25,50,25,75,50,71,57,0
intermediaire_0300,2,True,positioning_synthetic_v1,intermediaire,50,20,10,100,50,50,75,25,50,86,43,17
intermediaire_0300,3,True,positioning_synthetic_v1,intermediaire,45,20,9,100,50,0,50,75,50,43,57,33
intermediaire_0300,4,True,positioning_synthetic_v1,intermediaire,60,20,12,100,75,100,50,50,25,100,43,33
intermediaire_0301,1,True,positioning_synthetic_v1,intermediaire,55,20,11,100,50,75,75,0,75,71,29,67
intermediaire_0301,2,True,positioning_synthetic_v1,intermediaire,55,20,11,100,50,75,0,75,75,57,71,33
intermediaire_0301,3,True,positioning_synthetic_v1,intermediaire,65,20,13,100,75,75,50,75,50,71,71,50
intermediaire_0301,4,True,positioning_synthetic_v1,intermediaire,65,20,13,100,50,50,75,100,50,100,43,50
intermediaire_0302,1,True,positioning_synthetic_v1,intermediaire,30,20,6,100,0,50,25,25,50,57,29,0
intermediaire_0302,2,True,positioning_synthetic_v1,intermediaire,60,20,12,100,50,50,75,75,50,86,43,50
intermediaire_0302,3,True,positioning_synthetic_v1,intermediaire,60,20,12,100,25,50,100,100,25,71,57,50
intermediaire_0302,4,True,positioning_synthetic_v1,intermediaire,65,20,13,100,100,50,50,100,25,86,57,50
intermediaire_0303,1,True,positioning_synthetic_v1,intermediaire,30,20,6,100,50,25,50,0,25,86,0,0
intermediaire_0303,2,True,positioning_synthetic_v1,intermediaire,45,20,9,100,100,50,50,25,0,71,43,17
intermediaire_0303,3,True,positioning_synthetic_v1,intermediaire,50,20,10,100,75,50,50,75,0,43,71,33
intermediaire_0303,4,True,positioning_synthetic_v1,intermediaire,60,20,12,100,50,75,75,50,50,86,57,33
intermediaire_0304,1,True,positioning_synthetic_v1,intermediaire,60,20,12,100,75,25,75,50,75,57,86,33
intermediaire_0304,2,True,positioning_synthetic_v1,intermediaire,45,20,9,100,75,50,0,25,75,71,43,17
intermediaire_0304,3,True,positioning_synthetic_v1,intermediaire,45,20,9,100,50,0,75,75,25,43,57,33
intermediaire_0304,4,True,positioning_synthetic_v1,intermediaire,55,20,11,100,50,25,0,100,100,43,71,50
intermediaire_0305,1,True,positioning_synthetic_v1,intermediaire,65,20,13,100,50,75,75,50,75,100,43,50
intermediaire_0305,2,True,positioning_synthetic_v1,intermediaire,65,20,13,100,75,50,75,75,50,57,71,67
intermediaire_0305,3,True,positioning_synthetic_v1,intermediaire,70,20,14,100,50,100,25,100,75,100,71,33
intermediaire_0305,4,True,positioning_synthetic_v1,intermediaire,70,20,14,100,75,50,75,100,50,86,86,33
intermediaire_0306,1,True,positioning_synthetic_v1,intermediaire,75,20,15,100,100,50,75,50,100,100,86,33
intermediaire_0306,2,True,positioning_synthetic_v1,intermediaire,50,20,10,100,25,75,75,50,25,86,14,50
intermediaire_0306,3,True,positioning_synthetic_v1,intermediaire,65,20,13,100,75,75,50,50,75,100,71,17
intermediaire_0306,4,True,positioning_synthetic_v1,intermediaire,50,20,10,100,0,50,75,50,75,71,57,17
intermediaire_0307,1,True,positioning_synthetic_v1,intermediaire,65,20,13,100,75,50,75,50,75,86,57,50
intermediaire_0307,2,True,positioning_synthetic_v1,intermediaire,65,20,13,100,25,100,75,75,50,57,86,50
intermediaire_0307,3,True,positioning_synthetic_v1,intermediaire,35,20,7,100,25,75,0,25,50,43,43,17
intermediaire_0307,4,True,positioning_synthetic_v1,intermediaire,50,20,10,100,50,50,100,0,50,71,57,17
intermediaire_0308,1,True,positioning_synthetic_v1,intermediaire,60,20,12,100,25,75,50,75,75,57,57,67
intermediaire_0308,2,True,positioning_synthetic_v1,intermediaire,65,20,13,100,75,25,50,100,75,71,43,83
intermediaire_0308,3,True,positioning_synthetic_v1,intermediaire,50,20,10,100,50,50,25,50,75,57,43,50
intermediaire_0308,4,True,positioning_synthetic_v1,intermediaire,55,20,11,100,75,25,50,75,50,43,71,50
intermediaire_0309,1,True,positioning_synthetic_v1,intermediaire,55,20,11,100,75,25,50,50,75,86,43,33
intermediaire_0309,2,True,positioning_synthetic_v1,intermediaire,65,20,13,100,100,50,50,50,75,86,57,50
intermediaire_0309,3,True,positioning_synthetic_v1,intermediaire,45,20,9,100,75,25,0,25,100,71,43,17
intermediaire_0309,4,True,positioning_synthetic_v1,intermediaire,35,20,7,100,50,0,50,25,50,57,43,0
intermediaire_0310,1,True,positioning_synthetic_v1,intermediaire,45,20,9,100,50,50,50,50,25,86,43,0
intermediaire_0310,2,True,positioning_synthetic_v1,intermediaire,45,20,9,100,50,25,25,50,75,43,57,33
intermediaire_0310,3,True,positioning_synthetic_v1,intermediaire,55,20,11,100,25,75,25,50,100,71,29,67
intermediaire_0310,4,True,positioning_synthetic_v1,intermediaire,40,20,8,100,50,25,25,25,75,71,29,17
intermediaire_0311,1,True,positioning_synthetic_v1,intermediaire,60,20,12,100,50,75,50,50,75,86,57,33
intermediaire_0311,2,True,positioning_synthetic_v1,intermediaire,55,20,11,100,50,75,25,50,75,86,43,33
intermediaire_0311,3,True,positioning_synthetic_v1,intermediaire,50,20,10,100,25,25,50,75,75,86,43,17
intermediaire_0311,4,True,positioning_synthetic_v1,intermediaire,50,20,10,100,75,75,75,0,25,71,71,0
intermediaire_0312,1,True,positioning_synthetic_v1,intermediaire,35,20,7,100,0,0,50,50,75,57,43,0
intermediaire_0312,2,True,positioning_synthetic_v1,intermediaire,35,20,7,100,25,50,25,50,25,43,29,33
intermediaire_0312,3,True,positioning_synthetic_v1,intermediaire,60,20,12,100,75,50,100,50,25,100,57,17
intermediaire_0312,4,True,positioning_synthetic_v1,intermediaire,50,20,10,100,50,25,50,75,50,57,43,50
intermediaire_0313,1,True,positioning_synthetic_v1,intermediaire,65,20,13,100,75,100,25,25,100,100,57,33
intermediaire_0313,2,True,positioning_synthetic_v1,intermediaire,60,20,12,100,50,50,75,75,50,71,71,33
intermediaire_0313,3,True,positioning_synthetic_v1,intermediaire,60,20,12,100,75,75,75,25,50,86,29,67
intermediaire_0313,4,True,positioning_synthetic_v1,intermediaire,70,20,14,100,50,75,100,75,50,86,100,17
intermediaire_0314,1,True,positioning_synthetic_v1,intermediaire,45,20,9,100,50,75,0,25,75,57,57,17
intermediaire_0314,2,True,positioning_synthetic_v1,intermediaire,55,20,11,100,75,50,25,75,50,57,57,50
intermediaire_0314,3,True,positioning_synthetic_v1,intermediaire,60,20,12,100,100,50,25,50,75,100,29,50
intermediaire_0314,4,True,positioning_synthetic_v1,intermediaire,75,20,15,100,100,100,50,75,50,71,86,67
intermediaire_0315,1,True,positioning_synthetic_v1,intermediaire,55,20,11,100,75,50,25,75,50,100,43,17
intermediaire_0315,2,True,positioning_synthetic_v1,intermediaire,30,20,6,100,25,50,25,25,25,43,29,17
intermediaire_0315,3,True,positioning_synthetic_v1,intermediaire,35,20,7,100,50,75,0,25,25,43,43,17
intermediaire_0315,4,True,positioning_synthetic_v1,intermediaire,55,20,11,100,75,50,75,50,25,57,57,50
intermediaire_0316,1,True,positioning_synthetic_v1,intermediaire,70,20,14,100,75,50,75,75,75,100,57,50
intermediaire_0316,2,True,positioning_synthetic_v1,intermediaire,60,20,12,100,75,25,75,75,50,71,71,33
intermediaire_0316,3,True,positioning_synthetic_v1,intermediaire,65,20,13,100,75,50,75,50,75,86,57,50
intermediaire_0316,4,True,positioning_synthetic_v1,intermediaire,45,20,9,100,25,25,100,50,25,57,29,50
intermediaire_0317,1,True,positioning_synthetic_v1,intermediaire,25,20,5,100,25,50,0,25,25,57,14,0
intermediaire_0317,2,True,positioning_synthetic_v1,intermediaire,50,20,10,100,50,50,25,25,100,43,57,50
intermediaire_0317,3,True,positioning_synthetic_v1,intermediaire,35,20,7,100,50,75,0,25,25,43,43,17
intermediaire_0317,4,True,positioning_synthetic_v1,intermediaire,40,20,8,100,50,25,25,50,50,43,57,17
intermediaire_0318,1,True,positioning_synthetic_v1,intermediaire,45,20,9,100,50,25,75,50,25,100,14,17
intermediaire_0318,2,True,positioning_synthetic_v1,intermediaire,70,20,14,100,25,75,100,50,100,86,71,50
intermediaire_0318,3,True,positioning_synthetic_v1,intermediaire,70,20,14,100,100,50,75,75,50,86,57,67
intermediaire_0318,4,True,positioning_synthetic_v1,intermediaire,65,20,13,100,25,100,100,25,75,71,57,67
intermediaire_0319,1,True,positioning_synthetic_v1,intermediaire,30,20,6,100,0,50,50,25,25,57,14,17
intermediaire_0319,2,True,positioning_synthetic_v1,intermediaire,20,20,4,100,0,25,0,50,25,43,14,0
intermediaire_0319,3,True,positioning_synthetic_v1,intermediaire,40,20,8,100,25,25,50,50,50,57,29,33
intermediaire_0319,4,True,positioning_synthetic_v1,intermediaire,45,20,9,100,50,50,0,25,100,57,57,17
intermediaire_0320,1,True,positioning_synthetic_v1,intermediaire,55,20,11,100,75,50,75,75,0,86,57,17
intermediaire_0320,2,True,positioning_synthetic_v1,intermediaire,70,20,14,100,50,75,100,75,50,100,71,33
intermediaire_0320,3,True,positioning_synthetic_v1,intermediaire,65,20,13,100,75,75,50,50,75,100,57,33
intermediaire_0320,4,True,positioning_synthetic_v1,intermediaire,80,20,16,100,50,75,100,100,75,71,86,83
intermediaire_0321,1,True,positioning_synthetic_v1,intermediaire,50,20,10,100,75,50,50,25,50,71,43,33
intermediaire_0321,2,True,positioning_synthetic_v1,intermediaire,40,20,8,100,25,75,25,0,75,43,43,33
intermediaire_0321,3,True,positioning_synthetic_v1,intermediaire,45,20,9,100,50,50,75,25,25,57,43,33
intermediaire_0321,4,True,positioning_synthetic_v1,intermediaire,50,20,10,100,75,25,50,50,50,86,43,17
intermediaire_0322,1,True,positioning_synthetic_v1,intermediaire,55,20,11,100,25,75,75,50,50,57,71,33
intermediaire_0322,2,True,positioning_synthetic_v1,intermediaire,60,20,12,100,50,75,75,25,75,57,71,50
intermediaire_0322,3,True,positioning_synthetic_v1,intermediaire,70,20,14,100,50,50,100,75,75,86,57,67
intermediaire_0322,4,True,positioning_synthetic_v1,intermediaire,75,20,15,100,50,75,75,100,75,86,71,67
intermediaire_0323,1,True,positioning_synthetic_v1,intermediaire,35,20,7,100,50,25,50,50,0,71,14,17
intermediaire_0323,2,True,positioning_synthetic_v1,intermediaire,40,20,8,100,50,0,75,50,25,43,57,17
intermediaire_0323,3,True,positioning_synthetic_v1,intermediaire,45,20,9,100,25,50,75,50,25,43,57,33
intermediaire_0323,4,True,positioning_synthetic_v1,intermediaire,30,20,6,100,0,50,50,0,50,43,29,17
intermediaire_0324,1,True,positioning_synthetic_v1,intermediaire,60,20,12,100,75,75,50,50,50,57,71,50
intermediaire_0324,2,True,positioning_synthetic_v1,intermediaire,60,20,12,100,75,50,75,75,25,71,43,67
intermediaire_0324,3,True,positioning_synthetic_v1,intermediaire,50,20,10,100,75,75,0,25,75,57,71,17
intermediaire_0324,4,True,positioning_synthetic_v1,intermediaire,65,20,13,100,25,75,100,75,50,86,71,33
intermediaire_0325,1,True,positioning_synthetic_v1,intermediaire,40,20,8,100,50,25,25,50,50,43,14,67
intermediaire_0325,2,True,positioning_synthetic_v1,intermediaire,65,20,13,100,75,50,50,75,75,71,86,33
intermediaire_0325,3,True,positioning_synthetic_v1,intermediaire,35,20,7,100,25,50,25,50,25,29,57,17
intermediaire_0325,4,True,positioning_synthetic_v1,intermediaire,55,20,11,100,100,75,25,50,25,71,43,50
intermediaire_0326,1,True,positioning_synthetic_v1,intermediaire,35,20,7,100,0,75,25,25,50,43,14,50
intermediaire_0326,2,True,positioning_synthetic_v1,intermediaire,50,20,10,100,25,100,25,50,50,43,71,33
intermediaire_0326,3,True,positioning_synthetic_v1,intermediaire,45,20,9,100,25,75,75,25,25,71,43,17
intermediaire_0326,4,True,positioning_synthetic_v1,intermediaire,35,20,7,100,25,50,25,25,50,29,43,33
intermediaire_0327,1,True,positioning_synthetic_v1,intermediaire,30,20,6,100,50,50,0,0,50,29,29,33
intermediaire_0327,2,True,positioning_synthetic_v1,intermediaire,35,20,7,100,50,75,0,25,25,29,57,17
intermediaire_0327,3,True,positioning_synthetic_v1,intermediaire,30,20,6,100,0,0,50,50,50,43,14,33
intermediaire_0327,4,True,positioning_synthetic_v1,intermediaire,35,20,7,100,50,0,50,25,50,57,29,17
intermediaire_0328,1,True,positioning_synthetic_v1,intermediaire,45,20,9,100,50,25,75,50,25,71,43,17
intermediaire_0328,2,True,positioning_synthetic_v1,intermediaire,40,20,8,100,75,0,50,50,25,71,29,17
intermediaire_0328,3,True,positioning_synthetic_v1,intermediaire,45,20,9,100,25,50,50,50,50,43,71,17
intermediaire_0328,4,True,positioning_synthetic_v1,intermediaire,40,20,8,100,50,25,75,0,50,71,29,17
intermediaire_0329,1,True,positioning_synthetic_v1,intermediaire,75,20,15,100,100,50,50,100,75,86,71,67
intermediaire_0329,2,True,positioning_synthetic_v1,intermediaire,50,20,10,100,50,25,0,100,75,43,57,50
intermediaire_0329,3,True,positioning_synthetic_v1,intermediaire,60,20,12,100,50,75,50,75,50,43,71,67
intermediaire_0329,4,True,positioning_synthetic_v1,intermediaire,55,20,11,100,25,75,50,25,100,86,43,33
intermediaire_0330,1,True,positioning_synthetic_v1,intermediaire,35,20,7,100,25,25,75,25,25,43,43,17
intermediaire_0330,2,True,positioning_synthetic_v1,intermediaire,40,20,8,100,50,50,50,0,50,57,43,17
intermediaire_0330,3,True,positioning_synthetic_v1,intermediaire,35,20,7,100,50,50,25,0,50,57,29,17
intermediaire_0330,4,True,positioning_synthetic_v1,intermediaire,10,20,2,100,0,25,0,25,0,14,14,0
intermediaire_0331,1,True,positioning_synthetic_v1,intermediaire,75,20,15,100,100,75,100,75,25,71,86,67
intermediaire_0331,2,True,positioning_synthetic_v1,intermediaire,70,20,14,100,100,75,50,75,50,100,71,33
intermediaire_0331,3,True,positioning_synthetic_v1,intermediaire,50,20,10,100,0,50,100,50,50,71,43,33
intermediaire_0331,4,True,positioning_synthetic_v1,intermediaire,65,20,13,100,50,75,50,75,75,57,71,67
intermediaire_0332,1,True,positioning_synthetic_v1,intermediaire,45,20,9,100,100,50,25,25,25,43,57,33
intermediaire_0332,2,True,positioning_synthetic_v1,intermediaire,60,20,12,100,75,75,25,75,50,71,86,17
intermediaire_0332,3,True,positioning_synthetic_v1,intermediaire,40,20,8,100,75,50,25,0,50,57,29,33
intermediaire_0332,4,True,positioning_synthetic_v1,intermediaire,40,20,8,100,25,50,50,0,75,57,29,33
intermediaire_0333,1,True,positioning_synthetic_v1,intermediaire,30,20,6,100,25,25,50,50,0,43,14,33
intermediaire_0333,2,True,positioning_synthetic_v1,intermediaire,25,20,5,100,0,50,25,25,25,57,14,0
intermediaire_0333,3,True,positioning_synthetic_v1,intermediaire,45,20,9,100,0,25,75,50,75,71,29,33
intermediaire_0333,4,True,positioning_synthetic_v1,intermediaire,25,20,5,100,50,0,0,0,75,29,43,0
intermediaire_0334,1,True,positioning_synthetic_v1,intermediaire,50,20,10,100,25,50,50,75,50,86,43,17
intermediaire_0334,2,True,positioning_synthetic_v1,intermediaire,35,20,7,100,25,0,25,75,50,71,14,17
intermediaire_0334,3,True,positioning_synthetic_v1,intermediaire,45,20,9,100,50,25,25,50,75,57,57,17
intermediaire_0334,4,True,positioning_synthetic_v1,intermediaire,50,20,10,100,50,100,25,25,50,43,57,50
intermediaire_0335,1,True,positioning_synthetic_v1,intermediaire,50,20,10,100,25,100,50,50,25,43,43,67
intermediaire_0335,2,True,positioning_synthetic_v1,intermediaire,60,20,12,100,75,75,25,25,100,86,43,50
intermediaire_0335,3,True,positioning_synthetic_v1,intermediaire,50,20,10,100,100,75,25,25,25,86,29,33
intermediaire_0335,4,True,positioning_synthetic_v1,intermediaire,60,20,12,100,25,75,75,100,25,86,43,50
intermediaire_0336,1,True,positioning_synthetic_v1,intermediaire,65,20,13,100,100,50,75,75,25,86,71,33
intermediaire_0336,2,True,positioning_synthetic_v1,intermediaire,65,20,13,100,50,100,50,50,75,57,71,67
intermediaire_0336,3,True,positioning_synthetic_v1,intermediaire,70,20,14,100,75,75,50,75,75,100,71,33
intermediaire_0336,4,True,positioning_synthetic_v1,intermediaire,65,20,13,100,0,75,75,100,75,71,86,33
intermediaire_0337,1,True,positioning_synthetic_v1,intermediaire,65,20,13,100,50,75,25,100,75,86,71,33
intermediaire_0337,2,True,positioning_synthetic_v1,intermediaire,70,20,14,100,75,50,100,50,75,86,86,33
intermediaire_0337,3,True,positioning_synthetic_v1,intermediaire,45,20,9,100,0,75,50,25,75,57,43,33
intermediaire_0337,4,True,positioning_synthetic_v1,intermediaire,55,20,11,100,50,75,75,50,25,71,86,0
intermediaire_0338,1,True,positioning_synthetic_v1,intermediaire,65,20,13,100,50,75,50,50,100,86,71,33
intermediaire_0338,2,True,positioning_synthetic_v1,intermediaire,75,20,15,100,50,75,75,75,100,100,57,67
intermediaire_0338,3,True,positioning_synthetic_v1,intermediaire,55,20,11,100,75,50,50,50,50,100,43,17
intermediaire_0338,4,True,positioning_synthetic_v1,intermediaire,55,20,11,100,50,25,50,100,50,86,29,50
intermediaire_0339,1,True,positioning_synthetic_v1,intermediaire,55,20,11,100,75,25,50,50,75,86,43,33
intermediaire_0339,2,True,positioning_synthetic_v1,intermediaire,40,20,8,100,25,25,50,50,50,57,57,0
intermediaire_0339,3,True,positioning_synthetic_v1,intermediaire,35,20,7,100,25,25,25,50,50,57,29,17
intermediaire_0339,4,True,positioning_synthetic_v1,intermediaire,15,20,3,100,0,25,0,25,25,29,14,0
intermediaire_0340,1,True,positioning_synthetic_v1,intermediaire,55,20,11,100,50,75,25,75,50,100,43,17
intermediaire_0340,2,True,positioning_synthetic_v1,intermediaire,50,20,10,100,75,25,25,50,75,71,43,33
intermediaire_0340,3,True,positioning_synthetic_v1,intermediaire,75,20,15,100,100,50,50,75,100,100,57,67
intermediaire_0340,4,True,positioning_synthetic_v1,intermediaire,65,20,13,100,75,25,75,100,50,86,57,50
intermediaire_0341,1,True,positioning_synthetic_v1,intermediaire,45,20,9,100,25,25,75,25,75,71,14,50
intermediaire_0341,2,True,positioning_synthetic_v1,intermediaire,55,20,11,100,50,75,25,75,50,57,57,50
intermediaire_0341,3,True,positioning_synthetic_v1,intermediaire,60,20,12,100,50,100,50,50,50,71,86,17
intermediaire_0341,4,True,positioning_synthetic_v1,intermediaire,60,20,12,100,75,50,75,50,50,100,43,33
intermediaire_0342,1,True,positioning_synthetic_v1,intermediaire,30,20,6,100,50,25,50,0,25,57,29,0
intermediaire_0342,2,True,positioning_synthetic_v1,intermediaire,30,20,6,100,0,25,50,50,25,29,43,17
intermediaire_0342,3,True,positioning_synthetic_v1,intermediaire,55,20,11,100,50,50,50,50,75,86,43,33
intermediaire_0342,4,True,positioning_synthetic_v1,intermediaire,60,20,12,100,50,75,100,25,50,71,71,33
intermediaire_0343,1,True,positioning_synthetic_v1,intermediaire,75,20,15,100,75,100,75,50,75,86,71,67
intermediaire_0343,2,True,positioning_synthetic_v1,intermediaire,65,20,13,100,25,75,75,50,100,86,57,50
intermediaire_0343,3,True,positioning_synthetic_v1,intermediaire,75,20,15,100,75,75,75,75,75,100,57,67
intermediaire_0343,4,True,positioning_synthetic_v1,intermediaire,75,20,15,100,50,100,75,75,75,100,71,50
intermediaire_0344,1,True,positioning_synthetic_v1,intermediaire,35,20,7,100,25,25,50,75,0,57,29,17
intermediaire_0344,2,True,positioning_synthetic_v1,intermediaire,80,20,16,100,75,75,75,75,100,100,71,67
intermediaire_0344,3,True,positioning_synthetic_v1,intermediaire,65,20,13,100,75,25,50,100,75,86,71,33
intermediaire_0344,4,True,positioning_synthetic_v1,intermediaire,60,20,12,100,50,75,25,100,50,86,57,33
intermediaire_0345,1,True,positioning_synthetic_v1,intermediaire,70,20,14,100,100,50,75,50,75,71,86,50
intermediaire_0345,2,True,positioning_synthetic_v1,intermediaire,50,20,10,100,25,25,100,25,75,71,43,33
intermediaire_0345,3,True,positioning_synthetic_v1,intermediaire,50,20,10,100,50,50,0,75,75,43,71,33
intermediaire_0345,4,True,positioning_synthetic_v1,intermediaire,50,20,10,100,75,25,50,50,50,100,43,0
intermediaire_0346,1,True,positioning_synthetic_v1,intermediaire,40,20,8,100,50,25,75,25,25,57,43,17
intermediaire_0346,2,True,positioning_synthetic_v1,intermediaire,45,20,9,100,50,50,50,0,75,57,57,17
intermediaire_0346,3,True,positioning_synthetic_v1,intermediaire,45,20,9,100,50,50,50,25,50,57,57,17
intermediaire_0346,4,True,positioning_synthetic_v1,intermediaire,30,20,6,100,0,50,25,25,50,71,14,0
intermediaire_0347,1,True,positioning_synthetic_v1,intermediaire,30,20,6,100,50,25,25,25,25,43,14,33
intermediaire_0347,2,True,positioning_synthetic_v1,intermediaire,45,20,9,100,25,50,75,50,25,43,43,50
intermediaire_0347,3,True,positioning_synthetic_v1,intermediaire,40,20,8,100,25,25,50,50,50,57,29,33
intermediaire_0347,4,True,positioning_synthetic_v1,intermediaire,30,20,6,100,50,25,25,25,25,71,0,17
intermediaire_0348,1,True,positioning_synthetic_v1,intermediaire,40,20,8,100,25,50,50,25,50,29,57,33
intermediaire_0348,2,True,positioning_synthetic_v1,intermediaire,25,20,5,100,0,50,0,50,25,14,57,0
intermediaire_0348,3,True,positioning_synthetic_v1,intermediaire,15,20,3,100,0,0,25,25,25,14,29,0
intermediaire_0348,4,True,positioning_synthetic_v1,intermediaire,40,20,8,100,50,50,25,50,25,57,43,17
intermediaire_0349,1,True,positioning_synthetic_v1,intermediaire,55,20,11,100,50,75,75,50,25,57,43,67
intermediaire_0349,2,True,positioning_synthetic_v1,intermediaire,55,20,11,100,50,25,50,75,75,86,71,0
intermediaire_0349,3,True,positioning_synthetic_v1,intermediaire,70,20,14,100,75,50,100,75,50,100,71,33
intermediaire_0349,4,True,positioning_synthetic_v1,intermediaire,35,20,7,100,25,0,50,25,75,57,29,17
intermediaire_0350,1,True,positioning_synthetic_v1,intermediaire,50,20,10,100,75,50,75,25,25,71,43,33
intermediaire_0350,2,True,positioning_synthetic_v1,intermediaire,65,20,13,100,75,50,50,75,75,100,29,67
intermediaire_0350,3,True,positioning_synthetic_v1,intermediaire,55,20,11,100,25,50,50,100,50,71,43,50
intermediaire_0350,4,True,positioning_synthetic_v1,intermediaire,50,20,10,100,75,75,50,25,25,57,57,33
intermediaire_0351,1,True,positioning_synthetic_v1,intermediaire,50,20,10,100,50,25,75,50,50,57,43,50
intermediaire_0351,2,True,positioning_synthetic_v1,intermediaire,70,20,14,100,75,75,75,50,75,71,71,67
intermediaire_0351,3,True,positioning_synthetic_v1,intermediaire,60,20,12,100,50,75,75,50,50,71,43,67
intermediaire_0351,4,True,positioning_synthetic_v1,intermediaire,70,20,14,100,100,75,75,75,25,100,86,17
intermediaire_0352,1,True,positioning_synthetic_v1,intermediaire,45,20,9,100,50,50,75,25,25,43,71,17
intermediaire_0352,2,True,positioning_synthetic_v1,intermediaire,60,20,12,100,75,25,50,75,75,86,57,33
intermediaire_0352,3,True,positioning_synthetic_v1,intermediaire,55,20,11,100,50,75,75,50,25,57,43,67
intermediaire_0352,4,True,positioning_synthetic_v1,intermediaire,55,20,11,100,75,50,100,25,25,43,71,50
intermediaire_0353,1,True,positioning_synthetic_v1,intermediaire,20,20,4,100,0,50,25,25,0,29,29,0
intermediaire_0353,2,True,positioning_synthetic_v1,intermediaire,40,20,8,100,75,75,0,25,25,29,43,50
intermediaire_0353,3,True,positioning_synthetic_v1,intermediaire,45,20,9,100,50,0,75,50,50,57,29,50
intermediaire_0353,4,True,positioning_synthetic_v1,intermediaire,30,20,6,100,25,0,50,0,75,43,43,0
intermediaire_0354,1,True,positioning_synthetic_v1,intermediaire,50,20,10,100,75,75,25,50,25,57,57,33
intermediaire_0354,2,True,positioning_synthetic_v1,intermediaire,40,20,8,100,25,50,25,50,50,29,43,50
intermediaire_0354,3,True,positioning_synthetic_v1,intermediaire,30,20,6,100,0,50,0,25,75,43,29,17
intermediaire_0354,4,True,positioning_synthetic_v1,intermediaire,50,20,10,100,0,75,50,50,75,57,71,17
intermediaire_0355,1,True,positioning_synthetic_v1,intermediaire,65,20,13,100,25,100,75,25,100,57,71,67
intermediaire_0355,2,True,positioning_synthetic_v1,intermediaire,45,20,9,100,50,50,75,25,25,43,29,67
intermediaire_0355,3,True,positioning_synthetic_v1,intermediaire,55,20,11,100,50,25,75,50,75,57,86,17
intermediaire_0355,4,True,positioning_synthetic_v1,intermediaire,40,20,8,100,25,0,75,50,50,57,29,33
intermediaire_0356,1,True,positioning_synthetic_v1,intermediaire,30,20,6,100,50,0,25,25,50,57,29,0
intermediaire_0356,2,True,positioning_synthetic_v1,intermediaire,25,20,5,100,25,50,0,25,25,29,43,0
intermediaire_0356,3,True,positioning_synthetic_v1,intermediaire,25,20,5,100,0,25,25,25,50,29,29,17
intermediaire_0356,4,True,positioning_synthetic_v1,intermediaire,40,20,8,100,0,0,75,75,50,71,0,50
intermediaire_0357,1,True,positioning_synthetic_v1,intermediaire,40,20,8,100,25,50,25,75,25,57,29,33
intermediaire_0357,2,True,positioning_synthetic_v1,intermediaire,55,20,11,100,50,75,50,50,50,100,43,17
intermediaire_0357,3,True,positioning_synthetic_v1,intermediaire,35,20,7,100,25,75,0,50,25,86,14,0
intermediaire_0357,4,True,positioning_synthetic_v1,intermediaire,45,20,9,100,25,50,50,50,50,57,43,33
intermediaire_0358,1,True,positioning_synthetic_v1,intermediaire,55,20,11,100,50,50,50,50,75,57,86,17
intermediaire_0358,2,True,positioning_synthetic_v1,intermediaire,60,20,12,100,50,50,100,75,25,71,71,33
intermediaire_0358,3,True,positioning_synthetic_v1,intermediaire,40,20,8,100,25,75,50,25,25,57,57,0
intermediaire_0358,4,True,positioning_synthetic_v1,intermediaire,45,20,9,100,25,0,50,50,100,71,29,33
intermediaire_0359,1,True,positioning_synthetic_v1,intermediaire,75,20,15,100,100,50,75,75,75,86,86,50
intermediaire_0359,2,True,positioning_synthetic_v1,intermediaire,55,20,11,100,50,75,50,50,50,71,57,33
intermediaire_0359,3,True,positioning_synthetic_v1,intermediaire,40,20,8,100,25,75,0,50,50,29,57,33
intermediaire_0359,4,True,positioning_synthetic_v1,intermediaire,40,20,8,100,75,25,50,25,25,71,29,17
intermediaire_0360,1,True,positioning_synthetic_v1,intermediaire,50,20,10,100,50,50,50,50,50,57,43,50
intermediaire_0360,2,True,positioning_synthetic_v1,intermediaire,65,20,13,100,50,25,100,100,50,86,71,33
intermediaire_0360,3,True,positioning_synthetic_v1,intermediaire,50,20,10,100,25,25,100,25,75,71,29,50
intermediaire_0360,4,True,positioning_synthetic_v1,intermediaire,55,20,11,100,50,75,100,25,25,57,57,50
intermediaire_0361,1,True,positioning_synthetic_v1,intermediaire,75,20,15,100,75,75,75,75,75,100,29,100
intermediaire_0361,2,True,positioning_synthetic_v1,intermediaire,70,20,14,100,50,75,25,100,100,57,71,83
intermediaire_0361,3,True,positioning_synthetic_v1,intermediaire,70,20,14,100,50,75,75,50,100,100,57,50
intermediaire_0361,4,True,positioning_synthetic_v1,intermediaire,70,20,14,100,75,50,75,75,75,86,100,17
intermediaire_0362,1,True,positioning_synthetic_v1,intermediaire,65,20,13,100,75,100,50,50,50,71,71,50
intermediaire_0362,2,True,positioning_synthetic_v1,intermediaire,75,20,15,100,75,100,50,75,75,100,57,67
intermediaire_0362,3,True,positioning_synthetic_v1,intermediaire,55,20,11,100,50,100,50,50,25,71,43,50
intermediaire_0362,4,True,positioning_synthetic_v1,intermediaire,60,20,12,100,100,75,75,25,25,86,57,33
intermediaire_0363,1,True,positioning_synthetic_v1,intermediaire,35,20,7,100,25,25,0,75,50,29,43,33
intermediaire_0363,2,True,positioning_synthetic_v1,intermediaire,40,20,8,100,75,50,75,0,0,43,43,33
intermediaire_0363,3,True,positioning_synthetic_v1,intermediaire,50,20,10,100,50,50,75,25,50,57,86,0
intermediaire_0363,4,True,positioning_synthetic_v1,intermediaire,40,20,8,100,75,50,25,25,25,71,43,0
intermediaire_0364,1,True,positioning_synthetic_v1,intermediaire,60,20,12,100,50,50,75,75,50,71,71,33
intermediaire_0364,2,True,positioning_synthetic_v1,intermediaire,50,20,10,100,25,50,75,25,75,57,29,67
intermediaire_0364,3,True,positioning_synthetic_v1,intermediaire,70,20,14,100,100,100,25,50,75,71,57,83
intermediaire_0364,4,True,positioning_synthetic_v1,intermediaire,60,20,12,100,100,50,50,50,50,86,57,33
intermediaire_0365,1,True,positioning_synthetic_v1,intermediaire,55,20,11,100,50,50,75,50,50,86,71,0
intermediaire_0365,2,True,positioning_synthetic_v1,intermediaire,45,20,9,100,50,50,50,0,75,71,29,33
intermediaire_0365,3,True,positioning_synthetic_v1,intermediaire,80,20,16,100,75,100,75,75,75,71,86,83
intermediaire_0365,4,True,positioning_synthetic_v1,intermediaire,60,20,12,100,75,50,75,75,25,100,71,0
intermediaire_0366,1,True,positioning_synthetic_v1,intermediaire,75,20,15,100,75,100,25,75,100,71,86,67
intermediaire_0366,2,True,positioning_synthetic_v1,intermediaire,65,20,13,100,25,100,75,50,75,71,86,33
intermediaire_0366,3,True,positioning_synthetic_v1,intermediaire,65,20,13,100,50,75,100,50,50,71,57,67
intermediaire_0366,4,True,positioning_synthetic_v1,intermediaire,65,20,13,100,50,100,25,100,50,71,86,33
intermediaire_0367,1,True,positioning_synthetic_v1,intermediaire,55,20,11,100,75,25,50,75,50,86,29,50
intermediaire_0367,2,True,positioning_synthetic_v1,intermediaire,55,20,11,100,100,50,25,50,50,57,57,50
intermediaire_0367,3,True,positioning_synthetic_v1,intermediaire,40,20,8,100,25,25,25,25,100,57,43,17
intermediaire_0367,4,True,positioning_synthetic_v1,intermediaire,50,20,10,100,50,50,75,75,0,71,43,33
intermediaire_0368,1,True,positioning_synthetic_v1,intermediaire,45,20,9,100,50,100,25,50,0,57,43,33
intermediaire_0368,2,True,positioning_synthetic_v1,intermediaire,35,20,7,100,25,25,50,50,25,43,43,17
intermediaire_0368,3,True,positioning_synthetic_v1,intermediaire,60,20,12,100,25,100,0,100,75,86,43,50
intermediaire_0368,4,True,positioning_synthetic_v1,intermediaire,45,20,9,100,75,50,25,75,0,57,57,17
intermediaire_0369,1,True,positioning_synthetic_v1,intermediaire,50,20,10,100,25,75,50,25,75,71,43,33
intermediaire_0369,2,True,positioning_synthetic_v1,intermediaire,75,20,15,100,50,100,100,25,100,71,86,67
intermediaire_0369,3,True,positioning_synthetic_v1,intermediaire,55,20,11,100,50,50,25,75,75,86,14,67
intermediaire_0369,4,True,positioning_synthetic_v1,intermediaire,60,20,12,100,25,50,75,75,75,86,29,67
intermediaire_0370,1,True,positioning_synthetic_v1,intermediaire,60,20,12,100,50,50,75,75,50,71,71,33
intermediaire_0370,2,True,positioning_synthetic_v1,intermediaire,50,20,10,100,50,50,50,25,75,71,57,17
intermediaire_0370,3,True,positioning_synthetic_v1,intermediaire,30,20,6,100,50,25,25,50,0,43,29,17
intermediaire_0370,4,True,positioning_synthetic_v1,intermediaire,25,20,5,100,0,0,50,50,25,14,43,17
intermediaire_0371,1,True,positioning_synthetic_v1,intermediaire,55,20,11,100,25,75,100,50,25,86,29,50
intermediaire_0371,2,True,positioning_synthetic_v1,intermediaire,80,20,16,100,50,75,75,100,100,71,100,67
intermediaire_0371,3,True,positioning_synthetic_v1,intermediaire,60,20,12,100,50,50,50,75,75,57,86,33
intermediaire_0371,4,True,positioning_synthetic_v1,intermediaire,85,20,17,100,75,100,75,100,75,86,100,67
intermediaire_0372,1,True,positioning_synthetic_v1,intermediaire,50,20,10,100,50,50,25,50,75,71,57,17
intermediaire_0372,2,True,positioning_synthetic_v1,intermediaire,70,20,14,100,75,75,75,25,100,86,71,50
intermediaire_0372,3,True,positioning_synthetic_v1,intermediaire,55,20,11,100,100,50,25,75,25,57,57,50
intermediaire_0372,4,True,positioning_synthetic_v1,intermediaire,45,20,9,100,75,50,50,25,25,43,43,50
intermediaire_0373,1,True,positioning_synthetic_v1,intermediaire,45,20,9,100,25,50,50,75,25,86,29,17
intermediaire_0373,2,True,positioning_synthetic_v1,intermediaire,65,20,13,100,25,75,50,75,100,71,57,67
intermediaire_0373,3,True,positioning_synthetic_v1,intermediaire,50,20,10,100,50,100,50,25,25,43,57,50
intermediaire_0373,4,True,positioning_synthetic_v1,intermediaire,65,20,13,100,75,75,50,50,75,86,86,17
intermediaire_0374,1,True,positioning_synthetic_v1,intermediaire,70,20,14,100,50,75,100,50,75,100,57,50
intermediaire_0374,2,True,positioning_synthetic_v1,intermediaire,65,20,13,100,100,75,50,75,25,100,57,33
intermediaire_0374,3,True,positioning_synthetic_v1,intermediaire,80,20,16,100,75,75,75,100,75,86,57,100
intermediaire_0374,4,True,positioning_synthetic_v1,intermediaire,75,20,15,100,50,50,100,75,100,100,57,67
intermediaire_0375,1,True,positioning_synthetic_v1,intermediaire,50,20,10,100,50,50,50,50,50,86,29,33
intermediaire_0375,2,True,positioning_synthetic_v1,intermediaire,55,20,11,100,50,25,50,75,75,86,43,33
intermediaire_0375,3,True,positioning_synthetic_v1,intermediaire,50,20,10,100,25,25,50,75,75,43,57,50
intermediaire_0375,4,True,positioning_synthetic_v1,intermediaire,40,20,8,100,50,0,50,50,50,57,43,17
intermediaire_0376,1,True,positioning_synthetic_v1,intermediaire,45,20,9,100,50,50,75,25,25,86,43,0
intermediaire_0376,2,True,positioning_synthetic_v1,intermediaire,65,20,13,100,75,50,75,50,75,100,57,33
intermediaire_0376,3,True,positioning_synthetic_v1,intermediaire,60,20,12,100,50,50,50,50,100,57,57,67
intermediaire_0376,4,True,positioning_synthetic_v1,intermediaire,60,20,12,100,75,50,75,25,75,100,29,50
intermediaire_0377,1,True,positioning_synthetic_v1,intermediaire,55,20,11,100,75,50,50,50,50,86,57,17
intermediaire_0377,2,True,positioning_synthetic_v1,intermediaire,50,20,10,100,50,0,75,50,75,86,29,33
intermediaire_0377,3,True,positioning_synthetic_v1,intermediaire,65,20,13,100,75,75,75,50,50,71,86,33
intermediaire_0377,4,True,positioning_synthetic_v1,intermediaire,55,20,11,100,50,50,75,50,50,57,71,33
intermediaire_0378,1,True,positioning_synthetic_v1,intermediaire,70,20,14,100,100,100,50,50,50,100,57,50
intermediaire_0378,2,True,positioning_synthetic_v1,intermediaire,60,20,12,100,75,75,25,25,100,71,57,50
intermediaire_0378,3,True,positioning_synthetic_v1,intermediaire,75,20,15,100,75,50,50,100,100,86,100,33
intermediaire_0378,4,True,positioning_synthetic_v1,intermediaire,55,20,11,100,75,50,50,75,25,57,100,0
intermediaire_0379,1,True,positioning_synthetic_v1,intermediaire,65,20,13,100,50,50,75,50,100,86,71,33
intermediaire_0379,2,True,positioning_synthetic_v1,intermediaire,45,20,9,100,0,50,75,25,75,57,57,17
intermediaire_0379,3,True,positioning_synthetic_v1,intermediaire,70,20,14,100,75,75,50,75,75,100,43,67
intermediaire_0379,4,True,positioning_synthetic_v1,intermediaire,55,20,11,100,100,50,50,25,50,71,57,33
intermediaire_0380,1,True,positioning_synthetic_v1,intermediaire,45,20,9,100,75,50,0,25,75,57,43,33
intermediaire_0380,2,True,positioning_synthetic_v1,intermediaire,70,20,14,100,75,50,75,100,50,57,71,83
intermediaire_0380,3,True,positioning_synthetic_v1,intermediaire,70,20,14,100,25,50,100,75,100,100,57,50
intermediaire_0380,4,True,positioning_synthetic_v1,intermediaire,55,20,11,100,75,50,25,75,50,57,57,50
intermediaire_0381,1,True,positioning_synthetic_v1,intermediaire,40,20,8,100,25,25,75,25,50,57,43,17
intermediaire_0381,2,True,positioning_synthetic_v1,intermediaire,65,20,13,100,50,75,75,50,75,43,71,83
intermediaire_0381,3,True,positioning_synthetic_v1,intermediaire,65,20,13,100,75,75,75,25,75,86,57,50
intermediaire_0381,4,True,positioning_synthetic_v1,intermediaire,70,20,14,100,50,75,75,75,75,100,71,33
intermediaire_0382,1,True,positioning_synthetic_v1,intermediaire,45,20,9,100,75,25,50,50,25,71,29,33
intermediaire_0382,2,True,positioning_synthetic_v1,intermediaire,45,20,9,100,25,25,75,50,50,71,29,33
intermediaire_0382,3,True,positioning_synthetic_v1,intermediaire,60,20,12,100,75,75,50,50,50,71,57,50
intermediaire_0382,4,True,positioning_synthetic_v1,intermediaire,40,20,8,100,75,50,25,50,0,14,71,33
intermediaire_0383,1,True,positioning_synthetic_v1,intermediaire,35,20,7,100,75,25,50,25,0,29,57,17
intermediaire_0383,2,True,positioning_synthetic_v1,intermediaire,45,20,9,100,0,50,75,50,50,71,43,17
intermediaire_0383,3,True,positioning_synthetic_v1,intermediaire,70,20,14,100,50,100,100,75,25,57,86,67
intermediaire_0383,4,True,positioning_synthetic_v1,intermediaire,70,20,14,100,75,75,100,50,50,86,57,67
intermediaire_0384,1,True,positioning_synthetic_v1,intermediaire,40,20,8,100,50,25,50,50,25,86,14,17
intermediaire_0384,2,True,positioning_synthetic_v1,intermediaire,60,20,12,100,75,50,25,75,75,86,43,50
intermediaire_0384,3,True,positioning_synthetic_v1,intermediaire,50,20,10,100,0,50,50,75,75,57,57,33
intermediaire_0384,4,True,positioning_synthetic_v1,intermediaire,45,20,9,100,25,25,75,75,25,71,57,0
intermediaire_0385,1,True,positioning_synthetic_v1,intermediaire,45,20,9,100,50,75,25,25,50,71,43,17
intermediaire_0385,2,True,positioning_synthetic_v1,intermediaire,40,20,8,100,25,0,50,50,75,57,43,17
intermediaire_0385,3,True,positioning_synthetic_v1,intermediaire,55,20,11,100,75,50,75,25,50,71,43,50
intermediaire_0385,4,True,positioning_synthetic_v1,intermediaire,65,20,13,100,75,75,25,100,50,86,57,50
intermediaire_0386,1,True,positioning_synthetic_v1,intermediaire,60,20,12,100,50,100,50,50,50,71,86,17
intermediaire_0386,2,True,positioning_synthetic_v1,intermediaire,65,20,13,100,50,50,100,25,100,86,71,33
intermediaire_0386,3,True,positioning_synthetic_v1,intermediaire,55,20,11,100,75,50,50,50,50,71,71,17
intermediaire_0386,4,True,positioning_synthetic_v1,intermediaire,40,20,8,100,75,0,50,75,0,71,29,17
intermediaire_0387,1,True,positioning_synthetic_v1,intermediaire,50,20,10,100,75,25,50,50,50,86,14,50
intermediaire_0387,2,True,positioning_synthetic_v1,intermediaire,70,20,14,100,75,25,100,75,75,71,71,67
intermediaire_0387,3,True,positioning_synthetic_v1,intermediaire,85,20,17,100,75,75,100,75,100,100,86,67
intermediaire_0387,4,True,positioning_synthetic_v1,intermediaire,35,20,7,100,50,50,50,25,0,29,57,17
intermediaire_0388,1,True,positioning_synthetic_v1,intermediaire,70,20,14,100,75,50,100,50,75,100,14,100
intermediaire_0388,2,True,positioning_synthetic_v1,intermediaire,70,20,14,100,75,50,75,100,50,71,86,50
intermediaire_0388,3,True,positioning_synthetic_v1,intermediaire,70,20,14,100,50,25,100,75,100,86,86,33
intermediaire_0388,4,True,positioning_synthetic_v1,intermediaire,80,20,16,100,75,50,75,100,100,86,71,83
intermediaire_0389,1,True,positioning_synthetic_v1,intermediaire,45,20,9,100,0,50,50,50,75,71,29,33
intermediaire_0389,2,True,positioning_synthetic_v1,intermediaire,35,20,7,100,25,50,50,25,25,57,29,17
intermediaire_0389,3,True,positioning_synthetic_v1,intermediaire,65,20,13,100,100,0,75,75,75,71,71,50
intermediaire_0389,4,True,positioning_synthetic_v1,intermediaire,45,20,9,100,25,75,75,25,25,86,43,0
intermediaire_0390,1,True,positioning_synthetic_v1,intermediaire,50,20,10,100,50,0,75,50,75,57,57,33
intermediaire_0390,2,True,positioning_synthetic_v1,intermediaire,30,20,6,100,0,25,50,25,50,57,29,0
intermediaire_0390,3,True,positioning_synthetic_v1,intermediaire,60,20,12,100,25,50,100,25,100,86,57,33
intermediaire_0390,4,True,positioning_synthetic_v1,intermediaire,55,20,11,100,25,25,50,100,75,71,57,33
intermediaire_0391,1,True,positioning_synthetic_v1,intermediaire,55,20,11,100,50,75,50,75,25,71,57,33
intermediaire_0391,2,True,positioning_synthetic_v1,intermediaire,45,20,9,100,25,50,25,75,50,71,14,50
intermediaire_0391,3,True,positioning_synthetic_v1,intermediaire,45,20,9,100,25,75,0,75,50,43,43,50
intermediaire_0391,4,True,positioning_synthetic_v1,intermediaire,65,20,13,100,100,50,25,50,100,86,71,33
intermediaire_0392,1,True,positioning_synthetic_v1,intermediaire,30,20,6,100,25,50,0,50,25,71,0,17
intermediaire_0392,2,True,positioning_synthetic_v1,intermediaire,50,20,10,100,50,25,75,50,50,57,57,33
intermediaire_0392,3,True,positioning_synthetic_v1,intermediaire,55,20,11,100,25,100,25,75,50,71,29,67
intermediaire_0392,4,True,positioning_synthetic_v1,intermediaire,45,20,9,100,75,0,75,50,25,43,57,33
intermediaire_0393,1,True,positioning_synthetic_v1,intermediaire,35,20,7,100,25,75,25,50,0,43,43,17
intermediaire_0393,2,True,positioning_synthetic_v1,intermediaire,60,20,12,100,100,75,50,25,50,57,71,50
intermediaire_0393,3,True,positioning_synthetic_v1,intermediaire,40,20,8,100,25,75,50,25,25,43,43,33
intermediaire_0393,4,True,positioning_synthetic_v1,intermediaire,40,20,8,100,75,25,0,75,25,29,43,50
intermediaire_0394,1,True,positioning_synthetic_v1,intermediaire,55,20,11,100,50,75,50,50,50,100,29,33
intermediaire_0394,2,True,positioning_synthetic_v1,intermediaire,70,20,14,100,75,75,75,50,75,86,71,50
intermediaire_0394,3,True,positioning_synthetic_v1,intermediaire,85,20,17,100,75,100,75,75,100,86,86,83
intermediaire_0394,4,True,positioning_synthetic_v1,intermediaire,60,20,12,100,75,50,50,75,50,71,86,17
intermediaire_0395,1,True,positioning_synthetic_v1,intermediaire,20,20,4,100,50,0,25,0,25,43,14,0
intermediaire_0395,2,True,positioning_synthetic_v1,intermediaire,35,20,7,100,50,25,0,25,75,71,14,17
intermediaire_0395,3,True,positioning_synthetic_v1,intermediaire,30,20,6,100,25,75,25,25,0,29,43,17
intermediaire_0395,4,True,positioning_synthetic_v1,intermediaire,30,20,6,100,50,25,50,25,0,43,14,33
intermediaire_0396,1,True,positioning_synthetic_v1,intermediaire,50,20,10,100,50,50,50,50,50,71,43,33
intermediaire_0396,2,True,positioning_synthetic_v1,intermediaire,70,20,14,100,75,75,75,50,75,86,100,17
intermediaire_0396,3,True,positioning_synthetic_v1,intermediaire,70,20,14,100,50,75,50,100,75,100,71,33
intermediaire_0396,4,True,positioning_synthetic_v1,intermediaire,45,20,9,100,50,25,75,25,50,86,43,0
intermediaire_0397,1,True,positioning_synthetic_v1,intermediaire,80,20,16,100,50,75,100,100,75,86,71,83
intermediaire_0397,2,True,positioning_synthetic_v1,intermediaire,55,20,11,100,50,0,75,75,75,71,57,33
intermediaire_0397,3,True,positioning_synthetic_v1,intermediaire,70,20,14,100,75,75,75,75,50,100,57,50
intermediaire_0397,4,True,positioning_synthetic_v1,intermediaire,80,20,16,100,75,75,50,100,100,100,71,67
intermediaire_0398,1,True,positioning_synthetic_v1,intermediaire,50,20,10,100,75,0,50,75,50,86,57,0
intermediaire_0398,2,True,positioning_synthetic_v1,intermediaire,50,20,10,100,50,25,50,75,50,71,71,0
intermediaire_0398,3,True,positioning_synthetic_v1,intermediaire,65,20,13,100,25,25,100,75,100,57,71,67
intermediaire_0398,4,True,positioning_synthetic_v1,intermediaire,70,20,14,100,100,50,50,100,50,71,86,50
intermediaire_0399,1,True,positioning_synthetic_v1,intermediaire,50,20,10,100,50,50,75,25,50,71,43,33
intermediaire_0399,2,True,positioning_synthetic_v1,intermediaire,45,20,9,100,75,25,75,25,25,43,43,50
intermediaire_0399,3,True,positioning_synthetic_v1,intermediaire,45,20,9,100,25,75,75,50,0,57,43,33
intermediaire_0399,4,True,positioning_synthetic_v1,intermediaire,35,20,7,100,0,50,25,75,25,57,14,33
intermediaire_0400,1,True,positioning_synthetic_v1,intermediaire,85,20,17,100,50,100,100,100,75,100,71,83
intermediaire_0400,2,True,positioning_synthetic_v1,intermediaire,70,20,14,100,75,50,75,75,75,71,71,67
intermediaire_0400,3,True,positioning_synthetic_v1,intermediaire,80,20,16,100,50,100,75,100,75,86,57,100
intermediaire_0400,4,True,positioning_synthetic_v1,intermediaire,50,20,10,100,25,50,50,50,75,86,43,17
intermediaire_0401,1,True,positioning_synthetic_v1,intermediaire,40,20,8,100,100,25,0,50,25,43,29,50
intermediaire_0401,2,True,positioning_synthetic_v1,intermediaire,55,20,11,100,50,75,50,25,75,71,71,17
intermediaire_0401,3,True,positioning_synthetic_v1,intermediaire,45,20,9,100,25,0,25,100,75,43,43,50
intermediaire_0401,4,True,positioning_synthetic_v1,intermediaire,60,20,12,100,75,50,25,75,75,71,100,0
intermediaire_0402,1,True,positioning_synthetic_v1,intermediaire,75,20,15,100,100,25,100,75,75,86,71,67
intermediaire_0402,2,True,positioning_synthetic_v1,intermediaire,45,20,9,100,25,50,100,0,50,57,29,50
intermediaire_0402,3,True,positioning_synthetic_v1,intermediaire,50,20,10,100,50,25,75,25,75,71,43,33
intermediaire_0402,4,True,positioning_synthetic_v1,intermediaire,55,20,11,100,50,25,75,50,75,71,71,17
intermediaire_0403,1,True,positioning_synthetic_v1,intermediaire,50,20,10,100,100,25,25,50,50,86,29,33
intermediaire_0403,2,True,positioning_synthetic_v1,intermediaire,55,20,11,100,100,25,50,25,75,57,57,50
intermediaire_0403,3,True,positioning_synthetic_v1,intermediaire,50,20,10,100,75,0,50,50,75,57,71,17
intermediaire_0403,4,True,positioning_synthetic_v1,intermediaire,45,20,9,100,50,50,0,50,75,71,43,17
intermediaire_0404,1,True,positioning_synthetic_v1,intermediaire,60,20,12,100,50,75,50,75,50,86,57,33
intermediaire_0404,2,True,positioning_synthetic_v1,intermediaire,65,20,13,100,50,75,50,75,75,57,100,33
intermediaire_0404,3,True,positioning_synthetic_v1,intermediaire,50,20,10,100,75,75,50,25,25,57,29,67
intermediaire_0404,4,True,positioning_synthetic_v1,intermediaire,55,20,11,100,75,75,25,25,75,100,57,0
intermediaire_0405,1,True,positioning_synthetic_v1,intermediaire,65,20,13,100,50,75,50,50,100,71,57,67
intermediaire_0405,2,True,positioning_synthetic_v1,intermediaire,50,20,10,100,25,75,50,75,25,86,57,0
intermediaire_0405,3,True,positioning_synthetic_v1,intermediaire,30,20,6,100,75,50,0,0,25,43,14,33
intermediaire_0405,4,True,positioning_synthetic_v1,intermediaire,50,20,10,100,25,25,25,100,75,71,43,33
intermediaire_0406,1,True,positioning_synthetic_v1,intermediaire,40,20,8,100,50,25,50,25,50,57,29,33
intermediaire_0406,2,True,positioning_synthetic_v1,intermediaire,50,20,10,100,25,50,100,50,25,71,43,33
intermediaire_0406,3,True,positioning_synthetic_v1,intermediaire,55,20,11,100,50,75,50,50,50,43,86,33
intermediaire_0406,4,True,positioning_synthetic_v1,intermediaire,40,20,8,100,75,25,0,50,50,43,43,33
intermediaire_0407,1,True,positioning_synthetic_v1,intermediaire,50,20,10,100,0,75,75,50,50,57,57,33
intermediaire_0407,2,True,positioning_synthetic_v1,intermediaire,65,20,13,100,75,75,75,75,25,71,71,50
intermediaire_0407,3,True,positioning_synthetic_v1,intermediaire,45,20,9,100,50,75,50,25,25,57,43,33
intermediaire_0407,4,True,positioning_synthetic_v1,intermediaire,55,20,11,100,50,75,50,25,75,71,57,33
intermediaire_0408,1,True,positioning_synthetic_v1,intermediaire,35,20,7,100,25,25,25,50,50,57,29,17
intermediaire_0408,2,True,positioning_synthetic_v1,intermediaire,50,20,10,100,100,50,50,0,50,71,29,50
intermediaire_0408,3,True,positioning_synthetic_v1,intermediaire,35,20,7,100,0,50,50,50,25,57,43,0
intermediaire_0408,4,True,positioning_synthetic_v1,intermediaire,45,20,9,100,50,75,50,25,25,57,57,17
intermediaire_0409,1,True,positioning_synthetic_v1,intermediaire,50,20,10,100,25,50,75,50,50,29,71,50
intermediaire_0409,2,True,positioning_synthetic_v1,intermediaire,35,20,7,100,0,75,0,75,25,43,14,50
intermediaire_0409,3,True,positioning_synthetic_v1,intermediaire,35,20,7,100,25,25,25,50,50,57,29,17
intermediaire_0409,4,True,positioning_synthetic_v1,intermediaire,50,20,10,100,25,25,50,50,100,43,57,50
intermediaire_0410,1,True,positioning_synthetic_v1,intermediaire,50,20,10,100,50,50,50,25,75,57,57,33
intermediaire_0410,2,True,positioning_synthetic_v1,intermediaire,40,20,8,100,50,50,25,25,50,71,14,33
intermediaire_0410,3,True,positioning_synthetic_v1,intermediaire,45,20,9,100,50,0,100,0,75,57,29,50
intermediaire_0410,4,True,positioning_synthetic_v1,intermediaire,60,20,12,100,75,50,100,50,25,71,43,67
intermediaire_0411,1,True,positioning_synthetic_v1,intermediaire,35,20,7,100,0,25,50,75,25,71,14,17
intermediaire_0411,2,True,positioning_synthetic_v1,intermediaire,25,20,5,100,50,25,50,0,0,14,29,33
intermediaire_0411,3,True,positioning_synthetic_v1,intermediaire,30,20,6,100,25,25,25,25,50,14,43,33
intermediaire_0411,4,True,positioning_synthetic_v1,intermediaire,60,20,12,100,50,50,75,50,75,71,86,17
intermediaire_0412,1,True,positioning_synthetic_v1,intermediaire,40,20,8,100,25,25,50,50,50,57,57,0
intermediaire_0412,2,True,positioning_synthetic_v1,intermediaire,50,20,10,100,50,50,50,25,75,86,43,17
intermediaire_0412,3,True,positioning_synthetic_v1,intermediaire,60,20,12,100,50,75,75,50,50,57,57,67
intermediaire_0412,4,True,positioning_synthetic_v1,intermediaire,55,20,11,100,75,50,25,75,50,86,29,50
intermediaire_0413,1,True,positioning_synthetic_v1,intermediaire,60,20,12,100,75,25,75,75,50,86,29,67
intermediaire_0413,2,True,positioning_synthetic_v1,intermediaire,40,20,8,100,25,75,25,50,25,71,29,17
intermediaire_0413,3,True,positioning_synthetic_v1,intermediaire,45,20,9,100,75,50,25,0,75,86,43,0
intermediaire_0413,4,True,positioning_synthetic_v1,intermediaire,30,20,6,100,25,50,50,0,25,71,0,17
intermediaire_0414,1,True,positioning_synthetic_v1,intermediaire,35,20,7,100,25,50,50,0,50,71,29,0
intermediaire_0414,2,True,positioning_synthetic_v1,intermediaire,65,20,13,100,100,75,25,75,50,71,71,50
intermediaire_0414,3,True,positioning_synthetic_v1,intermediaire,75,20,15,100,75,75,75,75,75,86,57,83
intermediaire_0414,4,True,positioning_synthetic_v1,intermediaire,50,20,10,100,25,75,25,75,50,57,57,33
intermediaire_0415,1,True,positioning_synthetic_v1,intermediaire,50,20,10,100,25,25,50,50,100,57,57,33
intermediaire_0415,2,True,positioning_synthetic_v1,intermediaire,60,20,12,100,75,50,25,75,75,86,43,50
intermediaire_0415,3,True,positioning_synthetic_v1,intermediaire,55,20,11,100,50,25,100,50,50,71,57,33
intermediaire_0415,4,True,positioning_synthetic_v1,intermediaire,35,20,7,100,0,25,50,75,25,43,43,17
intermediaire_0416,1,True,positioning_synthetic_v1,intermediaire,60,20,12,100,25,100,50,50,75,57,86,33
intermediaire_0416,2,True,positioning_synthetic_v1,intermediaire,60,20,12,100,75,100,50,25,50,71,57,50
intermediaire_0416,3,True,positioning_synthetic_v1,intermediaire,50,20,10,100,50,25,50,75,50,100,29,17
intermediaire_0416,4,True,positioning_synthetic_v1,intermediaire,55,20,11,100,50,50,50,50,75,86,29,50
intermediaire_0417,1,True,positioning_synthetic_v1,intermediaire,70,20,14,100,50,100,25,75,100,100,71,33
intermediaire_0417,2,True,positioning_synthetic_v1,intermediaire,55,20,11,100,50,75,25,75,50,71,57,33
intermediaire_0417,3,True,positioning_synthetic_v1,intermediaire,50,20,10,100,75,25,75,25,50,71,43,33
intermediaire_0417,4,True,positioning_synthetic_v1,intermediaire,60,20,12,100,50,50,50,75,75,57,43,83
intermediaire_0418,1,True,positioning_synthetic_v1,intermediaire,50,20,10,100,75,25,50,50,50,86,57,0
intermediaire_0418,2,True,positioning_synthetic_v1,intermediaire,70,20,14,100,75,75,50,75,75,100,71,33
intermediaire_0418,3,True,positioning_synthetic_v1,intermediaire,55,20,11,100,75,25,50,50,75,71,57,33
intermediaire_0418,4,True,positioning_synthetic_v1,intermediaire,50,20,10,100,75,75,25,25,50,86,29,33
intermediaire_0419,1,True,positioning_synthetic_v1,intermediaire,40,20,8,100,25,25,75,50,25,71,43,0
intermediaire_0419,2,True,positioning_synthetic_v1,intermediaire,35,20,7,100,25,25,25,75,25,43,43,17
intermediaire_0419,3,True,positioning_synthetic_v1,intermediaire,45,20,9,100,25,75,50,25,50,43,57,33
intermediaire_0419,4,True,positioning_synthetic_v1,intermediaire,60,20,12,100,50,75,100,25,50,71,71,33
intermediaire_0420,1,True,positioning_synthetic_v1,intermediaire,30,20,6,100,25,25,50,0,50,29,29,33
intermediaire_0420,2,True,positioning_synthetic_v1,intermediaire,35,20,7,100,50,75,50,0,0,57,29,17
intermediaire_0420,3,True,positioning_synthetic_v1,intermediaire,40,20,8,100,0,75,75,25,25,57,57,0
intermediaire_0420,4,True,positioning_synthetic_v1,intermediaire,65,20,13,100,25,75,50,75,100,100,43,50
intermediaire_0421,1,True,positioning_synthetic_v1,intermediaire,50,20,10,100,50,25,25,100,50,57,43,50
intermediaire_0421,2,True,positioning_synthetic_v1,intermediaire,45,20,9,100,50,75,50,50,0,71,43,17
intermediaire_0421,3,True,positioning_synthetic_v1,intermediaire,75,20,15,100,50,100,75,100,50,86,86,50
intermediaire_0421,4,True,positioning_synthetic_v1,intermediaire,70,20,14,100,100,50,100,50,50,86,71,50
intermediaire_0422,1,True,positioning_synthetic_v1,intermediaire,60,20,12,100,75,75,50,50,50,86,57,33
intermediaire_0422,2,True,positioning_synthetic_v1,intermediaire,70,20,14,100,100,75,50,75,50,71,71,67
intermediaire_0422,3,True,positioning_synthetic_v1,intermediaire,70,20,14,100,50,75,100,75,50,86,57,67
intermediaire_0422,4,True,positioning_synthetic_v1,intermediaire,85,20,17,100,100,50,100,75,100,86,100,67
intermediaire_0423,1,True,positioning_synthetic_v1,intermediaire,35,20,7,100,75,25,0,75,0,43,43,17
intermediaire_0423,2,True,positioning_synthetic_v1,intermediaire,35,20,7,100,50,25,25,25,50,57,29,17
intermediaire_0423,3,True,positioning_synthetic_v1,intermediaire,35,20,7,100,75,25,25,25,25,29,57,17
intermediaire_0423,4,True,positioning_synthetic_v1,intermediaire,25,20,5,100,25,25,25,0,50,29,43,0
intermediaire_0424,1,True,positioning_synthetic_v1,intermediaire,40,20,8,100,75,25,25,0,75,57,29,33
intermediaire_0424,2,True,positioning_synthetic_v1,intermediaire,20,20,4,100,25,0,50,25,0,29,14,17
intermediaire_0424,3,True,positioning_synthetic_v1,intermediaire,30,20,6,100,75,0,0,25,50,29,43,17
intermediaire_0424,4,True,positioning_synthetic_v1,intermediaire,25,20,5,100,25,0,25,0,75,14,29,33
intermediaire_0425,1,True,positioning_synthetic_v1,intermediaire,35,20,7,100,0,50,50,25,50,43,43,17
intermediaire_0425,2,True,positioning_synthetic_v1,intermediaire,30,20,6,100,0,50,50,0,50,29,43,17
intermediaire_0425,3,True,positioning_synthetic_v1,intermediaire,35,20,7,100,25,25,25,50,50,57,43,0
intermediaire_0425,4,True,positioning_synthetic_v1,intermediaire,50,20,10,100,25,50,25,100,50,71,57,17
intermediaire_0426,1,True,positioning_synthetic_v1,intermediaire,85,20,17,100,100,100,75,50,100,100,100,50
intermediaire_0426,2,True,positioning_synthetic_v1,intermediaire,95,20,19,100,100,75,100,100,100,100,86,100
intermediaire_0426,3,True,positioning_synthetic_v1,intermediaire,70,20,14,100,75,75,75,50,75,100,71,33
intermediaire_0426,4,True,positioning_synthetic_v1,intermediaire,85,20,17,100,100,100,100,50,75,86,86,83
intermediaire_0427,1,True,positioning_synthetic_v1,intermediaire,70,20,14,100,75,75,50,75,75,86,71,50
intermediaire_0427,2,True,positioning_synthetic_v1,intermediaire,50,20,10,100,50,50,75,50,25,86,43,17
intermediaire_0427,3,True,positioning_synthetic_v1,intermediaire,50,20,10,100,100,0,75,75,0,57,57,33
intermediaire_0427,4,True,positioning_synthetic_v1,intermediaire,45,20,9,100,50,50,25,50,50,43,71,17
intermediaire_0428,1,True,positioning_synthetic_v1,intermediaire,50,20,10,100,25,25,75,75,50,71,43,33
intermediaire_0428,2,True,positioning_synthetic_v1,intermediaire,45,20,9,100,25,75,75,25,25,57,57,17
intermediaire_0428,3,True,positioning_synthetic_v1,intermediaire,45,20,9,100,25,50,75,50,25,86,14,33
intermediaire_0428,4,True,positioning_synthetic_v1,intermediaire,50,20,10,100,50,50,25,75,50,100,14,33
intermediaire_0429,1,True,positioning_synthetic_v1,intermediaire,40,20,8,100,50,50,50,25,25,57,14,50
intermediaire_0429,2,True,positioning_synthetic_v1,intermediaire,50,20,10,100,50,50,25,50,75,86,43,17
intermediaire_0429,3,True,positioning_synthetic_v1,intermediaire,60,20,12,100,50,50,75,75,50,86,71,17
intermediaire_0429,4,True,positioning_synthetic_v1,intermediaire,40,20,8,100,50,0,75,25,50,57,43,17
intermediaire_0430,1,True,positioning_synthetic_v1,intermediaire,30,20,6,100,50,25,25,50,0,43,14,33
intermediaire_0430,2,True,positioning_synthetic_v1,intermediaire,60,20,12,100,25,50,100,75,50,57,71,50
intermediaire_0430,3,True,positioning_synthetic_v1,intermediaire,50,20,10,100,50,75,75,25,25,71,57,17
intermediaire_0430,4,True,positioning_synthetic_v1,intermediaire,55,20,11,100,75,50,50,75,25,71,43,50
intermediaire_0431,1,True,positioning_synthetic_v1,intermediaire,30,20,6,100,25,25,25,50,25,71,14,0
intermediaire_0431,2,True,positioning_synthetic_v1,intermediaire,40,20,8,100,75,25,50,25,25,57,57,0
intermediaire_0431,3,True,positioning_synthetic_v1,intermediaire,25,20,5,100,25,50,0,25,25,29,29,17
intermediaire_0431,4,True,positioning_synthetic_v1,intermediaire,25,20,5,100,25,0,25,25,50,29,29,17
intermediaire_0432,1,True,positioning_synthetic_v1,intermediaire,80,20,16,100,75,75,75,100,75,100,86,50
intermediaire_0432,2,True,positioning_synthetic_v1,intermediaire,40,20,8,100,75,0,75,25,25,57,43,17
intermediaire_0432,3,True,positioning_synthetic_v1,intermediaire,60,20,12,100,50,50,75,75,50,71,71,33
intermediaire_0432,4,True,positioning_synthetic_v1,intermediaire,60,20,12,100,50,75,25,75,75,86,43,50
intermediaire_0433,1,True,positioning_synthetic_v1,intermediaire,50,20,10,100,50,50,75,25,50,57,57,33
intermediaire_0433,2,True,positioning_synthetic_v1,intermediaire,55,20,11,100,25,50,50,75,75,86,57,17
intermediaire_0433,3,True,positioning_synthetic_v1,intermediaire,60,20,12,100,25,75,50,75,75,57,86,33
intermediaire_0433,4,True,positioning_synthetic_v1,intermediaire,50,20,10,100,75,25,25,75,50,86,14,50
intermediaire_0434,1,True,positioning_synthetic_v1,intermediaire,55,20,11,100,25,75,75,50,50,86,43,33
intermediaire_0434,2,True,positioning_synthetic_v1,intermediaire,55,20,11,100,50,75,50,50,50,71,43,50
intermediaire_0434,3,True,positioning_synthetic_v1,intermediaire,55,20,11,100,100,25,50,75,25,100,43,17
intermediaire_0434,4,True,positioning_synthetic_v1,intermediaire,60,20,12,100,50,100,75,50,25,71,57,50
intermediaire_0435,1,True,positioning_synthetic_v1,intermediaire,50,20,10,100,25,50,25,75,75,71,57,17
intermediaire_0435,2,True,positioning_synthetic_v1,intermediaire,50,20,10,100,50,0,50,50,100,57,57,33
intermediaire_0435,3,True,positioning_synthetic_v1,intermediaire,75,20,15,100,50,50,100,75,100,100,57,67
intermediaire_0435,4,True,positioning_synthetic_v1,intermediaire,80,20,16,100,50,100,75,75,100,71,71,100
intermediaire_0436,1,True,positioning_synthetic_v1,intermediaire,65,20,13,100,75,50,25,100,75,100,57,33
intermediaire_0436,2,True,positioning_synthetic_v1,intermediaire,50,20,10,100,25,50,25,50,100,71,57,17
intermediaire_0436,3,True,positioning_synthetic_v1,intermediaire,45,20,9,100,50,50,50,75,0,71,43,17
intermediaire_0436,4,True,positioning_synthetic_v1,intermediaire,70,20,14,100,100,100,50,50,50,86,71,50
intermediaire_0437,1,True,positioning_synthetic_v1,intermediaire,60,20,12,100,75,75,25,75,50,100,29,50
intermediaire_0437,2,True,positioning_synthetic_v1,intermediaire,40,20,8,100,0,75,50,25,50,57,29,33
intermediaire_0437,3,True,positioning_synthetic_v1,intermediaire,50,20,10,100,50,50,50,25,75,71,57,17
intermediaire_0437,4,True,positioning_synthetic_v1,intermediaire,60,20,12,100,50,75,100,25,50,86,29,67
intermediaire_0438,1,True,positioning_synthetic_v1,intermediaire,50,20,10,100,25,50,50,75,50,71,43,33
intermediaire_0438,2,True,positioning_synthetic_v1,intermediaire,55,20,11,100,75,75,0,75,50,71,71,17
intermediaire_0438,3,True,positioning_synthetic_v1,intermediaire,55,20,11,100,75,50,75,50,25,57,57,50
intermediaire_0438,4,True,positioning_synthetic_v1,intermediaire,40,20,8,100,50,50,75,25,0,57,57,0
intermediaire_0439,1,True,positioning_synthetic_v1,intermediaire,35,20,7,100,50,75,0,50,0,43,43,17
intermediaire_0439,2,True,positioning_synthetic_v1,intermediaire,75,20,15,100,75,50,75,75,100,71,86,67
intermediaire_0439,3,True,positioning_synthetic_v1,intermediaire,40,20,8,100,25,25,50,75,25,29,57,33
intermediaire_0439,4,True,positioning_synthetic_v1,intermediaire,20,20,4,100,25,0,0,50,25,29,0,33
intermediaire_0440,1,True,positioning_synthetic_v1,intermediaire,70,20,14,100,100,75,75,50,50,86,71,50
intermediaire_0440,2,True,positioning_synthetic_v1,intermediaire,85,20,17,100,100,100,75,50,100,100,71,83
intermediaire_0440,3,True,positioning_synthetic_v1,intermediaire,60,20,12,100,75,50,75,50,50,57,57,67
intermediaire_0440,4,True,positioning_synthetic_v1,intermediaire,50,20,10,100,50,50,25,75,50,86,57,0
intermediaire_0441,1,True,positioning_synthetic_v1,intermediaire,25,20,5,100,0,0,50,75,0,43,14,17
intermediaire_0441,2,True,positioning_synthetic_v1,intermediaire,60,20,12,100,50,50,75,50,75,57,57,67
intermediaire_0441,3,True,positioning_synthetic_v1,intermediaire,70,20,14,100,75,75,75,75,50,86,71,50
intermediaire_0441,4,True,positioning_synthetic_v1,intermediaire,35,20,7,100,25,50,50,25,25,43,29,33
intermediaire_0442,1,True,positioning_synthetic_v1,intermediaire,50,20,10,100,75,50,75,0,50,71,43,33
intermediaire_0442,2,True,positioning_synthetic_v1,intermediaire,60,20,12,100,75,50,50,50,75,100,57,17
intermediaire_0442,3,True,positioning_synthetic_v1,intermediaire,60,20,12,100,75,50,50,75,50,71,57,50
intermediaire_0442,4,True,positioning_synthetic_v1,intermediaire,40,20,8,100,50,25,25,50,50,57,43,17
intermediaire_0443,1,True,positioning_synthetic_v1,intermediaire,40,20,8,100,25,25,25,75,50,43,29,50
intermediaire_0443,2,True,positioning_synthetic_v1,intermediaire,60,20,12,100,0,100,75,50,75,43,71,67
intermediaire_0443,3,True,positioning_synthetic_v1,intermediaire,65,20,13,100,50,75,100,50,50,86,57,50
intermediaire_0443,4,True,positioning_synthetic_v1,intermediaire,75,20,15,100,75,100,50,50,100,86,71,67
intermediaire_0444,1,True,positioning_synthetic_v1,intermediaire,55,20,11,100,0,50,75,75,75,71,71,17
intermediaire_0444,2,True,positioning_synthetic_v1,intermediaire,55,20,11,100,75,100,100,0,0,71,29,67
intermediaire_0444,3,True,positioning_synthetic_v1,intermediaire,35,20,7,100,0,75,25,50,25,29,57,17
intermediaire_0444,4,True,positioning_synthetic_v1,intermediaire,70,20,14,100,75,25,75,75,100,100,71,33
intermediaire_0445,1,True,positioning_synthetic_v1,intermediaire,85,20,17,100,100,75,50,100,100,100,71,83
intermediaire_0445,2,True,positioning_synthetic_v1,intermediaire,75,20,15,100,100,50,50,75,100,100,57,67
intermediaire_0445,3,True,positioning_synthetic_v1,intermediaire,65,20,13,100,75,50,100,50,50,71,71,50
intermediaire_0445,4,True,positioning_synthetic_v1,intermediaire,60,20,12,100,75,100,25,50,50,71,71,33
intermediaire_0446,1,True,positioning_synthetic_v1,intermediaire,50,20,10,100,75,50,50,25,50,57,57,33
intermediaire_0446,2,True,positioning_synthetic_v1,intermediaire,45,20,9,100,75,75,0,25,50,57,29,50
intermediaire_0446,3,True,positioning_synthetic_v1,intermediaire,50,20,10,100,75,50,25,50,50,71,43,33
intermediaire_0446,4,True,positioning_synthetic_v1,intermediaire,45,20,9,100,50,25,75,25,50,86,29,17
intermediaire_0447,1,True,positioning_synthetic_v1,intermediaire,60,20,12,100,50,75,75,75,25,57,57,67
intermediaire_0447,2,True,positioning_synthetic_v1,intermediaire,55,20,11,100,75,25,25,75,75,86,57,17
intermediaire_0447,3,True,positioning_synthetic_v1,intermediaire,25,20,5,100,25,0,50,0,50,43,29,0
intermediaire_0447,4,True,positioning_synthetic_v1,intermediaire,35,20,7,100,25,75,0,75,0,43,29,33
intermediaire_0448,1,True,positioning_synthetic_v1,intermediaire,55,20,11,100,0,75,75,100,25,57,43,67
intermediaire_0448,2,True,positioning_synthetic_v1,intermediaire,45,20,9,100,75,75,0,25,50,71,43,17
intermediaire_0448,3,True,positioning_synthetic_v1,intermediaire,45,20,9,100,50,50,0,75,50,86,29,17
intermediaire_0448,4,True,positioning_synthetic_v1,intermediaire,55,20,11,100,25,25,75,50,100,71,71,17
intermediaire_0449,1,True,positioning_synthetic_v1,intermediaire,75,20,15,100,100,100,50,50,75,100,71,50
intermediaire_0449,2,True,positioning_synthetic_v1,intermediaire,60,20,12,100,100,50,25,50,75,71,57,50
intermediaire_0449,3,True,positioning_synthetic_v1,intermediaire,45,20,9,100,50,50,75,25,25,57,57,17
intermediaire_0449,4,True,positioning_synthetic_v1,intermediaire,45,20,9,100,25,75,25,50,50,57,57,17
intermediaire_0450,1,True,positioning_synthetic_v1,intermediaire,60,20,12,100,100,75,75,0,50,86,57,33
intermediaire_0450,2,True,positioning_synthetic_v1,intermediaire,55,20,11,100,75,50,50,25,75,71,71,17
intermediaire_0450,3,True,positioning_synthetic_v1,intermediaire,60,20,12,100,50,50,75,50,75,71,57,50
intermediaire_0450,4,True,positioning_synthetic_v1,intermediaire,65,20,13,100,75,50,75,50,75,100,71,17
intermediaire_0451,1,True,positioning_synthetic_v1,intermediaire,60,20,12,100,50,75,25,75,75,86,71,17
intermediaire_0451,2,True,positioning_synthetic_v1,intermediaire,90,20,18,100,100,75,100,100,75,100,86,83
intermediaire_0451,3,True,positioning_synthetic_v1,intermediaire,60,20,12,100,25,50,75,75,75,86,57,33
intermediaire_0451,4,True,positioning_synthetic_v1,intermediaire,85,20,17,100,75,75,100,75,100,100,100,50
intermediaire_0452,1,True,positioning_synthetic_v1,intermediaire,65,20,13,100,75,25,100,75,50,86,57,50
intermediaire_0452,2,True,positioning_synthetic_v1,intermediaire,55,20,11,100,25,100,25,50,75,71,29,67
intermediaire_0452,3,True,positioning_synthetic_v1,intermediaire,45,20,9,100,0,100,50,50,25,43,71,17
intermediaire_0452,4,True,positioning_synthetic_v1,intermediaire,30,20,6,100,50,25,0,75,0,29,57,0
intermediaire_0453,1,True,positioning_synthetic_v1,intermediaire,75,20,15,100,100,75,50,75,75,86,71,67
intermediaire_0453,2,True,positioning_synthetic_v1,intermediaire,60,20,12,100,75,25,50,50,100,100,57,17
intermediaire_0453,3,True,positioning_synthetic_v1,intermediaire,55,20,11,100,25,50,100,50,50,86,43,33
intermediaire_0453,4,True,positioning_synthetic_v1,intermediaire,55,20,11,100,50,75,50,50,50,57,57,50
intermediaire_0454,1,True,positioning_synthetic_v1,intermediaire,55,20,11,100,100,25,50,50,50,57,71,33
intermediaire_0454,2,True,positioning_synthetic_v1,intermediaire,85,20,17,100,100,100,50,100,75,86,100,67
intermediaire_0454,3,True,positioning_synthetic_v1,intermediaire,70,20,14,100,100,75,75,75,25,71,71,67
intermediaire_0454,4,True,positioning_synthetic_v1,intermediaire,65,20,13,100,50,75,75,50,75,71,71,50
intermediaire_0455,1,True,positioning_synthetic_v1,intermediaire,15,20,3,100,50,0,0,0,25,29,14,0
intermediaire_0455,2,True,positioning_synthetic_v1,intermediaire,10,20,2,100,25,25,0,0,0,14,14,0
intermediaire_0455,3,True,positioning_synthetic_v1,intermediaire,35,20,7,100,25,50,50,25,25,71,14,17
intermediaire_0455,4,True,positioning_synthetic_v1,intermediaire,25,20,5,100,25,25,25,25,25,57,14,0
intermediaire_0456,1,True,positioning_synthetic_v1,intermediaire,50,20,10,100,50,75,25,50,50,29,71,50
intermediaire_0456,2,True,positioning_synthetic_v1,intermediaire,45,20,9,100,25,25,50,25,100,57,29,50
intermediaire_0456,3,True,positioning_synthetic_v1,intermediaire,60,20,12,100,25,75,50,50,100,100,43,33
intermediaire_0456,4,True,positioning_synthetic_v1,intermediaire,30,20,6,100,0,25,50,25,50,43,29,17
intermediaire_0457,1,True,positioning_synthetic_v1,intermediaire,35,20,7,100,25,25,50,25,50,43,57,0
intermediaire_0457,2,True,positioning_synthetic_v1,intermediaire,50,20,10,100,100,0,75,25,50,71,29,50
intermediaire_0457,3,True,positioning_synthetic_v1,intermediaire,50,20,10,100,25,50,100,25,50,86,29,33
intermediaire_0457,4,True,positioning_synthetic_v1,intermediaire,20,20,4,100,0,50,0,0,50,29,14,17
intermediaire_0458,1,True,positioning_synthetic_v1,intermediaire,70,20,14,100,75,75,75,75,50,86,86,33
intermediaire_0458,2,True,positioning_synthetic_v1,intermediaire,45,20,9,100,50,75,25,50,25,86,29,17
intermediaire_0458,3,True,positioning_synthetic_v1,intermediaire,50,20,10,100,50,25,75,50,50,57,71,17
intermediaire_0458,4,True,positioning_synthetic_v1,intermediaire,50,20,10,100,50,25,75,50,50,71,29,50
intermediaire_0459,1,True,positioning_synthetic_v1,intermediaire,40,20,8,100,50,25,75,50,0,71,29,17
intermediaire_0459,2,True,positioning_synthetic_v1,intermediaire,40,20,8,100,50,75,0,25,50,71,29,17
intermediaire_0459,3,True,positioning_synthetic_v1,intermediaire,45,20,9,100,75,50,50,0,50,43,29,67
intermediaire_0459,4,True,positioning_synthetic_v1,intermediaire,55,20,11,100,50,75,50,50,50,57,57,50
intermediaire_0460,1,True,positioning_synthetic_v1,intermediaire,50,20,10,100,50,50,50,75,25,43,86,17
intermediaire_0460,2,True,positioning_synthetic_v1,intermediaire,50,20,10,100,100,0,75,25,50,86,43,17
intermediaire_0460,3,True,positioning_synthetic_v1,intermediaire,45,20,9,100,100,25,50,25,25,71,43,17
intermediaire_0460,4,True,positioning_synthetic_v1,intermediaire,35,20,7,100,50,50,50,0,25,57,43,0
intermediaire_0461,1,True,positioning_synthetic_v1,intermediaire,45,20,9,100,25,75,25,50,50,43,29,67
intermediaire_0461,2,True,positioning_synthetic_v1,intermediaire,35,20,7,100,75,50,0,25,25,57,29,17
intermediaire_0461,3,True,positioning_synthetic_v1,intermediaire,55,20,11,100,75,50,50,25,75,71,71,17
intermediaire_0461,4,True,positioning_synthetic_v1,intermediaire,55,20,11,100,75,50,25,50,75,86,43,33
intermediaire_0462,1,True,positioning_synthetic_v1,intermediaire,50,20,10,100,50,50,50,75,25,71,57,17
intermediaire_0462,2,True,positioning_synthetic_v1,intermediaire,25,20,5,100,25,25,50,25,0,29,14,33
intermediaire_0462,3,True,positioning_synthetic_v1,intermediaire,55,20,11,100,50,50,75,50,50,86,43,33
intermediaire_0462,4,True,positioning_synthetic_v1,intermediaire,45,20,9,100,50,25,25,75,50,57,57,17
intermediaire_0463,1,True,positioning_synthetic_v1,intermediaire,50,20,10,100,50,50,25,25,100,71,57,17
intermediaire_0463,2,True,positioning_synthetic_v1,intermediaire,40,20,8,100,25,25,75,25,50,71,29,17
intermediaire_0463,3,True,positioning_synthetic_v1,intermediaire,70,20,14,100,75,75,75,50,75,71,57,83
intermediaire_0463,4,True,positioning_synthetic_v1,intermediaire,55,20,11,100,50,50,75,50,50,43,86,33
intermediaire_0464,1,True,positioning_synthetic_v1,intermediaire,50,20,10,100,50,25,75,75,25,71,57,17
intermediaire_0464,2,True,positioning_synthetic_v1,intermediaire,40,20,8,100,25,25,50,25,75,29,43,50
intermediaire_0464,3,True,positioning_synthetic_v1,intermediaire,40,20,8,100,0,25,75,50,50,43,43,33
intermediaire_0464,4,True,positioning_synthetic_v1,intermediaire,40,20,8,100,50,25,75,0,50,57,14,50
intermediaire_0465,1,True,positioning_synthetic_v1,intermediaire,35,20,7,100,50,25,0,50,50,43,29,33
intermediaire_0465,2,True,positioning_synthetic_v1,intermediaire,70,20,14,100,50,50,100,75,75,86,71,50
intermediaire_0465,3,True,positioning_synthetic_v1,intermediaire,50,20,10,100,75,50,50,50,25,86,29,33
intermediaire_0465,4,True,positioning_synthetic_v1,intermediaire,35,20,7,100,50,0,75,25,25,57,29,17
intermediaire_0466,1,True,positioning_synthetic_v1,intermediaire,65,20,13,100,50,100,50,50,75,86,71,33
intermediaire_0466,2,True,positioning_synthetic_v1,intermediaire,50,20,10,100,75,75,25,25,50,86,29,33
intermediaire_0466,3,True,positioning_synthetic_v1,intermediaire,40,20,8,100,0,25,50,50,75,57,57,0
intermediaire_0466,4,True,positioning_synthetic_v1,intermediaire,80,20,16,100,75,75,100,50,100,86,57,100
intermediaire_0467,1,True,positioning_synthetic_v1,intermediaire,55,20,11,100,25,25,75,75,75,86,57,17
intermediaire_0467,2,True,positioning_synthetic_v1,intermediaire,25,20,5,100,0,25,0,25,75,43,29,0
intermediaire_0467,3,True,positioning_synthetic_v1,intermediaire,70,20,14,100,75,25,75,100,75,86,43,83
intermediaire_0467,4,True,positioning_synthetic_v1,intermediaire,35,20,7,100,50,25,50,0,50,57,14,33
intermediaire_0468,1,True,positioning_synthetic_v1,intermediaire,40,20,8,100,25,100,0,50,25,71,29,17
intermediaire_0468,2,True,positioning_synthetic_v1,intermediaire,35,20,7,100,25,50,50,25,25,57,29,17
intermediaire_0468,3,True,positioning_synthetic_v1,intermediaire,25,20,5,100,25,25,50,25,0,43,29,0
intermediaire_0468,4,True,positioning_synthetic_v1,intermediaire,30,20,6,100,25,25,75,25,0,57,29,0
intermediaire_0469,1,True,positioning_synthetic_v1,intermediaire,45,20,9,100,50,50,75,25,25,71,14,50
intermediaire_0469,2,True,positioning_synthetic_v1,intermediaire,65,20,13,100,75,75,25,50,100,71,71,50
intermediaire_0469,3,True,positioning_synthetic_v1,intermediaire,50,20,10,100,25,75,75,25,50,43,43,67
intermediaire_0469,4,True,positioning_synthetic_v1,intermediaire,65,20,13,100,50,75,75,75,50,86,43,67
intermediaire_0470,1,True,positioning_synthetic_v1,intermediaire,20,20,4,100,0,25,50,25,0,14,29,17
intermediaire_0470,2,True,positioning_synthetic_v1,intermediaire,35,20,7,100,75,25,25,50,0,43,43,17
intermediaire_0470,3,True,positioning_synthetic_v1,intermediaire,25,20,5,100,50,25,0,50,0,29,43,0
intermediaire_0470,4,True,positioning_synthetic_v1,intermediaire,35,20,7,100,0,50,50,25,50,29,43,33
intermediaire_0471,1,True,positioning_synthetic_v1,intermediaire,75,20,15,100,100,100,75,50,50,86,71,67
intermediaire_0471,2,True,positioning_synthetic_v1,intermediaire,45,20,9,100,0,50,75,75,25,57,29,50
intermediaire_0471,3,True,positioning_synthetic_v1,intermediaire,65,20,13,100,25,75,75,75,75,71,43,83
intermediaire_0471,4,True,positioning_synthetic_v1,intermediaire,45,20,9,100,50,25,75,25,50,86,29,17
intermediaire_0472,1,True,positioning_synthetic_v1,intermediaire,70,20,14,100,25,100,100,100,25,100,57,50
intermediaire_0472,2,True,positioning_synthetic_v1,intermediaire,75,20,15,100,75,75,75,100,50,71,86,67
intermediaire_0472,3,True,positioning_synthetic_v1,intermediaire,65,20,13,100,100,25,50,75,75,71,71,50
intermediaire_0472,4,True,positioning_synthetic_v1,intermediaire,75,20,15,100,75,75,75,75,75,86,100,33
intermediaire_0473,1,True,positioning_synthetic_v1,intermediaire,30,20,6,100,25,50,50,0,25,43,14,33
intermediaire_0473,2,True,positioning_synthetic_v1,intermediaire,55,20,11,100,75,50,0,100,50,71,43,50
intermediaire_0473,3,True,positioning_synthetic_v1,intermediaire,65,20,13,100,75,0,75,75,100,86,43,67
intermediaire_0473,4,True,positioning_synthetic_v1,intermediaire,75,20,15,100,100,75,75,50,75,86,100,33
intermediaire_0474,1,True,positioning_synthetic_v1,intermediaire,45,20,9,100,75,50,25,25,50,43,71,17
intermediaire_0474,2,True,positioning_synthetic_v1,intermediaire,55,20,11,100,75,50,75,25,50,71,71,17
intermediaire_0474,3,True,positioning_synthetic_v1,intermediaire,60,20,12,100,50,100,25,50,75,71,71,33
intermediaire_0474,4,True,positioning_synthetic_v1,intermediaire,40,20,8,100,100,25,25,25,25,71,29,17
intermediaire_0475,1,True,positioning_synthetic_v1,intermediaire,45,20,9,100,25,50,50,75,25,57,43,33
intermediaire_0475,2,True,positioning_synthetic_v1,intermediaire,40,20,8,100,50,0,25,75,50,43,57,17
intermediaire_0475,3,True,positioning_synthetic_v1,intermediaire,60,20,12,100,50,75,25,75,75,57,71,50
intermediaire_0475,4,True,positioning_synthetic_v1,intermediaire,45,20,9,100,50,50,0,100,25,57,29,50
intermediaire_0476,1,True,positioning_synthetic_v1,intermediaire,55,20,11,100,75,25,100,50,25,57,57,50
intermediaire_0476,2,True,positioning_synthetic_v1,intermediaire,45,20,9,100,25,75,50,25,50,57,57,17
intermediaire_0476,3,True,positioning_synthetic_v1,intermediaire,50,20,10,100,50,50,75,50,25,86,43,17
intermediaire_0476,4,True,positioning_synthetic_v1,intermediaire,55,20,11,100,75,50,50,100,0,86,29,50
intermediaire_0477,1,True,positioning_synthetic_v1,intermediaire,70,20,14,100,75,75,50,75,75,100,43,67
intermediaire_0477,2,True,positioning_synthetic_v1,intermediaire,50,20,10,100,50,75,25,50,50,71,57,17
intermediaire_0477,3,True,positioning_synthetic_v1,intermediaire,55,20,11,100,50,50,50,75,50,71,57,33
intermediaire_0477,4,True,positioning_synthetic_v1,intermediaire,60,20,12,100,50,50,25,100,75,71,71,33
intermediaire_0478,1,True,positioning_synthetic_v1,intermediaire,40,20,8,100,25,25,25,50,75,57,43,17
intermediaire_0478,2,True,positioning_synthetic_v1,intermediaire,50,20,10,100,50,75,25,25,75,71,43,33
intermediaire_0478,3,True,positioning_synthetic_v1,intermediaire,45,20,9,100,50,50,0,75,50,71,43,17
intermediaire_0478,4,True,positioning_synthetic_v1,intermediaire,55,20,11,100,50,50,75,50,50,57,57,50
intermediaire_0479,1,True,positioning_synthetic_v1,intermediaire,45,20,9,100,25,75,25,50,50,86,29,17
intermediaire_0479,2,True,positioning_synthetic_v1,intermediaire,55,20,11,100,25,75,75,25,75,86,71,0
intermediaire_0479,3,True,positioning_synthetic_v1,intermediaire,60,20,12,100,75,50,50,75,50,86,57,33
intermediaire_0479,4,True,positioning_synthetic_v1,intermediaire,70,20,14,100,75,75,50,75,75,100,71,33
intermediaire_0480,1,True,positioning_synthetic_v1,intermediaire,45,20,9,100,25,50,75,50,25,57,43,33
intermediaire_0480,2,True,positioning_synthetic_v1,intermediaire,65,20,13,100,25,75,75,50,100,86,57,50
intermediaire_0480,3,True,positioning_synthetic_v1,intermediaire,45,20,9,100,50,50,50,50,25,86,43,0
intermediaire_0480,4,True,positioning_synthetic_v1,intermediaire,50,20,10,100,50,75,50,75,0,71,57,17
intermediaire_0481,1,True,positioning_synthetic_v1,intermediaire,30,20,6,100,25,75,0,50,0,43,43,0
intermediaire_0481,2,True,positioning_synthetic_v1,intermediaire,50,20,10,100,50,50,75,25,50,86,29,33
intermediaire_0481,3,True,positioning_synthetic_v1,intermediaire,60,20,12,100,75,50,75,75,25,71,57,50
intermediaire_0481,4,True,positioning_synthetic_v1,intermediaire,50,20,10,100,75,50,50,50,25,71,57,17
intermediaire_0482,1,True,positioning_synthetic_v1,intermediaire,40,20,8,100,50,50,25,25,50,71,0,50
intermediaire_0482,2,True,positioning_synthetic_v1,intermediaire,45,20,9,100,50,50,25,50,50,57,57,17
intermediaire_0482,3,True,positioning_synthetic_v1,intermediaire,65,20,13,100,100,50,50,75,50,71,71,50
intermediaire_0482,4,True,positioning_synthetic_v1,intermediaire,50,20,10,100,50,25,50,75,50,43,71,33
intermediaire_0483,1,True,positioning_synthetic_v1,intermediaire,55,20,11,100,75,75,25,50,50,100,57,0
intermediaire_0483,2,True,positioning_synthetic_v1,intermediaire,40,20,8,100,100,0,50,0,50,43,43,33
intermediaire_0483,3,True,positioning_synthetic_v1,intermediaire,50,20,10,100,50,75,50,25,50,86,29,33
intermediaire_0483,4,True,positioning_synthetic_v1,intermediaire,45,20,9,100,50,25,25,50,75,57,57,17
intermediaire_0484,1,True,positioning_synthetic_v1,intermediaire,40,20,8,100,75,50,50,25,0,71,43,0
intermediaire_0484,2,True,positioning_synthetic_v1,intermediaire,60,20,12,100,50,50,75,50,75,71,71,33
intermediaire_0484,3,True,positioning_synthetic_v1,intermediaire,45,20,9,100,50,25,50,25,75,57,43,33
intermediaire_0484,4,True,positioning_synthetic_v1,intermediaire,55,20,11,100,50,50,50,50,75,71,57,33
intermediaire_0485,1,True,positioning_synthetic_v1,intermediaire,25,20,5,100,25,25,25,0,50,43,29,0
intermediaire_0485,2,True,positioning_synthetic_v1,intermediaire,30,20,6,100,25,25,25,0,75,43,0,50
intermediaire_0485,3,True,positioning_synthetic_v1,intermediaire,50,20,10,100,75,25,25,75,50,86,29,33
intermediaire_0485,4,True,positioning_synthetic_v1,intermediaire,40,20,8,100,75,50,0,50,25,71,14,33
intermediaire_0486,1,True,positioning_synthetic_v1,intermediaire,50,20,10,100,75,0,75,25,75,71,57,17
intermediaire_0486,2,True,positioning_synthetic_v1,intermediaire,65,20,13,100,75,75,100,25,50,57,100,33
intermediaire_0486,3,True,positioning_synthetic_v1,intermediaire,45,20,9,100,75,0,75,0,75,57,71,0
intermediaire_0486,4,True,positioning_synthetic_v1,intermediaire,45,20,9,100,50,25,50,50,50,57,43,33
intermediaire_0487,1,True,positioning_synthetic_v1,intermediaire,80,20,16,100,75,50,100,75,100,86,86,67
intermediaire_0487,2,True,positioning_synthetic_v1,intermediaire,65,20,13,100,75,50,75,75,50,57,71,67
intermediaire_0487,3,True,positioning_synthetic_v1,intermediaire,65,20,13,100,25,50,100,75,75,86,43,67
intermediaire_0487,4,True,positioning_synthetic_v1,intermediaire,70,20,14,100,50,75,75,50,100,71,71,67
intermediaire_0488,1,True,positioning_synthetic_v1,intermediaire,85,20,17,100,50,75,100,100,100,86,86,83
intermediaire_0488,2,True,positioning_synthetic_v1,intermediaire,55,20,11,100,50,25,50,50,100,71,43,50
intermediaire_0488,3,True,positioning_synthetic_v1,intermediaire,60,20,12,100,50,50,100,50,50,71,57,50
intermediaire_0488,4,True,positioning_synthetic_v1,intermediaire,70,20,14,100,50,25,75,100,100,71,71,67
intermediaire_0489,1,True,positioning_synthetic_v1,intermediaire,30,20,6,100,50,25,0,50,25,43,29,17
intermediaire_0489,2,True,positioning_synthetic_v1,intermediaire,45,20,9,100,25,50,50,50,50,71,57,0
intermediaire_0489,3,True,positioning_synthetic_v1,intermediaire,35,20,7,100,0,50,50,50,25,43,14,50
intermediaire_0489,4,True,positioning_synthetic_v1,intermediaire,55,20,11,100,50,50,75,25,75,71,71,17
intermediaire_0490,1,True,positioning_synthetic_v1,intermediaire,50,20,10,100,50,50,25,50,75,86,57,0
intermediaire_0490,2,True,positioning_synthetic_v1,intermediaire,55,20,11,100,50,75,50,50,50,57,57,50
intermediaire_0490,3,True,positioning_synthetic_v1,intermediaire,40,20,8,100,50,25,25,75,25,57,57,0
intermediaire_0490,4,True,positioning_synthetic_v1,intermediaire,60,20,12,100,50,50,50,75,75,71,57,50
intermediaire_0491,1,True,positioning_synthetic_v1,intermediaire,45,20,9,100,25,25,25,50,100,43,57,33
intermediaire_0491,2,True,positioning_synthetic_v1,intermediaire,65,20,13,100,25,75,75,100,50,71,86,33
intermediaire_0491,3,True,positioning_synthetic_v1,intermediaire,65,20,13,100,50,75,100,75,25,100,57,33
intermediaire_0491,4,True,positioning_synthetic_v1,intermediaire,55,20,11,100,100,50,75,25,25,43,71,50
intermediaire_0492,1,True,positioning_synthetic_v1,intermediaire,65,20,13,100,25,75,100,75,50,86,43,67
intermediaire_0492,2,True,positioning_synthetic_v1,intermediaire,65,20,13,100,75,75,100,50,25,57,86,50
intermediaire_0492,3,True,positioning_synthetic_v1,intermediaire,65,20,13,100,50,75,75,50,75,57,100,33
intermediaire_0492,4,True,positioning_synthetic_v1,intermediaire,60,20,12,100,75,50,75,50,50,100,43,33
intermediaire_0493,1,True,positioning_synthetic_v1,intermediaire,25,20,5,100,25,25,0,25,50,43,29,0
intermediaire_0493,2,True,positioning_synthetic_v1,intermediaire,35,20,7,100,25,25,0,75,50,43,29,33
intermediaire_0493,3,True,positioning_synthetic_v1,intermediaire,20,20,4,100,25,0,50,25,0,43,14,0
intermediaire_0493,4,True,positioning_synthetic_v1,intermediaire,40,20,8,100,75,0,25,75,25,57,29,33
intermediaire_0494,1,True,positioning_synthetic_v1,intermediaire,30,20,6,100,50,50,0,0,50,71,0,17
intermediaire_0494,2,True,positioning_synthetic_v1,intermediaire,40,20,8,100,25,25,50,75,25,57,14,50
intermediaire_0494,3,True,positioning_synthetic_v1,intermediaire,30,20,6,100,25,50,25,50,0,57,29,0
intermediaire_0494,4,True,positioning_synthetic_v1,intermediaire,60,20,12,100,25,50,75,100,50,86,43,50
intermediaire_0495,1,True,positioning_synthetic_v1,intermediaire,25,20,5,100,25,25,25,25,25,71,0,0
intermediaire_0495,2,True,positioning_synthetic_v1,intermediaire,55,20,11,100,75,50,50,25,75,71,71,17
intermediaire_0495,3,True,positioning_synthetic_v1,intermediaire,45,20,9,100,75,50,50,0,50,43,57,33
intermediaire_0495,4,True,positioning_synthetic_v1,intermediaire,60,20,12,100,75,50,50,50,75,71,57,50
intermediaire_0496,1,True,positioning_synthetic_v1,intermediaire,40,20,8,100,50,25,50,0,75,57,43,17
intermediaire_0496,2,True,positioning_synthetic_v1,intermediaire,55,20,11,100,50,50,50,50,75,86,43,33
intermediaire_0496,3,True,positioning_synthetic_v1,intermediaire,65,20,13,100,75,50,100,50,50,71,57,67
intermediaire_0496,4,True,positioning_synthetic_v1,intermediaire,45,20,9,100,50,75,50,25,25,57,71,0
intermediaire_0497,1,True,positioning_synthetic_v1,intermediaire,50,20,10,100,75,25,75,50,25,100,43,0
intermediaire_0497,2,True,positioning_synthetic_v1,intermediaire,40,20,8,100,50,25,25,75,25,71,14,33
intermediaire_0497,3,True,positioning_synthetic_v1,intermediaire,55,20,11,100,100,25,50,75,25,57,71,33
intermediaire_0497,4,True,positioning_synthetic_v1,intermediaire,75,20,15,100,75,50,100,50,100,86,71,67
intermediaire_0498,1,True,positioning_synthetic_v1,intermediaire,60,20,12,100,25,75,50,75,75,71,86,17
intermediaire_0498,2,True,positioning_synthetic_v1,intermediaire,75,20,15,100,100,75,50,50,100,100,86,33
intermediaire_0498,3,True,positioning_synthetic_v1,intermediaire,70,20,14,100,75,50,75,50,100,100,57,50
intermediaire_0498,4,True,positioning_synthetic_v1,intermediaire,70,20,14,100,75,75,50,100,50,100,57,50
intermediaire_0499,1,True,positioning_synthetic_v1,intermediaire,75,20,15,100,100,75,50,100,50,100,43,83
intermediaire_0499,2,True,positioning_synthetic_v1,intermediaire,35,20,7,100,25,50,50,0,50,43,43,17
intermediaire_0499,3,True,positioning_synthetic_v1,intermediaire,45,20,9,100,25,75,25,25,75,86,14,33
intermediaire_0499,4,True,positioning_synthetic_v1,intermediaire,50,20,10,100,0,50,75,75,50,71,43,33
intermediaire_0500,1,True,positioning_synthetic_v1,intermediaire,50,20,10,100,50,50,75,50,25,57,43,50
intermediaire_0500,2,True,positioning_synthetic_v1,intermediaire,55,20,11,100,75,50,50,50,50,71,43,50
intermediaire_0500,3,True,positioning_synthetic_v1,intermediaire,35,20,7,100,0,25,25,50,75,43,43,17
intermediaire_0500,4,True,positioning_synthetic_v1,intermediaire,45,20,9,100,75,25,75,0,50,57,71,0
avance_0001,1,True,positioning_synthetic_v1,avance,60,20,12,100,50,75,75,50,50,86,14,83
avance_0001,2,True,positioning_synthetic_v1,avance,65,20,13,100,25,100,25,75,100,71,43,83
avance_0001,3,True,positioning_synthetic_v1,avance,70,20,14,100,75,50,100,25,100,86,43,83
avance_0001,4,True,positioning_synthetic_v1,avance,75,20,15,100,50,75,100,100,50,86,86,50
avance_0002,1,True,positioning_synthetic_v1,avance,85,20,17,100,75,100,100,75,75,100,86,67
avance_0002,2,True,positioning_synthetic_v1,avance,60,20,12,100,75,50,75,50,50,100,71,0
avance_0002,3,True,positioning_synthetic_v1,avance,80,20,16,100,25,75,100,100,100,86,86,67
avance_0002,4,True,positioning_synthetic_v1,avance,90,20,18,100,100,100,100,100,50,100,71,100
avance_0003,1,True,positioning_synthetic_v1,avance,85,20,17,100,75,100,75,75,100,86,100,67
avance_0003,2,True,positioning_synthetic_v1,avance,70,20,14,100,25,75,100,75,75,100,86,17
avance_0003,3,True,positioning_synthetic_v1,avance,90,20,18,100,100,75,100,100,75,86,100,83
avance_0003,4,True,positioning_synthetic_v1,avance,100,20,20,100,100,100,100,100,100,100,100,100
avance_0004,1,True,positioning_synthetic_v1,avance,50,20,10,100,25,50,75,25,75,71,43,33
avance_0004,2,True,positioning_synthetic_v1,avance,75,20,15,100,50,75,50,100,100,86,57,83
avance_0004,3,True,positioning_synthetic_v1,avance,60,20,12,100,50,25,75,50,100,71,29,83
avance_0004,4,True,positioning_synthetic_v1,avance,70,20,14,100,50,100,50,50,100,71,71,67
avance_0005,1,True,positioning_synthetic_v1,avance,100,20,20,100,100,100,100,100,100,100,100,100
avance_0005,2,True,positioning_synthetic_v1,avance,60,20,12,100,50,75,50,25,100,100,57,17
avance_0005,3,True,positioning_synthetic_v1,avance,75,20,15,100,100,25,75,75,100,86,86,50
avance_0005,4,True,positioning_synthetic_v1,avance,80,20,16,100,100,75,50,100,75,86,86,67
avance_0006,1,True,positioning_synthetic_v1,avance,80,20,16,100,100,100,75,50,75,86,86,67
avance_0006,2,True,positioning_synthetic_v1,avance,65,20,13,100,75,50,75,75,50,57,57,83
avance_0006,3,True,positioning_synthetic_v1,avance,75,20,15,100,100,50,75,50,100,86,86,50
avance_0006,4,True,positioning_synthetic_v1,avance,80,20,16,100,75,75,100,75,75,100,86,50
avance_0007,1,True,positioning_synthetic_v1,avance,70,20,14,100,25,75,75,75,100,86,86,33
avance_0007,2,True,positioning_synthetic_v1,avance,65,20,13,100,100,75,75,0,75,71,71,50
avance_0007,3,True,positioning_synthetic_v1,avance,55,20,11,100,50,100,50,25,50,86,29,50
avance_0007,4,True,positioning_synthetic_v1,avance,75,20,15,100,100,75,75,25,100,100,71,50
avance_0008,1,True,positioning_synthetic_v1,avance,80,20,16,100,75,100,100,50,75,86,86,67
avance_0008,2,True,positioning_synthetic_v1,avance,55,20,11,100,75,75,75,25,25,71,43,50
avance_0008,3,True,positioning_synthetic_v1,avance,65,20,13,100,75,75,100,0,75,71,71,50
avance_0008,4,True,positioning_synthetic_v1,avance,40,20,8,100,25,50,25,25,75,57,43,17
avance_0009,1,True,positioning_synthetic_v1,avance,85,20,17,100,75,100,75,100,75,100,71,83
avance_0009,2,True,positioning_synthetic_v1,avance,90,20,18,100,100,100,75,100,75,86,86,100
avance_0009,3,True,positioning_synthetic_v1,avance,80,20,16,100,75,100,75,75,75,100,57,83
avance_0009,4,True,positioning_synthetic_v1,avance,95,20,19,100,75,100,100,100,100,100,100,83
avance_0010,1,True,positioning_synthetic_v1,avance,70,20,14,100,75,75,100,50,50,71,57,83
avance_0010,2,True,positioning_synthetic_v1,avance,80,20,16,100,75,100,50,75,100,100,86,50
avance_0010,3,True,positioning_synthetic_v1,avance,85,20,17,100,100,100,50,100,75,86,86,83
avance_0010,4,True,positioning_synthetic_v1,avance,70,20,14,100,75,75,75,75,50,86,86,33
avance_0011,1,True,positioning_synthetic_v1,avance,90,20,18,100,100,100,50,100,100,86,100,83
avance_0011,2,True,positioning_synthetic_v1,avance,90,20,18,100,75,100,100,75,100,100,100,67
avance_0011,3,True,positioning_synthetic_v1,avance,85,20,17,100,100,100,75,75,75,100,71,83
avance_0011,4,True,positioning_synthetic_v1,avance,85,20,17,100,50,100,75,100,100,100,86,67
avance_0012,1,True,positioning_synthetic_v1,avance,75,20,15,100,75,100,75,75,50,86,86,50
avance_0012,2,True,positioning_synthetic_v1,avance,95,20,19,100,100,75,100,100,100,100,100,83
avance_0012,3,True,positioning_synthetic_v1,avance,75,20,15,100,100,100,75,25,75,100,71,50
avance_0012,4,True,positioning_synthetic_v1,avance,75,20,15,100,100,75,75,75,50,100,71,50
avance_0013,1,True,positioning_synthetic_v1,avance,85,20,17,100,100,100,100,50,75,86,100,67
avance_0013,2,True,positioning_synthetic_v1,avance,65,20,13,100,75,100,75,25,50,86,29,83
avance_0013,3,True,positioning_synthetic_v1,avance,80,20,16,100,75,100,75,75,75,100,100,33
avance_0013,4,True,positioning_synthetic_v1,avance,65,20,13,100,100,75,50,50,50,86,57,50
avance_0014,1,True,positioning_synthetic_v1,avance,85,20,17,100,100,75,100,75,75,86,86,83
avance_0014,2,True,positioning_synthetic_v1,avance,65,20,13,100,50,75,75,50,75,100,71,17
avance_0014,3,True,positioning_synthetic_v1,avance,65,20,13,100,75,75,100,50,25,71,57,67
avance_0014,4,True,positioning_synthetic_v1,avance,75,20,15,100,75,100,50,75,75,100,71,50
avance_0015,1,True,positioning_synthetic_v1,avance,80,20,16,100,100,75,75,75,75,100,71,67
avance_0015,2,True,positioning_synthetic_v1,avance,75,20,15,100,50,100,50,75,100,86,86,50
avance_0015,3,True,positioning_synthetic_v1,avance,90,20,18,100,100,100,100,50,100,86,86,100
avance_0015,4,True,positioning_synthetic_v1,avance,65,20,13,100,75,50,75,75,50,100,57,33
avance_0016,1,True,positioning_synthetic_v1,avance,85,20,17,100,100,75,50,100,100,86,86,83
avance_0016,2,True,positioning_synthetic_v1,avance,85,20,17,100,75,100,100,100,50,86,86,83
avance_0016,3,True,positioning_synthetic_v1,avance,80,20,16,100,75,100,75,75,75,100,86,50
avance_0016,4,True,positioning_synthetic_v1,avance,75,20,15,100,100,75,75,50,75,86,86,50
avance_0017,1,True,positioning_synthetic_v1,avance,50,20,10,100,25,50,50,75,50,29,71,50
avance_0017,2,True,positioning_synthetic_v1,avance,75,20,15,100,75,75,75,50,100,57,86,83
avance_0017,3,True,positioning_synthetic_v1,avance,90,20,18,100,100,100,100,75,75,100,86,83
avance_0017,4,True,positioning_synthetic_v1,avance,70,20,14,100,75,50,100,75,50,86,57,67
avance_0018,1,True,positioning_synthetic_v1,avance,85,20,17,100,100,75,100,75,75,100,71,83
avance_0018,2,True,positioning_synthetic_v1,avance,85,20,17,100,100,100,100,50,75,86,100,67
avance_0018,3,True,positioning_synthetic_v1,avance,90,20,18,100,100,100,75,75,100,100,86,83
avance_0018,4,True,positioning_synthetic_v1,avance,75,20,15,100,50,75,75,75,100,100,57,67
avance_0019,1,True,positioning_synthetic_v1,avance,65,20,13,100,75,50,100,75,25,100,43,50
avance_0019,2,True,positioning_synthetic_v1,avance,75,20,15,100,75,50,100,75,75,100,71,50
avance_0019,3,True,positioning_synthetic_v1,avance,65,20,13,100,75,75,25,100,50,86,43,67
avance_0019,4,True,positioning_synthetic_v1,avance,85,20,17,100,100,75,100,75,75,86,100,67
avance_0020,1,True,positioning_synthetic_v1,avance,65,20,13,100,75,50,75,75,50,71,71,50
avance_0020,2,True,positioning_synthetic_v1,avance,70,20,14,100,75,75,75,25,100,71,71,67
avance_0020,3,True,positioning_synthetic_v1,avance,75,20,15,100,75,75,75,100,50,86,71,67
avance_0020,4,True,positioning_synthetic_v1,avance,65,20,13,100,75,25,75,50,100,71,86,33
avance_0021,1,True,positioning_synthetic_v1,avance,80,20,16,100,75,100,75,100,50,86,86,67
avance_0021,2,True,positioning_synthetic_v1,avance,70,20,14,100,25,100,75,75,75,71,71,67
avance_0021,3,True,positioning_synthetic_v1,avance,75,20,15,100,50,50,100,100,75,86,71,67
avance_0021,4,True,positioning_synthetic_v1,avance,55,20,11,100,50,75,25,50,75,100,57,0
avance_0022,1,True,positioning_synthetic_v1,avance,75,20,15,100,75,50,75,75,100,71,71,83
avance_0022,2,True,positioning_synthetic_v1,avance,100,20,20,100,100,100,100,100,100,100,100,100
avance_0022,3,True,positioning_synthetic_v1,avance,90,20,18,100,75,100,100,75,100,86,100,83
avance_0022,4,True,positioning_synthetic_v1,avance,75,20,15,100,50,100,100,25,100,100,57,67
avance_0023,1,True,positioning_synthetic_v1,avance,75,20,15,100,50,100,75,100,50,86,71,67
avance_0023,2,True,positioning_synthetic_v1,avance,80,20,16,100,75,100,75,100,50,100,71,67
avance_0023,3,True,positioning_synthetic_v1,avance,70,20,14,100,75,100,50,50,75,100,71,33
avance_0023,4,True,positioning_synthetic_v1,avance,70,20,14,100,75,25,100,50,100,71,43,100
avance_0024,1,True,positioning_synthetic_v1,avance,90,20,18,100,100,100,75,75,100,100,86,83
avance_0024,2,True,positioning_synthetic_v1,avance,70,20,14,100,75,50,50,100,75,86,86,33
avance_0024,3,True,positioning_synthetic_v1,avance,90,20,18,100,100,75,75,100,100,100,100,67
avance_0024,4,True,positioning_synthetic_v1,avance,85,20,17,100,75,75,100,100,75,100,86,67
avance_0025,1,True,positioning_synthetic_v1,avance,75,20,15,100,100,50,100,75,50,100,57,67
avance_0025,2,True,positioning_synthetic_v1,avance,75,20,15,100,50,75,100,75,75,86,86,50
avance_0025,3,True,positioning_synthetic_v1,avance,75,20,15,100,75,50,75,100,75,100,57,67
avance_0025,4,True,positioning_synthetic_v1,avance,90,20,18,100,75,75,100,100,100,86,86,100
avance_0026,1,True,positioning_synthetic_v1,avance,55,20,11,100,75,25,50,75,50,86,57,17
avance_0026,2,True,positioning_synthetic_v1,avance,85,20,17,100,75,100,75,100,75,100,100,50
avance_0026,3,True,positioning_synthetic_v1,avance,80,20,16,100,50,100,100,50,100,86,86,67
avance_0026,4,True,positioning_synthetic_v1,avance,70,20,14,100,25,100,75,50,100,71,71,67
avance_0027,1,True,positioning_synthetic_v1,avance,85,20,17,100,50,100,75,100,100,100,100,50
avance_0027,2,True,positioning_synthetic_v1,avance,95,20,19,100,100,100,100,100,75,86,100,100
avance_0027,3,True,positioning_synthetic_v1,avance,80,20,16,100,75,75,100,75,75,86,71,83
avance_0027,4,True,positioning_synthetic_v1,avance,80,20,16,100,100,100,75,75,50,100,71,67
avance_0028,1,True,positioning_synthetic_v1,avance,85,20,17,100,100,100,75,75,75,100,71,83
avance_0028,2,True,positioning_synthetic_v1,avance,85,20,17,100,75,75,100,75,100,100,86,67
avance_0028,3,True,positioning_synthetic_v1,avance,85,20,17,100,100,75,100,100,50,86,100,67
avance_0028,4,True,positioning_synthetic_v1,avance,85,20,17,100,75,75,100,100,75,100,86,67
avance_0029,1,True,positioning_synthetic_v1,avance,85,20,17,100,75,100,100,75,75,71,100,83
avance_0029,2,True,positioning_synthetic_v1,avance,80,20,16,100,100,75,100,50,75,71,100,67
avance_0029,3,True,positioning_synthetic_v1,avance,90,20,18,100,100,75,100,100,75,86,100,83
avance_0029,4,True,positioning_synthetic_v1,avance,90,20,18,100,100,100,75,100,75,100,100,67
avance_0030,1,True,positioning_synthetic_v1,avance,65,20,13,100,75,75,75,50,50,86,71,33
avance_0030,2,True,positioning_synthetic_v1,avance,65,20,13,100,50,50,75,75,75,100,43,50
avance_0030,3,True,positioning_synthetic_v1,avance,70,20,14,100,75,25,75,75,100,100,43,67
avance_0030,4,True,positioning_synthetic_v1,avance,70,20,14,100,100,75,25,50,100,86,57,67
avance_0031,1,True,positioning_synthetic_v1,avance,90,20,18,100,75,100,100,100,75,100,100,67
avance_0031,2,True,positioning_synthetic_v1,avance,90,20,18,100,100,100,100,75,75,100,86,83
avance_0031,3,True,positioning_synthetic_v1,avance,50,20,10,100,75,50,50,50,25,71,71,0
avance_0031,4,True,positioning_synthetic_v1,avance,80,20,16,100,75,100,100,50,75,100,71,67
avance_0032,1,True,positioning_synthetic_v1,avance,50,20,10,100,25,75,0,75,75,43,57,50
avance_0032,2,True,positioning_synthetic_v1,avance,60,20,12,100,75,50,25,50,100,86,57,33
avance_0032,3,True,positioning_synthetic_v1,avance,75,20,15,100,100,75,100,25,75,86,86,50
avance_0032,4,True,positioning_synthetic_v1,avance,65,20,13,100,100,75,50,50,50,86,71,33
avance_0033,1,True,positioning_synthetic_v1,avance,85,20,17,100,75,75,100,100,75,100,71,83
avance_0033,2,True,positioning_synthetic_v1,avance,65,20,13,100,50,75,50,75,75,100,57,33
avance_0033,3,True,positioning_synthetic_v1,avance,95,20,19,100,100,100,75,100,100,100,100,83
avance_0033,4,True,positioning_synthetic_v1,avance,85,20,17,100,75,100,75,100,75,86,86,83
avance_0034,1,True,positioning_synthetic_v1,avance,65,20,13,100,75,25,75,75,75,86,71,33
avance_0034,2,True,positioning_synthetic_v1,avance,50,20,10,100,25,75,0,100,50,86,29,33
avance_0034,3,True,positioning_synthetic_v1,avance,90,20,18,100,100,50,100,100,100,100,86,83
avance_0034,4,True,positioning_synthetic_v1,avance,80,20,16,100,75,75,75,100,75,86,86,67
avance_0035,1,True,positioning_synthetic_v1,avance,80,20,16,100,75,75,75,75,100,100,71,67
avance_0035,2,True,positioning_synthetic_v1,avance,85,20,17,100,100,75,100,100,50,100,71,83
avance_0035,3,True,positioning_synthetic_v1,avance,80,20,16,100,75,100,100,100,25,86,71,83
avance_0035,4,True,positioning_synthetic_v1,avance,80,20,16,100,50,75,75,100,100,100,86,50
avance_0036,1,True,positioning_synthetic_v1,avance,95,20,19,100,100,100,75,100,100,100,100,83
avance_0036,2,True,positioning_synthetic_v1,avance,95,20,19,100,100,100,100,75,100,100,100,83
avance_0036,3,True,positioning_synthetic_v1,avance,80,20,16,100,75,50,100,75,100,100,71,67
avance_0036,4,True,positioning_synthetic_v1,avance,75,20,15,100,50,100,50,75,100,86,71,67
avance_0037,1,True,positioning_synthetic_v1,avance,80,20,16,100,100,100,75,100,25,86,86,67
avance_0037,2,True,positioning_synthetic_v1,avance,85,20,17,100,75,100,75,75,100,100,86,67
avance_0037,3,True,positioning_synthetic_v1,avance,85,20,17,100,75,100,75,100,75,86,100,67
avance_0037,4,True,positioning_synthetic_v1,avance,90,20,18,100,75,75,100,100,100,100,86,83
avance_0038,1,True,positioning_synthetic_v1,avance,75,20,15,100,75,75,100,75,50,86,86,50
avance_0038,2,True,positioning_synthetic_v1,avance,75,20,15,100,75,100,75,50,75,100,86,33
avance_0038,3,True,positioning_synthetic_v1,avance,80,20,16,100,50,75,100,100,75,86,86,67
avance_0038,4,True,positioning_synthetic_v1,avance,85,20,17,100,75,75,75,100,100,86,86,83
avance_0039,1,True,positioning_synthetic_v1,avance,75,20,15,100,100,75,75,50,75,86,86,50
avance_0039,2,True,positioning_synthetic_v1,avance,90,20,18,100,100,100,100,75,75,86,100,83
avance_0039,3,True,positioning_synthetic_v1,avance,65,20,13,100,75,25,50,100,75,100,57,33
avance_0039,4,True,positioning_synthetic_v1,avance,80,20,16,100,75,75,75,100,75,100,100,33
avance_0040,1,True,positioning_synthetic_v1,avance,80,20,16,100,75,50,100,75,100,86,71,83
avance_0040,2,True,positioning_synthetic_v1,avance,75,20,15,100,100,50,75,100,50,71,86,67
avance_0040,3,True,positioning_synthetic_v1,avance,70,20,14,100,75,100,50,25,100,86,71,50
avance_0040,4,True,positioning_synthetic_v1,avance,70,20,14,100,75,75,75,75,50,71,86,50
avance_0041,1,True,positioning_synthetic_v1,avance,80,20,16,100,100,50,75,75,100,100,71,67
avance_0041,2,True,positioning_synthetic_v1,avance,70,20,14,100,100,50,25,100,75,100,57,50
avance_0041,3,True,positioning_synthetic_v1,avance,70,20,14,100,75,50,100,50,75,86,71,50
avance_0041,4,True,positioning_synthetic_v1,avance,55,20,11,100,50,25,75,75,50,86,43,33
avance_0042,1,True,positioning_synthetic_v1,avance,90,20,18,100,100,100,100,75,75,100,86,83
avance_0042,2,True,positioning_synthetic_v1,avance,55,20,11,100,75,25,75,75,25,57,57,50
avance_0042,3,True,positioning_synthetic_v1,avance,70,20,14,100,75,75,75,75,50,100,100,0
avance_0042,4,True,positioning_synthetic_v1,avance,85,20,17,100,100,75,100,75,75,100,71,83
avance_0043,1,True,positioning_synthetic_v1,avance,80,20,16,100,100,50,75,75,100,100,71,67
avance_0043,2,True,positioning_synthetic_v1,avance,70,20,14,100,100,50,50,75,75,86,71,50
avance_0043,3,True,positioning_synthetic_v1,avance,70,20,14,100,100,75,50,75,50,71,71,67
avance_0043,4,True,positioning_synthetic_v1,avance,65,20,13,100,50,75,100,0,100,57,71,67
avance_0044,1,True,positioning_synthetic_v1,avance,70,20,14,100,50,75,75,75,75,86,71,50
avance_0044,2,True,positioning_synthetic_v1,avance,75,20,15,100,75,75,75,50,100,86,86,50
avance_0044,3,True,positioning_synthetic_v1,avance,65,20,13,100,100,25,75,75,50,71,86,33
avance_0044,4,True,positioning_synthetic_v1,avance,45,20,9,100,50,75,75,0,25,57,29,50
avance_0045,1,True,positioning_synthetic_v1,avance,80,20,16,100,75,75,100,75,75,100,100,33
avance_0045,2,True,positioning_synthetic_v1,avance,80,20,16,100,75,75,100,50,100,86,71,83
avance_0045,3,True,positioning_synthetic_v1,avance,75,20,15,100,75,75,75,75,75,100,71,50
avance_0045,4,True,positioning_synthetic_v1,avance,60,20,12,100,75,75,75,0,75,86,43,50
avance_0046,1,True,positioning_synthetic_v1,avance,45,20,9,100,0,50,100,50,25,71,29,33
avance_0046,2,True,positioning_synthetic_v1,avance,75,20,15,100,50,100,100,50,75,100,71,50
avance_0046,3,True,positioning_synthetic_v1,avance,85,20,17,100,75,100,75,75,100,100,86,67
avance_0046,4,True,positioning_synthetic_v1,avance,65,20,13,100,75,50,75,50,75,71,57,67
avance_0047,1,True,positioning_synthetic_v1,avance,75,20,15,100,75,75,100,100,25,86,100,33
avance_0047,2,True,positioning_synthetic_v1,avance,85,20,17,100,75,75,100,75,100,100,86,67
avance_0047,3,True,positioning_synthetic_v1,avance,70,20,14,100,50,75,50,100,75,100,71,33
avance_0047,4,True,positioning_synthetic_v1,avance,75,20,15,100,50,50,75,100,100,86,86,50
avance_0048,1,True,positioning_synthetic_v1,avance,60,20,12,100,75,50,50,50,75,86,43,50
avance_0048,2,True,positioning_synthetic_v1,avance,75,20,15,100,50,75,75,100,75,100,86,33
avance_0048,3,True,positioning_synthetic_v1,avance,75,20,15,100,75,100,75,75,50,86,71,67
avance_0048,4,True,positioning_synthetic_v1,avance,90,20,18,100,100,100,75,100,75,100,86,83
avance_0049,1,True,positioning_synthetic_v1,avance,65,20,13,100,75,25,75,75,75,86,71,33
avance_0049,2,True,positioning_synthetic_v1,avance,75,20,15,100,50,75,75,75,100,86,100,33
avance_0049,3,True,positioning_synthetic_v1,avance,75,20,15,100,100,100,75,25,75,86,100,33
avance_0049,4,True,positioning_synthetic_v1,avance,70,20,14,100,50,100,75,25,100,71,71,67
avance_0050,1,True,positioning_synthetic_v1,avance,90,20,18,100,100,50,100,100,100,100,86,83
avance_0050,2,True,positioning_synthetic_v1,avance,85,20,17,100,50,100,100,75,100,100,71,83
avance_0050,3,True,positioning_synthetic_v1,avance,65,20,13,100,100,25,50,100,50,86,57,50
avance_0050,4,True,positioning_synthetic_v1,avance,80,20,16,100,75,75,75,75,100,86,100,50
avance_0051,1,True,positioning_synthetic_v1,avance,70,20,14,100,100,75,75,50,50,86,86,33
avance_0051,2,True,positioning_synthetic_v1,avance,75,20,15,100,75,100,50,75,75,100,57,67
avance_0051,3,True,positioning_synthetic_v1,avance,85,20,17,100,100,100,75,75,75,86,86,83
avance_0051,4,True,positioning_synthetic_v1,avance,70,20,14,100,75,100,50,50,75,86,71,50
avance_0052,1,True,positioning_synthetic_v1,avance,80,20,16,100,50,75,75,100,100,100,86,50
avance_0052,2,True,positioning_synthetic_v1,avance,80,20,16,100,100,100,50,100,50,71,86,83
avance_0052,3,True,positioning_synthetic_v1,avance,80,20,16,100,100,100,25,100,75,100,71,67
avance_0052,4,True,positioning_synthetic_v1,avance,85,20,17,100,100,75,75,75,100,86,100,67
avance_0053,1,True,positioning_synthetic_v1,avance,95,20,19,100,100,100,75,100,100,100,86,100
avance_0053,2,True,positioning_synthetic_v1,avance,90,20,18,100,100,75,75,100,100,100,100,67
avance_0053,3,True,positioning_synthetic_v1,avance,80,20,16,100,100,100,100,50,50,71,71,100
avance_0053,4,True,positioning_synthetic_v1,avance,80,20,16,100,75,100,50,75,100,86,100,50
avance_0054,1,True,positioning_synthetic_v1,avance,75,20,15,100,50,100,100,75,50,86,71,67
avance_0054,2,True,positioning_synthetic_v1,avance,70,20,14,100,100,50,75,50,75,100,57,50
avance_0054,3,True,positioning_synthetic_v1,avance,65,20,13,100,75,50,75,75,50,71,57,67
avance_0054,4,True,positioning_synthetic_v1,avance,80,20,16,100,75,100,75,50,100,86,71,83
avance_0055,1,True,positioning_synthetic_v1,avance,90,20,18,100,75,100,100,75,100,100,86,83
avance_0055,2,True,positioning_synthetic_v1,avance,85,20,17,100,100,50,75,100,100,100,100,50
avance_0055,3,True,positioning_synthetic_v1,avance,85,20,17,100,100,100,75,75,75,100,86,67
avance_0055,4,True,positioning_synthetic_v1,avance,90,20,18,100,100,100,100,75,75,100,71,100
avance_0056,1,True,positioning_synthetic_v1,avance,65,20,13,100,75,75,50,75,50,71,71,50
avance_0056,2,True,positioning_synthetic_v1,avance,65,20,13,100,50,100,25,50,100,86,71,33
avance_0056,3,True,positioning_synthetic_v1,avance,65,20,13,100,75,50,75,25,100,43,71,83
avance_0056,4,True,positioning_synthetic_v1,avance,75,20,15,100,75,100,50,50,100,71,71,83
avance_0057,1,True,positioning_synthetic_v1,avance,75,20,15,100,75,75,75,75,75,86,86,50
avance_0057,2,True,positioning_synthetic_v1,avance,85,20,17,100,75,100,75,100,75,100,71,83
avance_0057,3,True,positioning_synthetic_v1,avance,85,20,17,100,75,75,100,100,75,86,100,67
avance_0057,4,True,positioning_synthetic_v1,avance,90,20,18,100,75,75,100,100,100,86,100,83
avance_0058,1,True,positioning_synthetic_v1,avance,80,20,16,100,75,75,50,100,100,100,71,67
avance_0058,2,True,positioning_synthetic_v1,avance,85,20,17,100,100,100,75,75,75,100,71,83
avance_0058,3,True,positioning_synthetic_v1,avance,70,20,14,100,100,75,50,75,50,71,71,67
avance_0058,4,True,positioning_synthetic_v1,avance,75,20,15,100,75,100,75,50,75,86,71,67
avance_0059,1,True,positioning_synthetic_v1,avance,85,20,17,100,75,100,75,75,100,100,57,100
avance_0059,2,True,positioning_synthetic_v1,avance,80,20,16,100,50,75,100,100,75,86,100,50
avance_0059,3,True,positioning_synthetic_v1,avance,80,20,16,100,75,100,50,100,75,86,71,83
avance_0059,4,True,positioning_synthetic_v1,avance,80,20,16,100,100,50,100,50,100,86,86,67
avance_0060,1,True,positioning_synthetic_v1,avance,80,20,16,100,75,100,75,50,100,86,100,50
avance_0060,2,True,positioning_synthetic_v1,avance,70,20,14,100,75,75,50,75,75,100,71,33
avance_0060,3,True,positioning_synthetic_v1,avance,55,20,11,100,75,25,50,50,75,100,43,17
avance_0060,4,True,positioning_synthetic_v1,avance,80,20,16,100,75,100,50,75,100,100,71,67
avance_0061,1,True,positioning_synthetic_v1,avance,70,20,14,100,50,25,75,100,100,71,71,67
avance_0061,2,True,positioning_synthetic_v1,avance,75,20,15,100,75,75,50,100,75,71,100,50
avance_0061,3,True,positioning_synthetic_v1,avance,80,20,16,100,75,75,75,75,100,71,86,83
avance_0061,4,True,positioning_synthetic_v1,avance,80,20,16,100,100,75,75,50,100,86,86,67
avance_0062,1,True,positioning_synthetic_v1,avance,85,20,17,100,100,100,75,75,75,100,71,83
avance_0062,2,True,positioning_synthetic_v1,avance,80,20,16,100,100,75,75,100,50,86,100,50
avance_0062,3,True,positioning_synthetic_v1,avance,80,20,16,100,50,75,100,75,100,86,86,67
avance_0062,4,True,positioning_synthetic_v1,avance,70,20,14,100,100,25,75,75,75,100,71,33
avance_0063,1,True,positioning_synthetic_v1,avance,85,20,17,100,100,75,75,100,75,100,86,67
avance_0063,2,True,positioning_synthetic_v1,avance,60,20,12,100,50,50,100,25,75,57,71,50
avance_0063,3,True,positioning_synthetic_v1,avance,80,20,16,100,75,100,100,50,75,86,57,100
avance_0063,4,True,positioning_synthetic_v1,avance,85,20,17,100,100,100,75,75,75,86,100,67
avance_0064,1,True,positioning_synthetic_v1,avance,65,20,13,100,75,50,25,75,100,100,57,33
avance_0064,2,True,positioning_synthetic_v1,avance,80,20,16,100,100,100,75,25,100,86,71,83
avance_0064,3,True,positioning_synthetic_v1,avance,80,20,16,100,100,75,50,100,75,100,57,83
avance_0064,4,True,positioning_synthetic_v1,avance,75,20,15,100,75,75,50,75,100,86,86,50
avance_0065,1,True,positioning_synthetic_v1,avance,90,20,18,100,100,50,100,100,100,100,86,83
avance_0065,2,True,positioning_synthetic_v1,avance,75,20,15,100,75,50,75,75,100,86,100,33
avance_0065,3,True,positioning_synthetic_v1,avance,85,20,17,100,75,100,100,75,75,100,86,67
avance_0065,4,True,positioning_synthetic_v1,avance,85,20,17,100,100,100,75,75,75,100,100,50
avance_0066,1,True,positioning_synthetic_v1,avance,75,20,15,100,75,50,100,75,75,86,86,50
avance_0066,2,True,positioning_synthetic_v1,avance,75,20,15,100,100,100,50,75,50,100,57,67
avance_0066,3,True,positioning_synthetic_v1,avance,70,20,14,100,50,75,100,50,75,100,57,50
avance_0066,4,True,positioning_synthetic_v1,avance,50,20,10,100,75,50,75,0,50,43,71,33
avance_0067,1,True,positioning_synthetic_v1,avance,85,20,17,100,100,50,75,100,100,86,86,83
avance_0067,2,True,positioning_synthetic_v1,avance,90,20,18,100,100,75,100,75,100,86,86,100
avance_0067,3,True,positioning_synthetic_v1,avance,70,20,14,100,100,50,50,50,100,86,71,50
avance_0067,4,True,positioning_synthetic_v1,avance,75,20,15,100,75,50,100,75,75,100,57,67
avance_0068,1,True,positioning_synthetic_v1,avance,100,20,20,100,100,100,100,100,100,100,100,100
avance_0068,2,True,positioning_synthetic_v1,avance,90,20,18,100,100,100,75,75,100,86,86,100
avance_0068,3,True,positioning_synthetic_v1,avance,80,20,16,100,50,100,100,75,75,100,86,50
avance_0068,4,True,positioning_synthetic_v1,avance,95,20,19,100,100,100,75,100,100,100,86,100
avance_0069,1,True,positioning_synthetic_v1,avance,85,20,17,100,100,100,100,75,50,100,86,67
avance_0069,2,True,positioning_synthetic_v1,avance,90,20,18,100,75,100,100,75,100,100,100,67
avance_0069,3,True,positioning_synthetic_v1,avance,75,20,15,100,50,75,75,75,100,86,71,67
avance_0069,4,True,positioning_synthetic_v1,avance,90,20,18,100,100,100,50,100,100,100,71,100
avance_0070,1,True,positioning_synthetic_v1,avance,80,20,16,100,75,75,75,100,75,86,100,50
avance_0070,2,True,positioning_synthetic_v1,avance,65,20,13,100,75,75,75,75,25,100,43,50
avance_0070,3,True,positioning_synthetic_v1,avance,65,20,13,100,50,50,75,75,75,71,57,67
avance_0070,4,True,positioning_synthetic_v1,avance,90,20,18,100,75,75,100,100,100,100,86,83
avance_0071,1,True,positioning_synthetic_v1,avance,70,20,14,100,100,75,50,50,75,71,86,50
avance_0071,2,True,positioning_synthetic_v1,avance,80,20,16,100,50,75,100,100,75,100,86,50
avance_0071,3,True,positioning_synthetic_v1,avance,65,20,13,100,100,75,75,50,25,57,57,83
avance_0071,4,True,positioning_synthetic_v1,avance,75,20,15,100,75,100,100,50,50,100,57,67
avance_0072,1,True,positioning_synthetic_v1,avance,85,20,17,100,50,100,100,75,100,86,100,67
avance_0072,2,True,positioning_synthetic_v1,avance,80,20,16,100,75,100,100,75,50,100,71,67
avance_0072,3,True,positioning_synthetic_v1,avance,90,20,18,100,75,100,75,100,100,100,86,83
avance_0072,4,True,positioning_synthetic_v1,avance,90,20,18,100,75,100,100,100,75,86,100,83
avance_0073,1,True,positioning_synthetic_v1,avance,55,20,11,100,50,25,50,75,75,57,57,50
avance_0073,2,True,positioning_synthetic_v1,avance,65,20,13,100,75,75,25,75,75,100,43,50
avance_0073,3,True,positioning_synthetic_v1,avance,55,20,11,100,50,50,75,25,75,71,71,17
avance_0073,4,True,positioning_synthetic_v1,avance,55,20,11,100,25,75,75,75,25,86,57,17
avance_0074,1,True,positioning_synthetic_v1,avance,70,20,14,100,50,75,75,75,75,71,71,67
avance_0074,2,True,positioning_synthetic_v1,avance,80,20,16,100,75,75,100,50,100,100,86,50
avance_0074,3,True,positioning_synthetic_v1,avance,75,20,15,100,100,75,50,100,50,86,57,83
avance_0074,4,True,positioning_synthetic_v1,avance,90,20,18,100,75,100,100,100,75,100,86,83
avance_0075,1,True,positioning_synthetic_v1,avance,50,20,10,100,25,75,25,25,100,86,43,17
avance_0075,2,True,positioning_synthetic_v1,avance,75,20,15,100,75,100,75,75,50,71,100,50
avance_0075,3,True,positioning_synthetic_v1,avance,80,20,16,100,100,100,75,50,75,86,71,83
avance_0075,4,True,positioning_synthetic_v1,avance,70,20,14,100,50,100,75,75,50,100,57,50
avance_0076,1,True,positioning_synthetic_v1,avance,100,20,20,100,100,100,100,100,100,100,100,100
avance_0076,2,True,positioning_synthetic_v1,avance,95,20,19,100,100,100,100,75,100,100,100,83
avance_0076,3,True,positioning_synthetic_v1,avance,85,20,17,100,100,75,75,100,75,100,86,67
avance_0076,4,True,positioning_synthetic_v1,avance,90,20,18,100,100,75,100,75,100,86,86,100
avance_0077,1,True,positioning_synthetic_v1,avance,90,20,18,100,100,100,100,100,50,71,100,100
avance_0077,2,True,positioning_synthetic_v1,avance,90,20,18,100,75,100,100,75,100,86,86,100
avance_0077,3,True,positioning_synthetic_v1,avance,90,20,18,100,75,75,100,100,100,86,100,83
avance_0077,4,True,positioning_synthetic_v1,avance,70,20,14,100,75,50,100,75,50,100,71,33
avance_0078,1,True,positioning_synthetic_v1,avance,95,20,19,100,100,100,100,75,100,100,86,100
avance_0078,2,True,positioning_synthetic_v1,avance,80,20,16,100,100,75,75,75,75,100,86,50
avance_0078,3,True,positioning_synthetic_v1,avance,90,20,18,100,100,75,100,100,75,100,71,100
avance_0078,4,True,positioning_synthetic_v1,avance,85,20,17,100,100,100,75,50,100,100,86,67
avance_0079,1,True,positioning_synthetic_v1,avance,65,20,13,100,50,75,100,25,75,86,57,50
avance_0079,2,True,positioning_synthetic_v1,avance,75,20,15,100,75,75,100,100,25,100,71,50
avance_0079,3,True,positioning_synthetic_v1,avance,85,20,17,100,100,50,75,100,100,71,100,83
avance_0079,4,True,positioning_synthetic_v1,avance,80,20,16,100,50,75,100,75,100,71,100,67
avance_0080,1,True,positioning_synthetic_v1,avance,80,20,16,100,100,75,75,75,75,100,100,33
avance_0080,2,True,positioning_synthetic_v1,avance,85,20,17,100,75,100,100,75,75,86,100,67
avance_0080,3,True,positioning_synthetic_v1,avance,85,20,17,100,100,100,75,75,75,100,86,67
avance_0080,4,True,positioning_synthetic_v1,avance,80,20,16,100,50,50,100,100,100,86,86,67
avance_0081,1,True,positioning_synthetic_v1,avance,85,20,17,100,100,75,100,100,50,86,71,100
avance_0081,2,True,positioning_synthetic_v1,avance,85,20,17,100,100,50,100,100,75,100,71,83
avance_0081,3,True,positioning_synthetic_v1,avance,75,20,15,100,75,75,100,50,75,100,86,33
avance_0081,4,True,positioning_synthetic_v1,avance,85,20,17,100,75,100,75,100,75,100,71,83
avance_0082,1,True,positioning_synthetic_v1,avance,90,20,18,100,75,100,100,75,100,86,86,100
avance_0082,2,True,positioning_synthetic_v1,avance,90,20,18,100,100,100,100,50,100,100,86,83
avance_0082,3,True,positioning_synthetic_v1,avance,85,20,17,100,75,100,100,75,75,100,71,83
avance_0082,4,True,positioning_synthetic_v1,avance,80,20,16,100,50,100,75,75,100,100,86,50
avance_0083,1,True,positioning_synthetic_v1,avance,95,20,19,100,100,75,100,100,100,86,100,100
avance_0083,2,True,positioning_synthetic_v1,avance,90,20,18,100,100,75,100,100,75,100,100,67
avance_0083,3,True,positioning_synthetic_v1,avance,75,20,15,100,50,75,100,100,50,86,86,50
avance_0083,4,True,positioning_synthetic_v1,avance,90,20,18,100,100,100,50,100,100,100,86,83
avance_0084,1,True,positioning_synthetic_v1,avance,75,20,15,100,75,50,75,100,75,86,71,67
avance_0084,2,True,positioning_synthetic_v1,avance,80,20,16,100,75,75,100,50,100,71,100,67
avance_0084,3,True,positioning_synthetic_v1,avance,85,20,17,100,75,100,100,50,100,100,86,67
avance_0084,4,True,positioning_synthetic_v1,avance,85,20,17,100,75,75,100,100,75,100,100,50
avance_0085,1,True,positioning_synthetic_v1,avance,80,20,16,100,100,100,50,50,100,86,71,83
avance_0085,2,True,positioning_synthetic_v1,avance,65,20,13,100,75,25,100,75,50,86,71,33
avance_0085,3,True,positioning_synthetic_v1,avance,70,20,14,100,100,75,50,50,75,71,86,50
avance_0085,4,True,positioning_synthetic_v1,avance,75,20,15,100,75,100,75,25,100,71,86,67
avance_0086,1,True,positioning_synthetic_v1,avance,75,20,15,100,75,75,50,75,100,71,100,50
avance_0086,2,True,positioning_synthetic_v1,avance,90,20,18,100,100,75,100,100,75,86,100,83
avance_0086,3,True,positioning_synthetic_v1,avance,65,20,13,100,75,50,0,100,100,43,86,67
avance_0086,4,True,positioning_synthetic_v1,avance,80,20,16,100,100,100,50,75,75,100,86,50
avance_0087,1,True,positioning_synthetic_v1,avance,80,20,16,100,100,75,100,75,50,86,86,67
avance_0087,2,True,positioning_synthetic_v1,avance,85,20,17,100,75,75,75,100,100,100,86,67
avance_0087,3,True,positioning_synthetic_v1,avance,95,20,19,100,75,100,100,100,100,100,100,83
avance_0087,4,True,positioning_synthetic_v1,avance,70,20,14,100,50,75,50,100,75,71,100,33
avance_0088,1,True,positioning_synthetic_v1,avance,85,20,17,100,100,100,75,100,50,100,71,83
avance_0088,2,True,positioning_synthetic_v1,avance,60,20,12,100,100,50,50,50,50,71,43,67
avance_0088,3,True,positioning_synthetic_v1,avance,85,20,17,100,100,100,50,75,100,100,71,83
avance_0088,4,True,positioning_synthetic_v1,avance,85,20,17,100,100,75,100,75,75,100,71,83
avance_0089,1,True,positioning_synthetic_v1,avance,75,20,15,100,50,100,75,100,50,71,100,50
avance_0089,2,True,positioning_synthetic_v1,avance,60,20,12,100,100,75,50,25,50,86,57,33
avance_0089,3,True,positioning_synthetic_v1,avance,40,20,8,100,25,25,25,50,75,57,57,0
avance_0089,4,True,positioning_synthetic_v1,avance,65,20,13,100,75,75,75,75,25,71,71,50
avance_0090,1,True,positioning_synthetic_v1,avance,70,20,14,100,75,75,0,100,100,86,57,67
avance_0090,2,True,positioning_synthetic_v1,avance,75,20,15,100,100,50,50,75,100,71,86,67
avance_0090,3,True,positioning_synthetic_v1,avance,70,20,14,100,50,75,75,100,50,86,86,33
avance_0090,4,True,positioning_synthetic_v1,avance,85,20,17,100,100,100,100,75,50,86,71,100
avance_0091,1,True,positioning_synthetic_v1,avance,80,20,16,100,75,100,75,100,50,86,71,83
avance_0091,2,True,positioning_synthetic_v1,avance,85,20,17,100,100,75,50,100,100,100,86,67
avance_0091,3,True,positioning_synthetic_v1,avance,75,20,15,100,75,100,50,75,75,86,71,67
avance_0091,4,True,positioning_synthetic_v1,avance,90,20,18,100,100,75,100,100,75,100,86,83
avance_0092,1,True,positioning_synthetic_v1,avance,80,20,16,100,100,75,50,75,100,100,71,67
avance_0092,2,True,positioning_synthetic_v1,avance,70,20,14,100,100,75,50,100,25,71,86,50
avance_0092,3,True,positioning_synthetic_v1,avance,75,20,15,100,50,75,75,100,75,100,43,83
avance_0092,4,True,positioning_synthetic_v1,avance,80,20,16,100,75,25,100,100,100,71,86,83
avance_0093,1,True,positioning_synthetic_v1,avance,70,20,14,100,75,100,75,25,75,100,43,67
avance_0093,2,True,positioning_synthetic_v1,avance,80,20,16,100,75,75,100,100,50,71,100,67
avance_0093,3,True,positioning_synthetic_v1,avance,85,20,17,100,100,75,75,100,75,100,71,83
avance_0093,4,True,positioning_synthetic_v1,avance,65,20,13,100,75,75,75,75,25,86,57,50
avance_0094,1,True,positioning_synthetic_v1,avance,60,20,12,100,75,50,75,50,50,71,71,33
avance_0094,2,True,positioning_synthetic_v1,avance,85,20,17,100,75,100,75,75,100,100,100,50
avance_0094,3,True,positioning_synthetic_v1,avance,90,20,18,100,100,100,50,100,100,100,100,67
avance_0094,4,True,positioning_synthetic_v1,avance,75,20,15,100,75,100,75,50,75,71,86,67
avance_0095,1,True,positioning_synthetic_v1,avance,80,20,16,100,75,100,100,50,75,71,86,83
avance_0095,2,True,positioning_synthetic_v1,avance,80,20,16,100,50,100,100,100,50,100,71,67
avance_0095,3,True,positioning_synthetic_v1,avance,85,20,17,100,100,75,75,75,100,100,100,50
avance_0095,4,True,positioning_synthetic_v1,avance,80,20,16,100,75,100,75,75,75,100,100,33
avance_0096,1,True,positioning_synthetic_v1,avance,80,20,16,100,75,100,50,100,75,86,86,67
avance_0096,2,True,positioning_synthetic_v1,avance,90,20,18,100,75,100,100,75,100,100,71,100
avance_0096,3,True,positioning_synthetic_v1,avance,85,20,17,100,50,100,100,75,100,100,86,67
avance_0096,4,True,positioning_synthetic_v1,avance,95,20,19,100,100,100,100,100,75,100,100,83
avance_0097,1,True,positioning_synthetic_v1,avance,75,20,15,100,75,75,100,75,50,100,57,67
avance_0097,2,True,positioning_synthetic_v1,avance,90,20,18,100,75,100,75,100,100,71,100,100
avance_0097,3,True,positioning_synthetic_v1,avance,80,20,16,100,75,100,75,75,75,86,86,67
avance_0097,4,True,positioning_synthetic_v1,avance,75,20,15,100,100,50,100,50,75,71,86,67
avance_0098,1,True,positioning_synthetic_v1,avance,90,20,18,100,100,75,75,100,100,100,86,83
avance_0098,2,True,positioning_synthetic_v1,avance,75,20,15,100,50,75,50,100,100,71,100,50
avance_0098,3,True,positioning_synthetic_v1,avance,95,20,19,100,75,100,100,100,100,86,100,100
avance_0098,4,True,positioning_synthetic_v1,avance,75,20,15,100,75,75,100,75,50,86,71,67
avance_0099,1,True,positioning_synthetic_v1,avance,65,20,13,100,50,75,75,50,75,86,86,17
avance_0099,2,True,positioning_synthetic_v1,avance,55,20,11,100,50,25,75,50,75,86,43,33
avance_0099,3,True,positioning_synthetic_v1,avance,70,20,14,100,75,50,100,25,100,71,86,50
avance_0099,4,True,positioning_synthetic_v1,avance,90,20,18,100,100,100,100,50,100,100,86,83
avance_0100,1,True,positioning_synthetic_v1,avance,70,20,14,100,100,100,25,75,50,71,71,67
avance_0100,2,True,positioning_synthetic_v1,avance,60,20,12,100,75,25,50,75,75,71,86,17
avance_0100,3,True,positioning_synthetic_v1,avance,65,20,13,100,100,25,75,75,50,71,100,17
avance_0100,4,True,positioning_synthetic_v1,avance,75,20,15,100,75,50,100,100,50,100,71,50
avance_0101,1,True,positioning_synthetic_v1,avance,85,20,17,100,100,75,75,100,75,100,71,83
avance_0101,2,True,positioning_synthetic_v1,avance,80,20,16,100,100,75,50,75,100,100,71,67
avance_0101,3,True,positioning_synthetic_v1,avance,85,20,17,100,100,75,75,100,75,86,100,67
avance_0101,4,True,positioning_synthetic_v1,avance,75,20,15,100,100,100,25,75,75,71,86,67
avance_0102,1,True,positioning_synthetic_v1,avance,80,20,16,100,100,75,75,100,50,100,57,83
avance_0102,2,True,positioning_synthetic_v1,avance,85,20,17,100,100,100,50,75,100,86,86,83
avance_0102,3,True,positioning_synthetic_v1,avance,65,20,13,100,75,25,50,100,75,71,71,50
avance_0102,4,True,positioning_synthetic_v1,avance,75,20,15,100,50,75,75,100,75,100,57,67
avance_0103,1,True,positioning_synthetic_v1,avance,85,20,17,100,75,75,100,100,75,100,100,50
avance_0103,2,True,positioning_synthetic_v1,avance,90,20,18,100,100,100,75,100,75,100,86,83
avance_0103,3,True,positioning_synthetic_v1,avance,95,20,19,100,100,75,100,100,100,100,86,100
avance_0103,4,True,positioning_synthetic_v1,avance,80,20,16,100,50,75,100,75,100,71,100,67
avance_0104,1,True,positioning_synthetic_v1,avance,80,20,16,100,75,50,100,75,100,57,86,100
avance_0104,2,True,positioning_synthetic_v1,avance,75,20,15,100,75,75,75,75,75,100,86,33
avance_0104,3,True,positioning_synthetic_v1,avance,75,20,15,100,50,100,50,100,75,86,57,83
avance_0104,4,True,positioning_synthetic_v1,avance,85,20,17,100,75,100,75,100,75,100,86,67
avance_0105,1,True,positioning_synthetic_v1,avance,65,20,13,100,75,50,75,75,50,86,57,50
avance_0105,2,True,positioning_synthetic_v1,avance,85,20,17,100,75,100,75,100,75,86,86,83
avance_0105,3,True,positioning_synthetic_v1,avance,70,20,14,100,50,75,75,75,75,86,86,33
avance_0105,4,True,positioning_synthetic_v1,avance,85,20,17,100,50,100,100,100,75,100,86,67
avance_0106,1,True,positioning_synthetic_v1,avance,70,20,14,100,75,75,100,25,75,57,86,67
avance_0106,2,True,positioning_synthetic_v1,avance,70,20,14,100,75,75,75,50,75,100,57,50
avance_0106,3,True,positioning_synthetic_v1,avance,65,20,13,100,75,75,75,50,50,100,43,50
avance_0106,4,True,positioning_synthetic_v1,avance,80,20,16,100,100,75,75,75,75,86,86,67
avance_0107,1,True,positioning_synthetic_v1,avance,85,20,17,100,75,75,100,75,100,71,100,83
avance_0107,2,True,positioning_synthetic_v1,avance,70,20,14,100,75,75,50,75,75,100,57,50
avance_0107,3,True,positioning_synthetic_v1,avance,80,20,16,100,50,100,100,75,75,86,86,67
avance_0107,4,True,positioning_synthetic_v1,avance,75,20,15,100,100,75,75,50,75,86,57,83
avance_0108,1,True,positioning_synthetic_v1,avance,75,20,15,100,100,50,50,75,100,86,71,67
avance_0108,2,True,positioning_synthetic_v1,avance,80,20,16,100,100,75,100,50,75,100,86,50
avance_0108,3,True,positioning_synthetic_v1,avance,75,20,15,100,100,75,25,75,100,100,57,67
avance_0108,4,True,positioning_synthetic_v1,avance,70,20,14,100,75,50,100,75,50,86,86,33
avance_0109,1,True,positioning_synthetic_v1,avance,85,20,17,100,50,100,100,100,75,86,71,100
avance_0109,2,True,positioning_synthetic_v1,avance,80,20,16,100,75,100,50,100,75,100,71,67
avance_0109,3,True,positioning_synthetic_v1,avance,65,20,13,100,50,50,75,75,75,86,71,33
avance_0109,4,True,positioning_synthetic_v1,avance,95,20,19,100,75,100,100,100,100,86,100,100
avance_0110,1,True,positioning_synthetic_v1,avance,80,20,16,100,100,75,75,75,75,100,86,50
avance_0110,2,True,positioning_synthetic_v1,avance,80,20,16,100,100,100,75,50,75,86,100,50
avance_0110,3,True,positioning_synthetic_v1,avance,100,20,20,100,100,100,100,100,100,100,100,100
avance_0110,4,True,positioning_synthetic_v1,avance,95,20,19,100,100,100,100,100,75,100,86,100
avance_0111,1,True,positioning_synthetic_v1,avance,85,20,17,100,100,75,75,100,75,100,86,67
avance_0111,2,True,positioning_synthetic_v1,avance,80,20,16,100,75,75,100,100,50,86,71,83
avance_0111,3,True,positioning_synthetic_v1,avance,95,20,19,100,100,75,100,100,100,100,100,83
avance_0111,4,True,positioning_synthetic_v1,avance,75,20,15,100,50,75,100,50,100,86,57,83
avance_0112,1,True,positioning_synthetic_v1,avance,90,20,18,100,100,100,75,75,100,100,100,67
avance_0112,2,True,positioning_synthetic_v1,avance,70,20,14,100,25,75,100,100,50,86,71,50
avance_0112,3,True,positioning_synthetic_v1,avance,95,20,19,100,100,75,100,100,100,86,100,100
avance_0112,4,True,positioning_synthetic_v1,avance,75,20,15,100,75,100,75,50,75,71,86,67
avance_0113,1,True,positioning_synthetic_v1,avance,75,20,15,100,75,50,100,100,50,71,86,67
avance_0113,2,True,positioning_synthetic_v1,avance,75,20,15,100,75,75,75,75,75,86,86,50
avance_0113,3,True,positioning_synthetic_v1,avance,90,20,18,100,100,75,75,100,100,100,71,100
avance_0113,4,True,positioning_synthetic_v1,avance,75,20,15,100,75,50,100,50,100,100,86,33
avance_0114,1,True,positioning_synthetic_v1,avance,90,20,18,100,100,100,100,75,75,86,100,83
avance_0114,2,True,positioning_synthetic_v1,avance,70,20,14,100,75,75,75,50,75,86,100,17
avance_0114,3,True,positioning_synthetic_v1,avance,95,20,19,100,75,100,100,100,100,100,86,100
avance_0114,4,True,positioning_synthetic_v1,avance,85,20,17,100,75,100,100,100,50,86,86,83
avance_0115,1,True,positioning_synthetic_v1,avance,85,20,17,100,50,100,100,75,100,100,86,67
avance_0115,2,True,positioning_synthetic_v1,avance,85,20,17,100,75,75,100,100,75,100,100,50
avance_0115,3,True,positioning_synthetic_v1,avance,85,20,17,100,50,100,100,75,100,86,100,67
avance_0115,4,True,positioning_synthetic_v1,avance,75,20,15,100,50,75,100,75,75,86,86,50
avance_0116,1,True,positioning_synthetic_v1,avance,85,20,17,100,50,100,100,75,100,71,100,83
avance_0116,2,True,positioning_synthetic_v1,avance,75,20,15,100,75,50,100,100,50,100,71,50
avance_0116,3,True,positioning_synthetic_v1,avance,90,20,18,100,75,100,75,100,100,100,100,67
avance_0116,4,True,positioning_synthetic_v1,avance,80,20,16,100,100,75,75,75,75,100,71,67
avance_0117,1,True,positioning_synthetic_v1,avance,75,20,15,100,75,100,50,100,50,86,100,33
avance_0117,2,True,positioning_synthetic_v1,avance,85,20,17,100,100,75,75,100,75,100,86,67
avance_0117,3,True,positioning_synthetic_v1,avance,80,20,16,100,75,50,75,100,100,71,100,67
avance_0117,4,True,positioning_synthetic_v1,avance,75,20,15,100,75,100,75,100,25,86,71,67
avance_0118,1,True,positioning_synthetic_v1,avance,75,20,15,100,100,25,50,100,100,71,86,67
avance_0118,2,True,positioning_synthetic_v1,avance,75,20,15,100,75,75,25,100,100,86,86,50
avance_0118,3,True,positioning_synthetic_v1,avance,85,20,17,100,100,75,75,100,75,100,100,50
avance_0118,4,True,positioning_synthetic_v1,avance,85,20,17,100,100,100,100,75,50,100,71,83
avance_0119,1,True,positioning_synthetic_v1,avance,90,20,18,100,75,100,75,100,100,86,86,100
avance_0119,2,True,positioning_synthetic_v1,avance,85,20,17,100,100,100,75,75,75,86,100,67
avance_0119,3,True,positioning_synthetic_v1,avance,85,20,17,100,75,50,100,100,100,86,100,67
avance_0119,4,True,positioning_synthetic_v1,avance,95,20,19,100,75,100,100,100,100,100,86,100
avance_0120,1,True,positioning_synthetic_v1,avance,85,20,17,100,100,75,75,75,100,100,86,67
avance_0120,2,True,positioning_synthetic_v1,avance,80,20,16,100,25,100,100,100,75,86,100,50
avance_0120,3,True,positioning_synthetic_v1,avance,90,20,18,100,100,100,100,100,50,100,86,83
avance_0120,4,True,positioning_synthetic_v1,avance,95,20,19,100,75,100,100,100,100,100,86,100
avance_0121,1,True,positioning_synthetic_v1,avance,85,20,17,100,100,50,100,100,75,86,71,100
avance_0121,2,True,positioning_synthetic_v1,avance,85,20,17,100,100,100,75,50,100,86,86,83
avance_0121,3,True,positioning_synthetic_v1,avance,85,20,17,100,75,100,75,75,100,100,86,67
avance_0121,4,True,positioning_synthetic_v1,avance,90,20,18,100,100,100,75,75,100,100,71,100
avance_0122,1,True,positioning_synthetic_v1,avance,70,20,14,100,75,50,100,50,75,86,57,67
avance_0122,2,True,positioning_synthetic_v1,avance,80,20,16,100,75,75,100,100,50,86,86,67
avance_0122,3,True,positioning_synthetic_v1,avance,80,20,16,100,75,75,100,75,75,86,71,83
avance_0122,4,True,positioning_synthetic_v1,avance,85,20,17,100,75,75,100,100,75,86,86,83
avance_0123,1,True,positioning_synthetic_v1,avance,85,20,17,100,100,75,100,100,50,100,86,67
avance_0123,2,True,positioning_synthetic_v1,avance,75,20,15,100,75,100,50,100,50,86,71,67
avance_0123,3,True,positioning_synthetic_v1,avance,100,20,20,100,100,100,100,100,100,100,100,100
avance_0123,4,True,positioning_synthetic_v1,avance,75,20,15,100,75,100,50,75,75,100,57,67
avance_0124,1,True,positioning_synthetic_v1,avance,70,20,14,100,75,50,100,50,75,86,86,33
avance_0124,2,True,positioning_synthetic_v1,avance,75,20,15,100,75,75,75,50,100,100,57,67
avance_0124,3,True,positioning_synthetic_v1,avance,80,20,16,100,100,50,75,75,100,86,86,67
avance_0124,4,True,positioning_synthetic_v1,avance,70,20,14,100,75,100,25,75,75,57,71,83
avance_0125,1,True,positioning_synthetic_v1,avance,75,20,15,100,100,75,100,50,50,71,86,67
avance_0125,2,True,positioning_synthetic_v1,avance,70,20,14,100,50,75,50,75,100,86,71,50
avance_0125,3,True,positioning_synthetic_v1,avance,60,20,12,100,50,75,50,75,50,86,71,17
avance_0125,4,True,positioning_synthetic_v1,avance,85,20,17,100,100,75,50,100,100,100,86,67
avance_0126,1,True,positioning_synthetic_v1,avance,75,20,15,100,50,75,75,75,100,86,100,33
avance_0126,2,True,positioning_synthetic_v1,avance,85,20,17,100,100,75,100,75,75,86,86,83
avance_0126,3,True,positioning_synthetic_v1,avance,70,20,14,100,75,75,75,50,75,100,86,17
avance_0126,4,True,positioning_synthetic_v1,avance,80,20,16,100,100,100,75,50,75,71,86,83
avance_0127,1,True,positioning_synthetic_v1,avance,80,20,16,100,75,75,100,50,100,100,71,67
avance_0127,2,True,positioning_synthetic_v1,avance,85,20,17,100,100,75,100,75,75,100,100,50
avance_0127,3,True,positioning_synthetic_v1,avance,70,20,14,100,25,75,100,75,75,71,86,50
avance_0127,4,True,positioning_synthetic_v1,avance,70,20,14,100,75,100,75,50,50,100,57,50
avance_0128,1,True,positioning_synthetic_v1,avance,90,20,18,100,75,100,100,75,100,100,100,67
avance_0128,2,True,positioning_synthetic_v1,avance,90,20,18,100,100,50,100,100,100,86,100,83
avance_0128,3,True,positioning_synthetic_v1,avance,85,20,17,100,50,75,100,100,100,86,86,83
avance_0128,4,True,positioning_synthetic_v1,avance,80,20,16,100,75,75,50,100,100,100,71,67
avance_0129,1,True,positioning_synthetic_v1,avance,80,20,16,100,100,25,100,100,75,86,86,67
avance_0129,2,True,positioning_synthetic_v1,avance,60,20,12,100,50,75,50,50,75,86,71,17
avance_0129,3,True,positioning_synthetic_v1,avance,70,20,14,100,75,50,75,75,75,86,71,50
avance_0129,4,True,positioning_synthetic_v1,avance,95,20,19,100,75,100,100,100,100,100,86,100
avance_0130,1,True,positioning_synthetic_v1,avance,65,20,13,100,75,50,75,50,75,71,71,50
avance_0130,2,True,positioning_synthetic_v1,avance,90,20,18,100,100,100,100,75,75,100,86,83
avance_0130,3,True,positioning_synthetic_v1,avance,85,20,17,100,100,100,50,75,100,86,100,67
avance_0130,4,True,positioning_synthetic_v1,avance,70,20,14,100,50,75,75,100,50,71,86,50
avance_0131,1,True,positioning_synthetic_v1,avance,60,20,12,100,50,50,75,50,75,71,57,50
avance_0131,2,True,positioning_synthetic_v1,avance,85,20,17,100,100,100,75,100,50,86,100,67
avance_0131,3,True,positioning_synthetic_v1,avance,90,20,18,100,100,75,100,75,100,100,100,67
avance_0131,4,True,positioning_synthetic_v1,avance,75,20,15,100,75,100,50,75,75,100,86,33
avance_0132,1,True,positioning_synthetic_v1,avance,75,20,15,100,25,100,75,75,100,100,86,33
avance_0132,2,True,positioning_synthetic_v1,avance,80,20,16,100,100,100,50,50,100,100,71,67
avance_0132,3,True,positioning_synthetic_v1,avance,60,20,12,100,75,75,25,50,75,86,71,17
avance_0132,4,True,positioning_synthetic_v1,avance,65,20,13,100,75,100,75,25,50,71,57,67
avance_0133,1,True,positioning_synthetic_v1,avance,70,20,14,100,75,50,50,100,75,100,86,17
avance_0133,2,True,positioning_synthetic_v1,avance,70,20,14,100,50,75,50,100,75,57,100,50
avance_0133,3,True,positioning_synthetic_v1,avance,60,20,12,100,50,75,50,75,50,57,57,67
avance_0133,4,True,positioning_synthetic_v1,avance,75,20,15,100,25,75,75,100,100,100,57,67
avance_0134,1,True,positioning_synthetic_v1,avance,50,20,10,100,50,50,75,50,25,71,57,17
avance_0134,2,True,positioning_synthetic_v1,avance,70,20,14,100,50,75,75,75,75,86,57,67
avance_0134,3,True,positioning_synthetic_v1,avance,85,20,17,100,75,75,75,100,100,100,100,50
avance_0134,4,True,positioning_synthetic_v1,avance,55,20,11,100,50,50,25,75,75,86,43,33
avance_0135,1,True,positioning_synthetic_v1,avance,100,20,20,100,100,100,100,100,100,100,100,100
avance_0135,2,True,positioning_synthetic_v1,avance,80,20,16,100,100,50,100,75,75,100,86,50
avance_0135,3,True,positioning_synthetic_v1,avance,90,20,18,100,100,75,100,75,100,100,86,83
avance_0135,4,True,positioning_synthetic_v1,avance,80,20,16,100,100,100,50,75,75,86,100,50
avance_0136,1,True,positioning_synthetic_v1,avance,75,20,15,100,100,75,50,100,50,100,86,33
avance_0136,2,True,positioning_synthetic_v1,avance,75,20,15,100,75,75,75,75,75,86,100,33
avance_0136,3,True,positioning_synthetic_v1,avance,65,20,13,100,75,50,50,75,75,86,71,33
avance_0136,4,True,positioning_synthetic_v1,avance,85,20,17,100,50,100,75,100,100,86,100,67
avance_0137,1,True,positioning_synthetic_v1,avance,55,20,11,100,25,75,25,75,75,43,43,83
avance_0137,2,True,positioning_synthetic_v1,avance,70,20,14,100,50,75,75,75,75,86,71,50
avance_0137,3,True,positioning_synthetic_v1,avance,95,20,19,100,100,75,100,100,100,100,100,83
avance_0137,4,True,positioning_synthetic_v1,avance,70,20,14,100,100,50,50,75,75,100,43,67
avance_0138,1,True,positioning_synthetic_v1,avance,60,20,12,100,75,75,75,0,75,71,57,50
avance_0138,2,True,positioning_synthetic_v1,avance,80,20,16,100,75,100,25,100,100,86,86,67
avance_0138,3,True,positioning_synthetic_v1,avance,85,20,17,100,100,75,75,75,100,71,100,83
avance_0138,4,True,positioning_synthetic_v1,avance,70,20,14,100,50,75,75,75,75,86,71,50
avance_0139,1,True,positioning_synthetic_v1,avance,90,20,18,100,100,100,100,75,75,86,100,83
avance_0139,2,True,positioning_synthetic_v1,avance,85,20,17,100,100,100,75,75,75,86,86,83
avance_0139,3,True,positioning_synthetic_v1,avance,90,20,18,100,100,75,75,100,100,100,100,67
avance_0139,4,True,positioning_synthetic_v1,avance,75,20,15,100,75,100,50,75,75,100,71,50
avance_0140,1,True,positioning_synthetic_v1,avance,95,20,19,100,100,100,100,75,100,100,100,83
avance_0140,2,True,positioning_synthetic_v1,avance,70,20,14,100,75,100,75,50,50,100,71,33
avance_0140,3,True,positioning_synthetic_v1,avance,75,20,15,100,50,100,100,50,75,86,71,67
avance_0140,4,True,positioning_synthetic_v1,avance,70,20,14,100,75,100,50,75,50,71,100,33
avance_0141,1,True,positioning_synthetic_v1,avance,70,20,14,100,50,100,50,75,75,100,71,33
avance_0141,2,True,positioning_synthetic_v1,avance,80,20,16,100,50,75,75,100,100,100,86,50
avance_0141,3,True,positioning_synthetic_v1,avance,65,20,13,100,100,50,75,25,75,100,43,50
avance_0141,4,True,positioning_synthetic_v1,avance,80,20,16,100,75,100,75,50,100,71,86,83
avance_0142,1,True,positioning_synthetic_v1,avance,75,20,15,100,50,100,75,50,100,100,86,33
avance_0142,2,True,positioning_synthetic_v1,avance,75,20,15,100,75,75,75,75,75,86,86,50
avance_0142,3,True,positioning_synthetic_v1,avance,80,20,16,100,100,100,50,100,50,86,86,67
avance_0142,4,True,positioning_synthetic_v1,avance,70,20,14,100,75,100,50,75,50,86,71,50
avance_0143,1,True,positioning_synthetic_v1,avance,70,20,14,100,50,50,75,100,75,71,86,50
avance_0143,2,True,positioning_synthetic_v1,avance,65,20,13,100,25,75,100,75,50,71,57,67
avance_0143,3,True,positioning_synthetic_v1,avance,80,20,16,100,100,50,50,100,100,86,100,50
avance_0143,4,True,positioning_synthetic_v1,avance,60,20,12,100,50,25,75,75,75,71,57,50
avance_0144,1,True,positioning_synthetic_v1,avance,75,20,15,100,75,75,75,75,75,71,86,67
avance_0144,2,True,positioning_synthetic_v1,avance,90,20,18,100,100,100,75,75,100,100,86,83
avance_0144,3,True,positioning_synthetic_v1,avance,85,20,17,100,100,75,100,100,50,100,86,67
avance_0144,4,True,positioning_synthetic_v1,avance,85,20,17,100,100,75,100,75,75,100,100,50
avance_0145,1,True,positioning_synthetic_v1,avance,85,20,17,100,75,100,100,75,75,100,100,50
avance_0145,2,True,positioning_synthetic_v1,avance,90,20,18,100,100,75,100,100,75,100,100,67
avance_0145,3,True,positioning_synthetic_v1,avance,85,20,17,100,75,75,100,75,100,100,100,50
avance_0145,4,True,positioning_synthetic_v1,avance,80,20,16,100,100,75,75,75,75,100,71,67
avance_0146,1,True,positioning_synthetic_v1,avance,85,20,17,100,75,100,100,50,100,100,71,83
avance_0146,2,True,positioning_synthetic_v1,avance,75,20,15,100,50,100,50,75,100,100,71,50
avance_0146,3,True,positioning_synthetic_v1,avance,85,20,17,100,100,75,75,75,100,100,86,67
avance_0146,4,True,positioning_synthetic_v1,avance,60,20,12,100,75,25,50,75,75,57,86,33
avance_0147,1,True,positioning_synthetic_v1,avance,65,20,13,100,100,75,50,50,50,71,71,50
avance_0147,2,True,positioning_synthetic_v1,avance,85,20,17,100,100,50,75,100,100,86,86,83
avance_0147,3,True,positioning_synthetic_v1,avance,75,20,15,100,75,100,75,50,75,86,57,83
avance_0147,4,True,positioning_synthetic_v1,avance,75,20,15,100,75,50,75,100,75,86,86,50
avance_0148,1,True,positioning_synthetic_v1,avance,60,20,12,100,50,50,100,50,50,71,71,33
avance_0148,2,True,positioning_synthetic_v1,avance,80,20,16,100,25,100,100,100,75,86,86,67
avance_0148,3,True,positioning_synthetic_v1,avance,75,20,15,100,100,50,100,50,75,86,57,83
avance_0148,4,True,positioning_synthetic_v1,avance,80,20,16,100,100,75,50,100,75,100,57,83
avance_0149,1,True,positioning_synthetic_v1,avance,60,20,12,100,50,100,50,25,75,71,71,33
avance_0149,2,True,positioning_synthetic_v1,avance,70,20,14,100,25,75,100,75,75,86,57,67
avance_0149,3,True,positioning_synthetic_v1,avance,70,20,14,100,100,75,100,25,50,100,57,50
avance_0149,4,True,positioning_synthetic_v1,avance,85,20,17,100,100,100,75,75,75,86,100,67
avance_0150,1,True,positioning_synthetic_v1,avance,90,20,18,100,75,100,100,100,75,100,100,67
avance_0150,2,True,positioning_synthetic_v1,avance,80,20,16,100,100,50,75,75,100,100,71,67
avance_0150,3,True,positioning_synthetic_v1,avance,80,20,16,100,100,100,100,25,75,86,71,83
avance_0150,4,True,positioning_synthetic_v1,avance,80,20,16,100,100,50,100,50,100,71,86,83
avance_0151,1,True,positioning_synthetic_v1,avance,85,20,17,100,100,75,75,100,75,86,71,100
avance_0151,2,True,positioning_synthetic_v1,avance,85,20,17,100,75,75,75,100,100,86,86,83
avance_0151,3,True,positioning_synthetic_v1,avance,75,20,15,100,100,50,75,75,75,71,71,83
avance_0151,4,True,positioning_synthetic_v1,avance,80,20,16,100,75,50,100,75,100,86,71,83
avance_0152,1,True,positioning_synthetic_v1,avance,65,20,13,100,50,75,75,50,75,86,57,50
avance_0152,2,True,positioning_synthetic_v1,avance,80,20,16,100,75,100,100,50,75,100,71,67
avance_0152,3,True,positioning_synthetic_v1,avance,100,20,20,100,100,100,100,100,100,100,100,100
avance_0152,4,True,positioning_synthetic_v1,avance,70,20,14,100,100,100,75,50,25,100,57,50
avance_0153,1,True,positioning_synthetic_v1,avance,80,20,16,100,100,75,75,100,50,86,86,67
avance_0153,2,True,positioning_synthetic_v1,avance,90,20,18,100,100,100,75,75,100,100,100,67
avance_0153,3,True,positioning_synthetic_v1,avance,75,20,15,100,100,75,75,25,100,71,71,83
avance_0153,4,True,positioning_synthetic_v1,avance,80,20,16,100,100,50,100,100,50,71,86,83
avance_0154,1,True,positioning_synthetic_v1,avance,75,20,15,100,75,75,50,75,100,71,86,67
avance_0154,2,True,positioning_synthetic_v1,avance,75,20,15,100,50,100,75,100,50,86,100,33
avance_0154,3,True,positioning_synthetic_v1,avance,70,20,14,100,100,50,75,50,75,71,86,50
avance_0154,4,True,positioning_synthetic_v1,avance,70,20,14,100,75,100,50,75,50,71,86,50
avance_0155,1,True,positioning_synthetic_v1,avance,70,20,14,100,50,75,75,100,50,43,71,100
avance_0155,2,True,positioning_synthetic_v1,avance,65,20,13,100,75,75,50,75,50,71,71,50
avance_0155,3,True,positioning_synthetic_v1,avance,70,20,14,100,50,75,50,75,100,86,86,33
avance_0155,4,True,positioning_synthetic_v1,avance,80,20,16,100,100,75,75,75,75,100,57,83
avance_0156,1,True,positioning_synthetic_v1,avance,70,20,14,100,50,75,50,75,100,86,71,50
avance_0156,2,True,positioning_synthetic_v1,avance,45,20,9,100,25,75,0,50,75,43,43,50
avance_0156,3,True,positioning_synthetic_v1,avance,75,20,15,100,75,75,75,75,75,86,100,33
avance_0156,4,True,positioning_synthetic_v1,avance,65,20,13,100,50,50,100,75,50,86,43,67
avance_0157,1,True,positioning_synthetic_v1,avance,55,20,11,100,75,50,50,75,25,100,29,33
avance_0157,2,True,positioning_synthetic_v1,avance,75,20,15,100,75,50,75,75,100,100,71,50
avance_0157,3,True,positioning_synthetic_v1,avance,80,20,16,100,75,50,75,100,100,71,71,100
avance_0157,4,True,positioning_synthetic_v1,avance,70,20,14,100,75,50,75,75,75,86,71,50
avance_0158,1,True,positioning_synthetic_v1,avance,70,20,14,100,75,100,75,50,50,71,71,67
avance_0158,2,True,positioning_synthetic_v1,avance,85,20,17,100,75,75,75,100,100,100,71,83
avance_0158,3,True,positioning_synthetic_v1,avance,80,20,16,100,75,50,100,75,100,86,86,67
avance_0158,4,True,positioning_synthetic_v1,avance,80,20,16,100,50,75,100,75,100,86,100,50
avance_0159,1,True,positioning_synthetic_v1,avance,80,20,16,100,100,50,75,75,100,100,86,50
avance_0159,2,True,positioning_synthetic_v1,avance,90,20,18,100,100,75,100,75,100,86,100,83
avance_0159,3,True,positioning_synthetic_v1,avance,80,20,16,100,100,50,100,50,100,86,71,83
avance_0159,4,True,positioning_synthetic_v1,avance,80,20,16,100,75,75,75,75,100,100,57,83
avance_0160,1,True,positioning_synthetic_v1,avance,70,20,14,100,75,50,75,75,75,100,57,50
avance_0160,2,True,positioning_synthetic_v1,avance,75,20,15,100,50,100,100,50,75,100,57,67
avance_0160,3,True,positioning_synthetic_v1,avance,70,20,14,100,50,75,100,50,75,71,71,67
avance_0160,4,True,positioning_synthetic_v1,avance,60,20,12,100,0,75,100,75,50,86,43,50
avance_0161,1,True,positioning_synthetic_v1,avance,80,20,16,100,50,100,100,75,75,71,71,100
avance_0161,2,True,positioning_synthetic_v1,avance,75,20,15,100,75,100,75,50,75,71,86,67
avance_0161,3,True,positioning_synthetic_v1,avance,85,20,17,100,75,100,75,75,100,100,86,67
avance_0161,4,True,positioning_synthetic_v1,avance,80,20,16,100,50,75,100,100,75,71,86,83
avance_0162,1,True,positioning_synthetic_v1,avance,80,20,16,100,75,75,50,100,100,100,71,67
avance_0162,2,True,positioning_synthetic_v1,avance,85,20,17,100,100,75,100,75,75,86,86,83
avance_0162,3,True,positioning_synthetic_v1,avance,70,20,14,100,100,50,75,75,50,86,86,33
avance_0162,4,True,positioning_synthetic_v1,avance,65,20,13,100,75,75,100,25,50,57,57,83
avance_0163,1,True,positioning_synthetic_v1,avance,85,20,17,100,75,100,50,100,100,100,71,83
avance_0163,2,True,positioning_synthetic_v1,avance,65,20,13,100,25,100,75,25,100,57,86,50
avance_0163,3,True,positioning_synthetic_v1,avance,85,20,17,100,50,100,100,75,100,86,100,67
avance_0163,4,True,positioning_synthetic_v1,avance,85,20,17,100,100,100,75,75,75,86,71,100
avance_0164,1,True,positioning_synthetic_v1,avance,85,20,17,100,100,75,100,75,75,100,71,83
avance_0164,2,True,positioning_synthetic_v1,avance,85,20,17,100,100,75,100,100,50,86,86,83
avance_0164,3,True,positioning_synthetic_v1,avance,80,20,16,100,100,50,100,75,75,86,86,67
avance_0164,4,True,positioning_synthetic_v1,avance,75,20,15,100,100,50,100,50,75,86,86,50
avance_0165,1,True,positioning_synthetic_v1,avance,75,20,15,100,75,50,100,75,75,100,86,33
avance_0165,2,True,positioning_synthetic_v1,avance,80,20,16,100,100,50,75,100,75,100,71,67
avance_0165,3,True,positioning_synthetic_v1,avance,90,20,18,100,100,75,75,100,100,100,71,100
avance_0165,4,True,positioning_synthetic_v1,avance,85,20,17,100,75,75,100,100,75,100,100,50
avance_0166,1,True,positioning_synthetic_v1,avance,80,20,16,100,50,100,100,75,75,86,86,67
avance_0166,2,True,positioning_synthetic_v1,avance,70,20,14,100,100,50,75,50,75,71,43,100
avance_0166,3,True,positioning_synthetic_v1,avance,85,20,17,100,75,100,100,100,50,86,100,67
avance_0166,4,True,positioning_synthetic_v1,avance,85,20,17,100,75,75,75,100,100,100,86,67
avance_0167,1,True,positioning_synthetic_v1,avance,55,20,11,100,75,75,50,25,50,71,29,67
avance_0167,2,True,positioning_synthetic_v1,avance,55,20,11,100,50,75,50,50,50,71,29,67
avance_0167,3,True,positioning_synthetic_v1,avance,35,20,7,100,25,50,25,75,0,57,29,17
avance_0167,4,True,positioning_synthetic_v1,avance,65,20,13,100,75,50,75,75,50,86,71,33
avance_0168,1,True,positioning_synthetic_v1,avance,80,20,16,100,50,100,100,75,75,86,86,67
avance_0168,2,True,positioning_synthetic_v1,avance,75,20,15,100,75,50,75,75,100,100,57,67
avance_0168,3,True,positioning_synthetic_v1,avance,55,20,11,100,75,75,50,25,50,86,43,33
avance_0168,4,True,positioning_synthetic_v1,avance,85,20,17,100,75,75,100,100,75,71,86,100
avance_0169,1,True,positioning_synthetic_v1,avance,85,20,17,100,75,75,75,100,100,100,71,83
avance_0169,2,True,positioning_synthetic_v1,avance,90,20,18,100,100,100,75,100,75,100,71,100
avance_0169,3,True,positioning_synthetic_v1,avance,85,20,17,100,100,100,75,75,75,100,100,50
avance_0169,4,True,positioning_synthetic_v1,avance,85,20,17,100,75,75,75,100,100,86,71,100
avance_0170,1,True,positioning_synthetic_v1,avance,65,20,13,100,75,75,75,75,25,71,71,50
avance_0170,2,True,positioning_synthetic_v1,avance,70,20,14,100,50,75,100,75,50,86,57,67
avance_0170,3,True,positioning_synthetic_v1,avance,65,20,13,100,75,75,25,75,75,71,57,67
avance_0170,4,True,positioning_synthetic_v1,avance,80,20,16,100,75,75,75,100,75,86,100,50
avance_0171,1,True,positioning_synthetic_v1,avance,70,20,14,100,50,50,100,75,75,71,71,67
avance_0171,2,True,positioning_synthetic_v1,avance,75,20,15,100,100,100,100,25,50,86,86,50
avance_0171,3,True,positioning_synthetic_v1,avance,65,20,13,100,100,50,50,50,75,100,43,50
avance_0171,4,True,positioning_synthetic_v1,avance,75,20,15,100,75,75,100,75,50,100,57,67
avance_0172,1,True,positioning_synthetic_v1,avance,90,20,18,100,75,100,100,75,100,86,86,100
avance_0172,2,True,positioning_synthetic_v1,avance,90,20,18,100,75,100,100,75,100,100,86,83
avance_0172,3,True,positioning_synthetic_v1,avance,85,20,17,100,100,75,75,75,100,86,100,67
avance_0172,4,True,positioning_synthetic_v1,avance,75,20,15,100,75,50,75,75,100,100,71,50
avance_0173,1,True,positioning_synthetic_v1,avance,70,20,14,100,50,75,75,50,100,71,71,67
avance_0173,2,True,positioning_synthetic_v1,avance,75,20,15,100,100,100,75,0,100,86,57,83
avance_0173,3,True,positioning_synthetic_v1,avance,70,20,14,100,75,100,75,25,75,100,57,50
avance_0173,4,True,positioning_synthetic_v1,avance,75,20,15,100,25,100,75,100,75,86,71,67
avance_0174,1,True,positioning_synthetic_v1,avance,70,20,14,100,75,25,75,75,100,86,86,33
avance_0174,2,True,positioning_synthetic_v1,avance,70,20,14,100,100,50,75,50,75,71,71,67
avance_0174,3,True,positioning_synthetic_v1,avance,80,20,16,100,100,75,75,50,100,86,71,83
avance_0174,4,True,positioning_synthetic_v1,avance,85,20,17,100,75,75,75,100,100,100,71,83
avance_0175,1,True,positioning_synthetic_v1,avance,75,20,15,100,100,50,75,75,75,71,100,50
avance_0175,2,True,positioning_synthetic_v1,avance,90,20,18,100,75,75,100,100,100,100,100,67
avance_0175,3,True,positioning_synthetic_v1,avance,85,20,17,100,100,75,100,75,75,100,100,50
avance_0175,4,True,positioning_synthetic_v1,avance,70,20,14,100,50,50,100,75,75,86,57,67
avance_0176,1,True,positioning_synthetic_v1,avance,80,20,16,100,75,100,75,75,75,100,71,67
avance_0176,2,True,positioning_synthetic_v1,avance,70,20,14,100,50,75,25,100,100,71,86,50
avance_0176,3,True,positioning_synthetic_v1,avance,70,20,14,100,75,50,75,100,50,71,86,50
avance_0176,4,True,positioning_synthetic_v1,avance,85,20,17,100,100,75,100,75,75,71,86,100
avance_0177,1,True,positioning_synthetic_v1,avance,90,20,18,100,75,100,100,100,75,86,86,100
avance_0177,2,True,positioning_synthetic_v1,avance,80,20,16,100,75,75,100,50,100,100,100,33
avance_0177,3,True,positioning_synthetic_v1,avance,70,20,14,100,75,50,75,75,75,86,57,67
avance_0177,4,True,positioning_synthetic_v1,avance,80,20,16,100,75,75,75,100,75,100,71,67
avance_0178,1,True,positioning_synthetic_v1,avance,55,20,11,100,75,0,75,75,50,86,57,17
avance_0178,2,True,positioning_synthetic_v1,avance,60,20,12,100,75,50,75,50,50,71,71,33
avance_0178,3,True,positioning_synthetic_v1,avance,50,20,10,100,50,50,50,50,50,86,43,17
avance_0178,4,True,positioning_synthetic_v1,avance,70,20,14,100,50,50,100,75,75,57,71,83
avance_0179,1,True,positioning_synthetic_v1,avance,75,20,15,100,50,75,75,100,75,71,100,50
avance_0179,2,True,positioning_synthetic_v1,avance,85,20,17,100,100,50,100,75,100,100,71,83
avance_0179,3,True,positioning_synthetic_v1,avance,80,20,16,100,75,100,50,75,100,86,71,83
avance_0179,4,True,positioning_synthetic_v1,avance,65,20,13,100,100,25,75,50,75,86,86,17
avance_0180,1,True,positioning_synthetic_v1,avance,75,20,15,100,75,75,75,50,100,86,100,33
avance_0180,2,True,positioning_synthetic_v1,avance,75,20,15,100,75,75,100,50,75,71,86,67
avance_0180,3,True,positioning_synthetic_v1,avance,90,20,18,100,75,100,100,100,75,100,86,83
avance_0180,4,True,positioning_synthetic_v1,avance,85,20,17,100,100,75,75,75,100,100,86,67
avance_0181,1,True,positioning_synthetic_v1,avance,85,20,17,100,100,100,100,50,75,86,100,67
avance_0181,2,True,positioning_synthetic_v1,avance,85,20,17,100,75,75,75,100,100,100,86,67
avance_0181,3,True,positioning_synthetic_v1,avance,90,20,18,100,75,100,100,75,100,86,86,100
avance_0181,4,True,positioning_synthetic_v1,avance,80,20,16,100,50,100,100,75,75,86,86,67
avance_0182,1,True,positioning_synthetic_v1,avance,70,20,14,100,100,100,50,50,50,86,71,50
avance_0182,2,True,positioning_synthetic_v1,avance,80,20,16,100,75,100,75,75,75,100,71,67
avance_0182,3,True,positioning_synthetic_v1,avance,80,20,16,100,75,100,75,50,100,100,57,83
avance_0182,4,True,positioning_synthetic_v1,avance,65,20,13,100,75,75,75,75,25,86,71,33
avance_0183,1,True,positioning_synthetic_v1,avance,75,20,15,100,100,50,75,75,75,86,71,67
avance_0183,2,True,positioning_synthetic_v1,avance,75,20,15,100,75,75,75,75,75,57,71,100
avance_0183,3,True,positioning_synthetic_v1,avance,60,20,12,100,75,75,50,50,50,86,57,33
avance_0183,4,True,positioning_synthetic_v1,avance,75,20,15,100,50,50,75,100,100,86,71,67
avance_0184,1,True,positioning_synthetic_v1,avance,95,20,19,100,100,75,100,100,100,100,100,83
avance_0184,2,True,positioning_synthetic_v1,avance,70,20,14,100,100,75,75,50,50,100,86,17
avance_0184,3,True,positioning_synthetic_v1,avance,85,20,17,100,100,75,100,75,75,100,86,67
avance_0184,4,True,positioning_synthetic_v1,avance,80,20,16,100,75,100,75,75,75,71,86,83
avance_0185,1,True,positioning_synthetic_v1,avance,90,20,18,100,75,100,100,100,75,86,86,100
avance_0185,2,True,positioning_synthetic_v1,avance,90,20,18,100,100,75,75,100,100,100,100,67
avance_0185,3,True,positioning_synthetic_v1,avance,85,20,17,100,100,100,50,100,75,86,71,100
avance_0185,4,True,positioning_synthetic_v1,avance,70,20,14,100,50,75,75,50,100,86,86,33
avance_0186,1,True,positioning_synthetic_v1,avance,65,20,13,100,50,75,50,50,100,71,57,67
avance_0186,2,True,positioning_synthetic_v1,avance,65,20,13,100,100,50,75,50,50,86,57,50
avance_0186,3,True,positioning_synthetic_v1,avance,55,20,11,100,100,25,100,0,50,71,57,33
avance_0186,4,True,positioning_synthetic_v1,avance,90,20,18,100,100,50,100,100,100,100,86,83
avance_0187,1,True,positioning_synthetic_v1,avance,65,20,13,100,50,50,75,75,75,100,71,17
avance_0187,2,True,positioning_synthetic_v1,avance,90,20,18,100,100,100,75,75,100,86,100,83
avance_0187,3,True,positioning_synthetic_v1,avance,75,20,15,100,50,100,75,75,75,86,86,50
avance_0187,4,True,positioning_synthetic_v1,avance,85,20,17,100,75,100,75,75,100,100,100,50
avance_0188,1,True,positioning_synthetic_v1,avance,75,20,15,100,25,75,75,100,100,57,100,67
avance_0188,2,True,positioning_synthetic_v1,avance,80,20,16,100,100,75,100,50,75,100,86,50
avance_0188,3,True,positioning_synthetic_v1,avance,75,20,15,100,75,75,75,50,100,71,71,83
avance_0188,4,True,positioning_synthetic_v1,avance,80,20,16,100,50,100,75,100,75,57,100,83
avance_0189,1,True,positioning_synthetic_v1,avance,75,20,15,100,100,100,75,75,25,100,57,67
avance_0189,2,True,positioning_synthetic_v1,avance,95,20,19,100,100,75,100,100,100,86,100,100
avance_0189,3,True,positioning_synthetic_v1,avance,85,20,17,100,100,75,100,75,75,86,71,100
avance_0189,4,True,positioning_synthetic_v1,avance,95,20,19,100,100,75,100,100,100,100,86,100
avance_0190,1,True,positioning_synthetic_v1,avance,70,20,14,100,50,75,75,75,75,86,86,33
avance_0190,2,True,positioning_synthetic_v1,avance,75,20,15,100,75,100,75,50,75,86,71,67
avance_0190,3,True,positioning_synthetic_v1,avance,80,20,16,100,75,100,100,50,75,86,86,67
avance_0190,4,True,positioning_synthetic_v1,avance,85,20,17,100,75,100,75,75,100,100,86,67
avance_0191,1,True,positioning_synthetic_v1,avance,85,20,17,100,100,100,75,75,75,71,86,100
avance_0191,2,True,positioning_synthetic_v1,avance,55,20,11,100,75,25,50,50,75,86,43,33
avance_0191,3,True,positioning_synthetic_v1,avance,60,20,12,100,25,50,25,100,100,86,29,67
avance_0191,4,True,positioning_synthetic_v1,avance,60,20,12,100,50,100,50,50,50,86,71,17
avance_0192,1,True,positioning_synthetic_v1,avance,85,20,17,100,100,100,100,50,75,100,86,67
avance_0192,2,True,positioning_synthetic_v1,avance,70,20,14,100,50,75,50,100,75,86,57,67
avance_0192,3,True,positioning_synthetic_v1,avance,60,20,12,100,75,100,50,25,50,100,43,33
avance_0192,4,True,positioning_synthetic_v1,avance,50,20,10,100,75,50,50,50,25,100,43,0
avance_0193,1,True,positioning_synthetic_v1,avance,65,20,13,100,50,50,100,75,50,100,57,33
avance_0193,2,True,positioning_synthetic_v1,avance,75,20,15,100,75,75,100,25,100,86,86,50
avance_0193,3,True,positioning_synthetic_v1,avance,75,20,15,100,75,75,100,75,50,86,71,67
avance_0193,4,True,positioning_synthetic_v1,avance,70,20,14,100,75,50,75,100,50,71,57,83
avance_0194,1,True,positioning_synthetic_v1,avance,80,20,16,100,50,50,100,100,100,100,57,83
avance_0194,2,True,positioning_synthetic_v1,avance,90,20,18,100,100,100,100,75,75,100,86,83
avance_0194,3,True,positioning_synthetic_v1,avance,90,20,18,100,50,100,100,100,100,100,86,83
avance_0194,4,True,positioning_synthetic_v1,avance,85,20,17,100,75,75,100,100,75,100,71,83
avance_0195,1,True,positioning_synthetic_v1,avance,70,20,14,100,50,75,75,75,75,100,57,50
avance_0195,2,True,positioning_synthetic_v1,avance,60,20,12,100,100,75,75,25,25,43,71,67
avance_0195,3,True,positioning_synthetic_v1,avance,55,20,11,100,25,100,25,50,75,86,29,50
avance_0195,4,True,positioning_synthetic_v1,avance,70,20,14,100,75,50,75,75,75,86,86,33
avance_0196,1,True,positioning_synthetic_v1,avance,80,20,16,100,75,75,100,50,100,86,100,50
avance_0196,2,True,positioning_synthetic_v1,avance,75,20,15,100,50,50,100,75,100,100,57,67
avance_0196,3,True,positioning_synthetic_v1,avance,70,20,14,100,75,100,75,50,50,86,71,50
avance_0196,4,True,positioning_synthetic_v1,avance,75,20,15,100,100,75,50,75,75,86,100,33
avance_0197,1,True,positioning_synthetic_v1,avance,80,20,16,100,100,75,75,50,100,100,71,67
avance_0197,2,True,positioning_synthetic_v1,avance,85,20,17,100,75,50,100,100,100,100,86,67
avance_0197,3,True,positioning_synthetic_v1,avance,85,20,17,100,75,100,75,100,75,57,100,100
avance_0197,4,True,positioning_synthetic_v1,avance,60,20,12,100,50,50,75,75,50,71,86,17
avance_0198,1,True,positioning_synthetic_v1,avance,75,20,15,100,75,75,25,100,100,100,71,50
avance_0198,2,True,positioning_synthetic_v1,avance,50,20,10,100,25,75,25,50,75,100,43,0
avance_0198,3,True,positioning_synthetic_v1,avance,90,20,18,100,75,100,100,75,100,100,71,100
avance_0198,4,True,positioning_synthetic_v1,avance,75,20,15,100,75,75,100,50,75,100,86,33
avance_0199,1,True,positioning_synthetic_v1,avance,80,20,16,100,100,75,75,75,75,86,86,67
avance_0199,2,True,positioning_synthetic_v1,avance,80,20,16,100,100,75,50,100,75,100,71,67
avance_0199,3,True,positioning_synthetic_v1,avance,80,20,16,100,75,50,100,100,75,100,71,67
avance_0199,4,True,positioning_synthetic_v1,avance,80,20,16,100,100,75,75,75,75,86,71,83
avance_0200,1,True,positioning_synthetic_v1,avance,80,20,16,100,75,100,75,75,75,86,100,50
avance_0200,2,True,positioning_synthetic_v1,avance,85,20,17,100,100,100,75,50,100,71,100,83
avance_0200,3,True,positioning_synthetic_v1,avance,85,20,17,100,75,100,100,75,75,100,71,83
avance_0200,4,True,positioning_synthetic_v1,avance,90,20,18,100,100,100,50,100,100,86,100,83
avance_0201,1,True,positioning_synthetic_v1,avance,90,20,18,100,100,100,75,75,100,86,100,83
avance_0201,2,True,positioning_synthetic_v1,avance,50,20,10,100,75,75,50,25,25,86,29,33
avance_0201,3,True,positioning_synthetic_v1,avance,70,20,14,100,50,75,75,50,100,86,71,50
avance_0201,4,True,positioning_synthetic_v1,avance,65,20,13,100,75,50,75,25,100,86,43,67
avance_0202,1,True,positioning_synthetic_v1,avance,70,20,14,100,50,100,50,75,75,100,57,50
avance_0202,2,True,positioning_synthetic_v1,avance,65,20,13,100,50,100,75,25,75,86,57,50
avance_0202,3,True,positioning_synthetic_v1,avance,70,20,14,100,100,75,25,75,75,86,71,50
avance_0202,4,True,positioning_synthetic_v1,avance,85,20,17,100,100,75,100,75,75,86,100,67
avance_0203,1,True,positioning_synthetic_v1,avance,85,20,17,100,100,75,75,100,75,86,86,83
avance_0203,2,True,positioning_synthetic_v1,avance,75,20,15,100,75,75,100,50,75,100,43,83
avance_0203,3,True,positioning_synthetic_v1,avance,80,20,16,100,100,100,75,50,75,100,86,50
avance_0203,4,True,positioning_synthetic_v1,avance,90,20,18,100,100,100,75,100,75,100,86,83
avance_0204,1,True,positioning_synthetic_v1,avance,80,20,16,100,50,100,50,100,100,71,86,83
avance_0204,2,True,positioning_synthetic_v1,avance,80,20,16,100,100,75,75,50,100,100,86,50
avance_0204,3,True,positioning_synthetic_v1,avance,90,20,18,100,75,100,100,100,75,71,100,100
avance_0204,4,True,positioning_synthetic_v1,avance,90,20,18,100,100,100,100,75,75,100,100,67
avance_0205,1,True,positioning_synthetic_v1,avance,65,20,13,100,50,50,50,75,100,86,86,17
avance_0205,2,True,positioning_synthetic_v1,avance,55,20,11,100,50,25,100,50,50,86,43,33
avance_0205,3,True,positioning_synthetic_v1,avance,70,20,14,100,25,100,100,50,75,71,71,67
avance_0205,4,True,positioning_synthetic_v1,avance,70,20,14,100,25,100,100,75,50,71,71,67
avance_0206,1,True,positioning_synthetic_v1,avance,90,20,18,100,75,100,100,100,75,86,86,100
avance_0206,2,True,positioning_synthetic_v1,avance,90,20,18,100,75,100,100,75,100,100,86,83
avance_0206,3,True,positioning_synthetic_v1,avance,100,20,20,100,100,100,100,100,100,100,100,100
avance_0206,4,True,positioning_synthetic_v1,avance,85,20,17,100,100,100,75,75,75,86,100,67
avance_0207,1,True,positioning_synthetic_v1,avance,90,20,18,100,100,100,75,75,100,86,100,83
avance_0207,2,True,positioning_synthetic_v1,avance,85,20,17,100,50,75,100,100,100,100,86,67
avance_0207,3,True,positioning_synthetic_v1,avance,85,20,17,100,75,75,100,75,100,100,71,83
avance_0207,4,True,positioning_synthetic_v1,avance,80,20,16,100,75,75,100,100,50,86,71,83
avance_0208,1,True,positioning_synthetic_v1,avance,85,20,17,100,100,100,75,75,75,86,100,67
avance_0208,2,True,positioning_synthetic_v1,avance,85,20,17,100,100,100,75,75,75,100,100,50
avance_0208,3,True,positioning_synthetic_v1,avance,95,20,19,100,100,100,100,75,100,100,86,100
avance_0208,4,True,positioning_synthetic_v1,avance,85,20,17,100,75,75,100,100,75,100,86,67
avance_0209,1,True,positioning_synthetic_v1,avance,75,20,15,100,100,75,50,75,75,100,86,33
avance_0209,2,True,positioning_synthetic_v1,avance,75,20,15,100,100,75,25,75,100,100,71,50
avance_0209,3,True,positioning_synthetic_v1,avance,65,20,13,100,100,50,50,75,50,86,71,33
avance_0209,4,True,positioning_synthetic_v1,avance,75,20,15,100,100,50,50,75,100,100,86,33
avance_0210,1,True,positioning_synthetic_v1,avance,70,20,14,100,100,75,75,75,25,100,57,50
avance_0210,2,True,positioning_synthetic_v1,avance,85,20,17,100,100,100,50,100,75,100,86,67
avance_0210,3,True,positioning_synthetic_v1,avance,75,20,15,100,100,75,75,75,50,86,71,67
avance_0210,4,True,positioning_synthetic_v1,avance,80,20,16,100,50,75,100,75,100,100,71,67
avance_0211,1,True,positioning_synthetic_v1,avance,95,20,19,100,75,100,100,100,100,100,86,100
avance_0211,2,True,positioning_synthetic_v1,avance,85,20,17,100,100,100,100,50,75,86,86,83
avance_0211,3,True,positioning_synthetic_v1,avance,65,20,13,100,75,75,25,50,100,86,57,50
avance_0211,4,True,positioning_synthetic_v1,avance,80,20,16,100,100,100,75,50,75,100,86,50
avance_0212,1,True,positioning_synthetic_v1,avance,85,20,17,100,100,100,50,75,100,100,71,83
avance_0212,2,True,positioning_synthetic_v1,avance,90,20,18,100,100,75,75,100,100,86,86,100
avance_0212,3,True,positioning_synthetic_v1,avance,70,20,14,100,75,50,50,75,100,86,71,50
avance_0212,4,True,positioning_synthetic_v1,avance,90,20,18,100,100,75,100,100,75,86,100,83
avance_0213,1,True,positioning_synthetic_v1,avance,75,20,15,100,75,100,75,75,50,86,71,67
avance_0213,2,True,positioning_synthetic_v1,avance,65,20,13,100,75,75,50,50,75,100,43,50
avance_0213,3,True,positioning_synthetic_v1,avance,75,20,15,100,75,100,75,75,50,86,86,50
avance_0213,4,True,positioning_synthetic_v1,avance,80,20,16,100,50,75,100,75,100,71,100,67
avance_0214,1,True,positioning_synthetic_v1,avance,80,20,16,100,100,75,50,75,100,100,86,50
avance_0214,2,True,positioning_synthetic_v1,avance,80,20,16,100,50,75,100,75,100,100,71,67
avance_0214,3,True,positioning_synthetic_v1,avance,90,20,18,100,75,100,100,100,75,100,100,67
avance_0214,4,True,positioning_synthetic_v1,avance,80,20,16,100,75,75,100,100,50,71,86,83
avance_0215,1,True,positioning_synthetic_v1,avance,80,20,16,100,75,75,75,100,75,100,100,33
avance_0215,2,True,positioning_synthetic_v1,avance,70,20,14,100,50,75,50,100,75,86,71,50
avance_0215,3,True,positioning_synthetic_v1,avance,80,20,16,100,50,100,75,100,75,100,71,67
avance_0215,4,True,positioning_synthetic_v1,avance,75,20,15,100,25,100,75,100,75,71,100,50
avance_0216,1,True,positioning_synthetic_v1,avance,65,20,13,100,25,75,100,100,25,71,71,50
avance_0216,2,True,positioning_synthetic_v1,avance,70,20,14,100,50,100,75,100,25,71,57,83
avance_0216,3,True,positioning_synthetic_v1,avance,55,20,11,100,50,75,25,75,50,100,14,50
avance_0216,4,True,positioning_synthetic_v1,avance,70,20,14,100,75,50,75,100,50,100,57,50
avance_0217,1,True,positioning_synthetic_v1,avance,90,20,18,100,100,75,100,100,75,100,86,83
avance_0217,2,True,positioning_synthetic_v1,avance,90,20,18,100,100,100,100,75,75,86,100,83
avance_0217,3,True,positioning_synthetic_v1,avance,70,20,14,100,50,75,50,75,100,71,71,67
avance_0217,4,True,positioning_synthetic_v1,avance,70,20,14,100,75,75,75,75,50,86,43,83
avance_0218,1,True,positioning_synthetic_v1,avance,85,20,17,100,50,100,75,100,100,100,100,50
avance_0218,2,True,positioning_synthetic_v1,avance,90,20,18,100,100,75,100,75,100,100,86,83
avance_0218,3,True,positioning_synthetic_v1,avance,75,20,15,100,50,75,100,75,75,100,57,67
avance_0218,4,True,positioning_synthetic_v1,avance,75,20,15,100,50,75,75,75,100,71,71,83
avance_0219,1,True,positioning_synthetic_v1,avance,65,20,13,100,75,75,75,25,75,86,57,50
avance_0219,2,True,positioning_synthetic_v1,avance,80,20,16,100,75,100,75,100,50,71,86,83
avance_0219,3,True,positioning_synthetic_v1,avance,80,20,16,100,50,100,75,100,75,86,100,50
avance_0219,4,True,positioning_synthetic_v1,avance,90,20,18,100,100,75,100,75,100,100,86,83
avance_0220,1,True,positioning_synthetic_v1,avance,75,20,15,100,100,100,0,75,100,86,71,67
avance_0220,2,True,positioning_synthetic_v1,avance,70,20,14,100,75,75,100,75,25,86,86,33
avance_0220,3,True,positioning_synthetic_v1,avance,60,20,12,100,75,50,25,100,50,86,57,33
avance_0220,4,True,positioning_synthetic_v1,avance,80,20,16,100,100,75,75,100,50,86,100,50
avance_0221,1,True,positioning_synthetic_v1,avance,70,20,14,100,75,50,75,75,75,86,71,50
avance_0221,2,True,positioning_synthetic_v1,avance,75,20,15,100,100,75,50,75,75,100,57,67
avance_0221,3,True,positioning_synthetic_v1,avance,75,20,15,100,75,50,100,50,100,86,57,83
avance_0221,4,True,positioning_synthetic_v1,avance,60,20,12,100,75,50,50,50,75,86,43,50
avance_0222,1,True,positioning_synthetic_v1,avance,85,20,17,100,75,100,100,100,50,100,86,67
avance_0222,2,True,positioning_synthetic_v1,avance,70,20,14,100,75,75,75,75,50,86,71,50
avance_0222,3,True,positioning_synthetic_v1,avance,70,20,14,100,75,75,75,75,50,86,71,50
avance_0222,4,True,positioning_synthetic_v1,avance,95,20,19,100,75,100,100,100,100,100,86,100
avance_0223,1,True,positioning_synthetic_v1,avance,80,20,16,100,75,100,75,50,100,86,86,67
avance_0223,2,True,positioning_synthetic_v1,avance,85,20,17,100,100,100,100,75,50,86,100,67
avance_0223,3,True,positioning_synthetic_v1,avance,85,20,17,100,75,100,100,75,75,100,86,67
avance_0223,4,True,positioning_synthetic_v1,avance,95,20,19,100,100,100,100,100,75,100,100,83
avance_0224,1,True,positioning_synthetic_v1,avance,85,20,17,100,50,100,100,100,75,71,100,83
avance_0224,2,True,positioning_synthetic_v1,avance,80,20,16,100,100,100,50,100,50,86,86,67
avance_0224,3,True,positioning_synthetic_v1,avance,85,20,17,100,100,100,50,100,75,100,86,67
avance_0224,4,True,positioning_synthetic_v1,avance,85,20,17,100,75,75,100,100,75,86,100,67
avance_0225,1,True,positioning_synthetic_v1,avance,80,20,16,100,75,75,100,75,75,86,86,67
avance_0225,2,True,positioning_synthetic_v1,avance,75,20,15,100,75,75,50,75,100,86,57,83
avance_0225,3,True,positioning_synthetic_v1,avance,75,20,15,100,75,75,50,100,75,100,86,33
avance_0225,4,True,positioning_synthetic_v1,avance,55,20,11,100,50,75,100,50,0,71,57,33
avance_0226,1,True,positioning_synthetic_v1,avance,95,20,19,100,75,100,100,100,100,100,100,83
avance_0226,2,True,positioning_synthetic_v1,avance,80,20,16,100,75,75,75,100,75,100,100,33
avance_0226,3,True,positioning_synthetic_v1,avance,95,20,19,100,100,100,75,100,100,100,86,100
avance_0226,4,True,positioning_synthetic_v1,avance,75,20,15,100,75,50,75,100,75,86,86,50
avance_0227,1,True,positioning_synthetic_v1,avance,85,20,17,100,100,75,75,75,100,100,100,50
avance_0227,2,True,positioning_synthetic_v1,avance,90,20,18,100,100,75,75,100,100,100,86,83
avance_0227,3,True,positioning_synthetic_v1,avance,75,20,15,100,100,50,100,50,75,100,71,50
avance_0227,4,True,positioning_synthetic_v1,avance,80,20,16,100,75,100,75,100,50,86,86,67
avance_0228,1,True,positioning_synthetic_v1,avance,90,20,18,100,100,75,100,75,100,86,86,100
avance_0228,2,True,positioning_synthetic_v1,avance,85,20,17,100,75,75,100,100,75,100,86,67
avance_0228,3,True,positioning_synthetic_v1,avance,95,20,19,100,75,100,100,100,100,100,86,100
avance_0228,4,True,positioning_synthetic_v1,avance,90,20,18,100,100,75,100,100,75,100,86,83
avance_0229,1,True,positioning_synthetic_v1,avance,65,20,13,100,50,100,75,75,25,86,57,50
avance_0229,2,True,positioning_synthetic_v1,avance,80,20,16,100,75,100,100,75,50,100,71,67
avance_0229,3,True,positioning_synthetic_v1,avance,60,20,12,100,50,50,100,50,50,86,43,50
avance_0229,4,True,positioning_synthetic_v1,avance,70,20,14,100,50,75,100,75,50,100,57,50
avance_0230,1,True,positioning_synthetic_v1,avance,80,20,16,100,50,75,100,75,100,100,86,50
avance_0230,2,True,positioning_synthetic_v1,avance,90,20,18,100,100,100,75,75,100,100,86,83
avance_0230,3,True,positioning_synthetic_v1,avance,75,20,15,100,50,100,75,100,50,71,86,67
avance_0230,4,True,positioning_synthetic_v1,avance,75,20,15,100,75,50,75,75,100,86,71,67
avance_0231,1,True,positioning_synthetic_v1,avance,80,20,16,100,75,100,75,75,75,100,86,50
avance_0231,2,True,positioning_synthetic_v1,avance,80,20,16,100,75,100,75,75,75,100,71,67
avance_0231,3,True,positioning_synthetic_v1,avance,65,20,13,100,75,25,75,50,100,86,57,50
avance_0231,4,True,positioning_synthetic_v1,avance,85,20,17,100,75,75,100,75,100,86,71,100
avance_0232,1,True,positioning_synthetic_v1,avance,80,20,16,100,100,75,75,75,75,100,71,67
avance_0232,2,True,positioning_synthetic_v1,avance,90,20,18,100,75,100,75,100,100,100,100,67
avance_0232,3,True,positioning_synthetic_v1,avance,70,20,14,100,75,50,50,75,100,100,86,17
avance_0232,4,True,positioning_synthetic_v1,avance,70,20,14,100,75,75,25,75,100,86,71,50
avance_0233,1,True,positioning_synthetic_v1,avance,75,20,15,100,100,75,75,50,75,100,100,17
avance_0233,2,True,positioning_synthetic_v1,avance,80,20,16,100,75,25,100,100,100,100,71,67
avance_0233,3,True,positioning_synthetic_v1,avance,95,20,19,100,75,100,100,100,100,100,100,83
avance_0233,4,True,positioning_synthetic_v1,avance,70,20,14,100,75,50,25,100,100,100,57,50
avance_0234,1,True,positioning_synthetic_v1,avance,75,20,15,100,100,50,75,75,75,100,71,50
avance_0234,2,True,positioning_synthetic_v1,avance,85,20,17,100,100,100,50,100,75,100,71,83
avance_0234,3,True,positioning_synthetic_v1,avance,70,20,14,100,75,100,25,50,100,86,57,67
avance_0234,4,True,positioning_synthetic_v1,avance,75,20,15,100,50,100,75,50,100,86,71,67
avance_0235,1,True,positioning_synthetic_v1,avance,85,20,17,100,100,75,100,75,75,100,86,67
avance_0235,2,True,positioning_synthetic_v1,avance,80,20,16,100,75,75,100,50,100,57,86,100
avance_0235,3,True,positioning_synthetic_v1,avance,80,20,16,100,75,100,75,100,50,86,100,50
avance_0235,4,True,positioning_synthetic_v1,avance,95,20,19,100,100,100,100,100,75,86,100,100
avance_0236,1,True,positioning_synthetic_v1,avance,75,20,15,100,75,75,25,100,100,86,71,67
avance_0236,2,True,positioning_synthetic_v1,avance,75,20,15,100,100,100,50,25,100,100,71,50
avance_0236,3,True,positioning_synthetic_v1,avance,90,20,18,100,100,100,100,75,75,86,100,83
avance_0236,4,True,positioning_synthetic_v1,avance,85,20,17,100,75,75,100,100,75,71,86,100
avance_0237,1,True,positioning_synthetic_v1,avance,65,20,13,100,75,50,50,75,75,100,71,17
avance_0237,2,True,positioning_synthetic_v1,avance,80,20,16,100,100,75,50,100,75,100,71,67
avance_0237,3,True,positioning_synthetic_v1,avance,80,20,16,100,100,100,25,75,100,100,57,83
avance_0237,4,True,positioning_synthetic_v1,avance,80,20,16,100,100,100,50,75,75,86,86,67
avance_0238,1,True,positioning_synthetic_v1,avance,90,20,18,100,75,75,100,100,100,100,100,67
avance_0238,2,True,positioning_synthetic_v1,avance,90,20,18,100,100,100,75,75,100,100,100,67
avance_0238,3,True,positioning_synthetic_v1,avance,75,20,15,100,100,100,25,100,50,100,57,67
avance_0238,4,True,positioning_synthetic_v1,avance,75,20,15,100,100,75,75,50,75,100,71,50
avance_0239,1,True,positioning_synthetic_v1,avance,65,20,13,100,75,100,75,25,50,86,71,33
avance_0239,2,True,positioning_synthetic_v1,avance,75,20,15,100,75,75,50,75,100,86,86,50
avance_0239,3,True,positioning_synthetic_v1,avance,75,20,15,100,75,50,100,50,100,86,43,100
avance_0239,4,True,positioning_synthetic_v1,avance,85,20,17,100,100,75,75,75,100,86,100,67
avance_0240,1,True,positioning_synthetic_v1,avance,60,20,12,100,100,100,50,50,0,71,43,67
avance_0240,2,True,positioning_synthetic_v1,avance,75,20,15,100,75,50,75,100,75,100,57,67
avance_0240,3,True,positioning_synthetic_v1,avance,60,20,12,100,50,75,25,75,75,86,43,50
avance_0240,4,True,positioning_synthetic_v1,avance,50,20,10,100,25,75,25,100,25,71,43,33
avance_0241,1,True,positioning_synthetic_v1,avance,80,20,16,100,100,75,75,50,100,100,86,50
avance_0241,2,True,positioning_synthetic_v1,avance,85,20,17,100,100,75,75,100,75,100,57,100
avance_0241,3,True,positioning_synthetic_v1,avance,85,20,17,100,75,100,100,100,50,86,100,67
avance_0241,4,True,positioning_synthetic_v1,avance,80,20,16,100,75,50,100,75,100,100,71,67
avance_0242,1,True,positioning_synthetic_v1,avance,80,20,16,100,100,100,75,50,75,100,71,67
avance_0242,2,True,positioning_synthetic_v1,avance,90,20,18,100,75,100,100,100,75,86,100,83
avance_0242,3,True,positioning_synthetic_v1,avance,75,20,15,100,75,75,50,100,75,71,86,67
avance_0242,4,True,positioning_synthetic_v1,avance,75,20,15,100,75,75,75,50,100,86,86,50
avance_0243,1,True,positioning_synthetic_v1,avance,70,20,14,100,50,75,100,75,50,86,71,50
avance_0243,2,True,positioning_synthetic_v1,avance,55,20,11,100,50,50,75,50,50,43,71,50
avance_0243,3,True,positioning_synthetic_v1,avance,65,20,13,100,75,50,50,75,75,86,29,83
avance_0243,4,True,positioning_synthetic_v1,avance,50,20,10,100,75,50,0,75,50,86,14,50
avance_0244,1,True,positioning_synthetic_v1,avance,80,20,16,100,75,100,75,100,50,100,71,67
avance_0244,2,True,positioning_synthetic_v1,avance,65,20,13,100,25,100,75,75,50,71,57,67
avance_0244,3,True,positioning_synthetic_v1,avance,85,20,17,100,75,100,75,100,75,86,86,83
avance_0244,4,True,positioning_synthetic_v1,avance,75,20,15,100,100,75,75,25,100,100,71,50
avance_0245,1,True,positioning_synthetic_v1,avance,75,20,15,100,75,75,75,75,75,86,86,50
avance_0245,2,True,positioning_synthetic_v1,avance,65,20,13,100,100,50,75,50,50,71,71,50
avance_0245,3,True,positioning_synthetic_v1,avance,65,20,13,100,50,75,50,50,100,71,57,67
avance_0245,4,True,positioning_synthetic_v1,avance,75,20,15,100,75,75,75,50,100,71,86,67
avance_0246,1,True,positioning_synthetic_v1,avance,55,20,11,100,100,50,25,75,25,71,71,17
avance_0246,2,True,positioning_synthetic_v1,avance,65,20,13,100,100,50,50,75,50,86,86,17
avance_0246,3,True,positioning_synthetic_v1,avance,45,20,9,100,75,25,75,25,25,71,57,0
avance_0246,4,True,positioning_synthetic_v1,avance,50,20,10,100,75,25,25,50,75,86,57,0
avance_0247,1,True,positioning_synthetic_v1,avance,70,20,14,100,100,75,25,100,50,71,100,33
avance_0247,2,True,positioning_synthetic_v1,avance,90,20,18,100,100,100,75,75,100,100,86,83
avance_0247,3,True,positioning_synthetic_v1,avance,90,20,18,100,75,100,75,100,100,100,100,67
avance_0247,4,True,positioning_synthetic_v1,avance,95,20,19,100,100,100,100,75,100,100,100,83
avance_0248,1,True,positioning_synthetic_v1,avance,80,20,16,100,75,50,100,75,100,100,71,67
avance_0248,2,True,positioning_synthetic_v1,avance,70,20,14,100,75,25,75,75,100,71,71,67
avance_0248,3,True,positioning_synthetic_v1,avance,90,20,18,100,75,100,100,75,100,86,100,83
avance_0248,4,True,positioning_synthetic_v1,avance,70,20,14,100,25,100,50,100,75,86,57,67
avance_0249,1,True,positioning_synthetic_v1,avance,65,20,13,100,100,50,25,75,75,71,57,67
avance_0249,2,True,positioning_synthetic_v1,avance,75,20,15,100,75,75,50,75,100,100,71,50
avance_0249,3,True,positioning_synthetic_v1,avance,85,20,17,100,75,100,75,100,75,100,100,50
avance_0249,4,True,positioning_synthetic_v1,avance,65,20,13,100,25,75,75,75,75,86,57,50
avance_0250,1,True,positioning_synthetic_v1,avance,65,20,13,100,75,50,50,50,100,86,57,50
avance_0250,2,True,positioning_synthetic_v1,avance,80,20,16,100,100,75,25,100,100,100,71,67
avance_0250,3,True,positioning_synthetic_v1,avance,70,20,14,100,75,50,50,75,100,71,57,83
avance_0250,4,True,positioning_synthetic_v1,avance,80,20,16,100,100,50,50,100,100,86,71,83
avance_0251,1,True,positioning_synthetic_v1,avance,75,20,15,100,50,75,100,75,75,100,71,50
avance_0251,2,True,positioning_synthetic_v1,avance,75,20,15,100,50,100,100,50,75,57,100,67
avance_0251,3,True,positioning_synthetic_v1,avance,80,20,16,100,75,75,75,75,100,100,86,50
avance_0251,4,True,positioning_synthetic_v1,avance,75,20,15,100,75,100,100,75,25,86,71,67
avance_0252,1,True,positioning_synthetic_v1,avance,60,20,12,100,75,50,75,75,25,71,86,17
avance_0252,2,True,positioning_synthetic_v1,avance,70,20,14,100,50,50,75,100,75,71,86,50
avance_0252,3,True,positioning_synthetic_v1,avance,70,20,14,100,100,50,50,75,75,100,71,33
avance_0252,4,True,positioning_synthetic_v1,avance,80,20,16,100,100,50,75,100,75,86,71,83
avance_0253,1,True,positioning_synthetic_v1,avance,90,20,18,100,75,75,100,100,100,100,86,83
avance_0253,2,True,positioning_synthetic_v1,avance,65,20,13,100,75,50,50,75,75,71,57,67
avance_0253,3,True,positioning_synthetic_v1,avance,55,20,11,100,0,75,75,50,75,57,57,50
avance_0253,4,True,positioning_synthetic_v1,avance,70,20,14,100,100,50,50,75,75,71,71,67
avance_0254,1,True,positioning_synthetic_v1,avance,85,20,17,100,75,75,100,75,100,86,86,83
avance_0254,2,True,positioning_synthetic_v1,avance,70,20,14,100,75,75,50,75,75,100,57,50
avance_0254,3,True,positioning_synthetic_v1,avance,70,20,14,100,100,75,50,50,75,100,71,33
avance_0254,4,True,positioning_synthetic_v1,avance,65,20,13,100,75,50,75,50,75,86,86,17
avance_0255,1,True,positioning_synthetic_v1,avance,80,20,16,100,100,75,75,100,50,86,86,67
avance_0255,2,True,positioning_synthetic_v1,avance,80,20,16,100,100,100,75,50,75,100,71,67
avance_0255,3,True,positioning_synthetic_v1,avance,75,20,15,100,100,75,75,50,75,71,71,83
avance_0255,4,True,positioning_synthetic_v1,avance,75,20,15,100,75,75,100,50,75,86,86,50
avance_0256,1,True,positioning_synthetic_v1,avance,90,20,18,100,100,100,100,50,100,100,71,100
avance_0256,2,True,positioning_synthetic_v1,avance,95,20,19,100,100,100,75,100,100,100,86,100
avance_0256,3,True,positioning_synthetic_v1,avance,90,20,18,100,100,100,100,75,75,86,100,83
avance_0256,4,True,positioning_synthetic_v1,avance,80,20,16,100,50,75,100,75,100,86,100,50
avance_0257,1,True,positioning_synthetic_v1,avance,90,20,18,100,100,100,75,75,100,100,100,67
avance_0257,2,True,positioning_synthetic_v1,avance,85,20,17,100,100,75,50,100,100,86,86,83
avance_0257,3,True,positioning_synthetic_v1,avance,80,20,16,100,50,75,100,75,100,86,86,67
avance_0257,4,True,positioning_synthetic_v1,avance,85,20,17,100,100,75,100,50,100,100,71,83
avance_0258,1,True,positioning_synthetic_v1,avance,75,20,15,100,75,75,50,75,100,71,57,100
avance_0258,2,True,positioning_synthetic_v1,avance,75,20,15,100,100,75,75,75,50,100,86,33
avance_0258,3,True,positioning_synthetic_v1,avance,70,20,14,100,100,75,75,75,25,71,71,67
avance_0258,4,True,positioning_synthetic_v1,avance,70,20,14,100,75,75,75,50,75,86,57,67
avance_0259,1,True,positioning_synthetic_v1,avance,85,20,17,100,100,100,75,100,50,100,86,67
avance_0259,2,True,positioning_synthetic_v1,avance,80,20,16,100,50,75,100,75,100,100,86,50
avance_0259,3,True,positioning_synthetic_v1,avance,70,20,14,100,75,75,75,75,50,71,57,83
avance_0259,4,True,positioning_synthetic_v1,avance,90,20,18,100,75,100,100,75,100,100,86,83
avance_0260,1,True,positioning_synthetic_v1,avance,75,20,15,100,50,75,100,75,75,86,86,50
avance_0260,2,True,positioning_synthetic_v1,avance,85,20,17,100,100,100,75,75,75,100,86,67
avance_0260,3,True,positioning_synthetic_v1,avance,80,20,16,100,100,75,75,75,75,100,86,50
avance_0260,4,True,positioning_synthetic_v1,avance,75,20,15,100,50,50,100,100,75,100,57,67
avance_0261,1,True,positioning_synthetic_v1,avance,95,20,19,100,100,75,100,100,100,100,86,100
avance_0261,2,True,positioning_synthetic_v1,avance,90,20,18,100,75,100,75,100,100,100,71,100
avance_0261,3,True,positioning_synthetic_v1,avance,95,20,19,100,100,100,75,100,100,100,100,83
avance_0261,4,True,positioning_synthetic_v1,avance,85,20,17,100,100,75,75,100,75,100,100,50
avance_0262,1,True,positioning_synthetic_v1,avance,85,20,17,100,100,50,75,100,100,100,86,67
avance_0262,2,True,positioning_synthetic_v1,avance,85,20,17,100,100,75,100,100,50,100,86,67
avance_0262,3,True,positioning_synthetic_v1,avance,90,20,18,100,100,100,100,50,100,86,86,100
avance_0262,4,True,positioning_synthetic_v1,avance,95,20,19,100,75,100,100,100,100,100,86,100
avance_0263,1,True,positioning_synthetic_v1,avance,60,20,12,100,100,75,75,25,25,86,43,50
avance_0263,2,True,positioning_synthetic_v1,avance,80,20,16,100,100,75,100,75,50,86,100,50
avance_0263,3,True,positioning_synthetic_v1,avance,50,20,10,100,75,50,25,50,50,57,71,17
avance_0263,4,True,positioning_synthetic_v1,avance,80,20,16,100,75,75,75,75,100,100,71,67
avance_0264,1,True,positioning_synthetic_v1,avance,70,20,14,100,100,75,75,50,50,86,57,67
avance_0264,2,True,positioning_synthetic_v1,avance,90,20,18,100,100,100,100,100,50,100,86,83
avance_0264,3,True,positioning_synthetic_v1,avance,75,20,15,100,75,75,75,50,100,71,86,67
avance_0264,4,True,positioning_synthetic_v1,avance,85,20,17,100,75,75,75,100,100,100,57,100
avance_0265,1,True,positioning_synthetic_v1,avance,75,20,15,100,75,50,75,100,75,100,71,50
avance_0265,2,True,positioning_synthetic_v1,avance,100,20,20,100,100,100,100,100,100,100,100,100
avance_0265,3,True,positioning_synthetic_v1,avance,75,20,15,100,100,25,100,100,50,71,86,67
avance_0265,4,True,positioning_synthetic_v1,avance,85,20,17,100,100,100,75,50,100,86,100,67
avance_0266,1,True,positioning_synthetic_v1,avance,65,20,13,100,75,50,50,75,75,71,71,50
avance_0266,2,True,positioning_synthetic_v1,avance,75,20,15,100,75,100,75,75,50,86,86,50
avance_0266,3,True,positioning_synthetic_v1,avance,75,20,15,100,75,100,50,50,100,100,57,67
avance_0266,4,True,positioning_synthetic_v1,avance,90,20,18,100,75,100,100,75,100,100,86,83
avance_0267,1,True,positioning_synthetic_v1,avance,75,20,15,100,75,75,75,75,75,57,71,100
avance_0267,2,True,positioning_synthetic_v1,avance,75,20,15,100,75,75,75,75,75,86,86,50
avance_0267,3,True,positioning_synthetic_v1,avance,85,20,17,100,75,75,100,100,75,100,71,83
avance_0267,4,True,positioning_synthetic_v1,avance,85,20,17,100,75,100,75,100,75,100,71,83
avance_0268,1,True,positioning_synthetic_v1,avance,55,20,11,100,50,50,75,50,50,43,71,50
avance_0268,2,True,positioning_synthetic_v1,avance,65,20,13,100,75,50,75,75,50,71,86,33
avance_0268,3,True,positioning_synthetic_v1,avance,70,20,14,100,75,75,100,50,50,71,71,67
avance_0268,4,True,positioning_synthetic_v1,avance,50,20,10,100,25,50,50,100,25,57,57,33
avance_0269,1,True,positioning_synthetic_v1,avance,80,20,16,100,100,50,50,100,100,100,57,83
avance_0269,2,True,positioning_synthetic_v1,avance,85,20,17,100,100,75,75,100,75,71,100,83
avance_0269,3,True,positioning_synthetic_v1,avance,95,20,19,100,100,100,100,100,75,100,100,83
avance_0269,4,True,positioning_synthetic_v1,avance,90,20,18,100,100,100,100,75,75,86,86,100
avance_0270,1,True,positioning_synthetic_v1,avance,85,20,17,100,100,50,100,100,75,86,100,67
avance_0270,2,True,positioning_synthetic_v1,avance,70,20,14,100,100,50,50,75,75,57,71,83
avance_0270,3,True,positioning_synthetic_v1,avance,95,20,19,100,100,100,75,100,100,100,100,83
avance_0270,4,True,positioning_synthetic_v1,avance,90,20,18,100,100,100,75,100,75,71,100,100
avance_0271,1,True,positioning_synthetic_v1,avance,95,20,19,100,100,100,75,100,100,100,100,83
avance_0271,2,True,positioning_synthetic_v1,avance,95,20,19,100,100,100,100,75,100,100,86,100
avance_0271,3,True,positioning_synthetic_v1,avance,100,20,20,100,100,100,100,100,100,100,100,100
avance_0271,4,True,positioning_synthetic_v1,avance,95,20,19,100,75,100,100,100,100,100,86,100
avance_0272,1,True,positioning_synthetic_v1,avance,90,20,18,100,100,100,75,75,100,100,71,100
avance_0272,2,True,positioning_synthetic_v1,avance,85,20,17,100,75,100,100,100,50,86,86,83
avance_0272,3,True,positioning_synthetic_v1,avance,80,20,16,100,75,50,75,100,100,100,86,50
avance_0272,4,True,positioning_synthetic_v1,avance,90,20,18,100,100,100,75,100,75,100,86,83
avance_0273,1,True,positioning_synthetic_v1,avance,65,20,13,100,75,75,75,50,50,71,57,67
avance_0273,2,True,positioning_synthetic_v1,avance,80,20,16,100,75,75,75,75,100,100,86,50
avance_0273,3,True,positioning_synthetic_v1,avance,80,20,16,100,100,75,75,75,75,100,71,67
avance_0273,4,True,positioning_synthetic_v1,avance,75,20,15,100,100,100,75,25,75,86,71,67
avance_0274,1,True,positioning_synthetic_v1,avance,85,20,17,100,75,50,100,100,100,86,100,67
avance_0274,2,True,positioning_synthetic_v1,avance,75,20,15,100,75,50,100,75,75,100,57,67
avance_0274,3,True,positioning_synthetic_v1,avance,80,20,16,100,100,75,100,75,50,86,86,67
avance_0274,4,True,positioning_synthetic_v1,avance,65,20,13,100,100,50,75,75,25,86,57,50
avance_0275,1,True,positioning_synthetic_v1,avance,75,20,15,100,100,75,100,50,50,100,57,67
avance_0275,2,True,positioning_synthetic_v1,avance,65,20,13,100,75,75,100,50,25,71,71,50
avance_0275,3,True,positioning_synthetic_v1,avance,45,20,9,100,50,25,25,75,50,86,14,33
avance_0275,4,True,positioning_synthetic_v1,avance,90,20,18,100,100,100,75,75,100,100,71,100
avance_0276,1,True,positioning_synthetic_v1,avance,75,20,15,100,75,75,75,50,100,86,71,67
avance_0276,2,True,positioning_synthetic_v1,avance,80,20,16,100,75,100,50,100,75,86,86,67
avance_0276,3,True,positioning_synthetic_v1,avance,95,20,19,100,100,100,100,100,75,100,100,83
avance_0276,4,True,positioning_synthetic_v1,avance,90,20,18,100,100,100,100,75,75,100,86,83
avance_0277,1,True,positioning_synthetic_v1,avance,75,20,15,100,75,75,50,75,100,86,71,67
avance_0277,2,True,positioning_synthetic_v1,avance,90,20,18,100,100,100,75,75,100,100,71,100
avance_0277,3,True,positioning_synthetic_v1,avance,75,20,15,100,50,75,75,75,100,86,71,67
avance_0277,4,True,positioning_synthetic_v1,avance,95,20,19,100,100,100,75,100,100,100,100,83
avance_0278,1,True,positioning_synthetic_v1,avance,75,20,15,100,75,75,100,75,50,100,71,50
avance_0278,2,True,positioning_synthetic_v1,avance,80,20,16,100,75,100,75,75,75,86,71,83
avance_0278,3,True,positioning_synthetic_v1,avance,60,20,12,100,75,50,100,50,25,86,57,33
avance_0278,4,True,positioning_synthetic_v1,avance,75,20,15,100,100,50,100,50,75,100,43,83
avance_0279,1,True,positioning_synthetic_v1,avance,80,20,16,100,100,50,75,75,100,71,86,83
avance_0279,2,True,positioning_synthetic_v1,avance,80,20,16,100,100,25,100,100,75,71,86,83
avance_0279,3,True,positioning_synthetic_v1,avance,60,20,12,100,50,25,75,75,75,71,71,33
avance_0279,4,True,positioning_synthetic_v1,avance,65,20,13,100,75,50,50,100,50,71,43,83
avance_0280,1,True,positioning_synthetic_v1,avance,60,20,12,100,100,25,75,50,50,71,29,83
avance_0280,2,True,positioning_synthetic_v1,avance,65,20,13,100,75,50,75,75,50,86,43,67
avance_0280,3,True,positioning_synthetic_v1,avance,80,20,16,100,100,100,75,50,75,86,86,67
avance_0280,4,True,positioning_synthetic_v1,avance,90,20,18,100,75,100,75,100,100,100,100,67
avance_0281,1,True,positioning_synthetic_v1,avance,85,20,17,100,100,75,75,75,100,100,57,100
avance_0281,2,True,positioning_synthetic_v1,avance,85,20,17,100,75,75,100,100,75,86,100,67
avance_0281,3,True,positioning_synthetic_v1,avance,65,20,13,100,75,50,50,100,50,71,86,33
avance_0281,4,True,positioning_synthetic_v1,avance,70,20,14,100,75,100,75,75,25,71,71,67
avance_0282,1,True,positioning_synthetic_v1,avance,80,20,16,100,75,100,100,100,25,86,71,83
avance_0282,2,True,positioning_synthetic_v1,avance,65,20,13,100,100,25,100,50,50,86,71,33
avance_0282,3,True,positioning_synthetic_v1,avance,60,20,12,100,50,25,50,75,100,71,57,50
avance_0282,4,True,positioning_synthetic_v1,avance,80,20,16,100,75,75,100,75,75,100,71,67
avance_0283,1,True,positioning_synthetic_v1,avance,90,20,18,100,100,100,100,75,75,100,100,67
avance_0283,2,True,positioning_synthetic_v1,avance,95,20,19,100,100,75,100,100,100,100,100,83
avance_0283,3,True,positioning_synthetic_v1,avance,85,20,17,100,75,75,75,100,100,100,86,67
avance_0283,4,True,positioning_synthetic_v1,avance,80,20,16,100,75,50,75,100,100,100,86,50
avance_0284,1,True,positioning_synthetic_v1,avance,80,20,16,100,75,75,75,75,100,71,100,67
avance_0284,2,True,positioning_synthetic_v1,avance,80,20,16,100,75,75,75,75,100,100,100,33
avance_0284,3,True,positioning_synthetic_v1,avance,75,20,15,100,100,75,50,75,75,71,86,67
avance_0284,4,True,positioning_synthetic_v1,avance,90,20,18,100,100,100,75,75,100,100,86,83
avance_0285,1,True,positioning_synthetic_v1,avance,75,20,15,100,100,75,25,75,100,100,71,50
avance_0285,2,True,positioning_synthetic_v1,avance,80,20,16,100,100,50,50,100,100,100,71,67
avance_0285,3,True,positioning_synthetic_v1,avance,75,20,15,100,75,50,100,75,75,100,71,50
avance_0285,4,True,positioning_synthetic_v1,avance,75,20,15,100,75,50,75,100,75,86,86,50
avance_0286,1,True,positioning_synthetic_v1,avance,80,20,16,100,50,100,50,100,100,86,71,83
avance_0286,2,True,positioning_synthetic_v1,avance,65,20,13,100,50,50,75,75,75,86,71,33
avance_0286,3,True,positioning_synthetic_v1,avance,85,20,17,100,100,100,100,75,50,86,100,67
avance_0286,4,True,positioning_synthetic_v1,avance,85,20,17,100,75,75,75,100,100,86,100,67
avance_0287,1,True,positioning_synthetic_v1,avance,80,20,16,100,100,75,50,75,100,86,86,67
avance_0287,2,True,positioning_synthetic_v1,avance,85,20,17,100,100,75,100,75,75,100,71,83
avance_0287,3,True,positioning_synthetic_v1,avance,65,20,13,100,100,25,75,50,75,86,71,33
avance_0287,4,True,positioning_synthetic_v1,avance,90,20,18,100,75,100,75,100,100,100,100,67
avance_0288,1,True,positioning_synthetic_v1,avance,85,20,17,100,50,75,100,100,100,86,86,83
avance_0288,2,True,positioning_synthetic_v1,avance,80,20,16,100,75,50,100,100,75,100,57,83
avance_0288,3,True,positioning_synthetic_v1,avance,75,20,15,100,75,100,50,50,100,71,86,67
avance_0288,4,True,positioning_synthetic_v1,avance,75,20,15,100,75,50,75,100,75,86,57,83
avance_0289,1,True,positioning_synthetic_v1,avance,75,20,15,100,100,75,75,75,50,86,71,67
avance_0289,2,True,positioning_synthetic_v1,avance,80,20,16,100,75,100,75,50,100,86,71,83
avance_0289,3,True,positioning_synthetic_v1,avance,85,20,17,100,50,100,100,100,75,71,86,100
avance_0289,4,True,positioning_synthetic_v1,avance,75,20,15,100,75,75,75,75,75,86,71,67
avance_0290,1,True,positioning_synthetic_v1,avance,75,20,15,100,50,100,100,25,100,71,100,50
avance_0290,2,True,positioning_synthetic_v1,avance,95,20,19,100,100,100,100,100,75,100,100,83
avance_0290,3,True,positioning_synthetic_v1,avance,70,20,14,100,75,75,100,50,50,86,57,67
avance_0290,4,True,positioning_synthetic_v1,avance,75,20,15,100,50,100,75,50,100,100,71,50
avance_0291,1,True,positioning_synthetic_v1,avance,90,20,18,100,50,100,100,100,100,100,71,100
avance_0291,2,True,positioning_synthetic_v1,avance,75,20,15,100,100,75,100,0,100,71,71,83
avance_0291,3,True,positioning_synthetic_v1,avance,75,20,15,100,100,50,75,75,75,71,100,50
avance_0291,4,True,positioning_synthetic_v1,avance,80,20,16,100,75,100,100,75,50,86,71,83
avance_0292,1,True,positioning_synthetic_v1,avance,80,20,16,100,75,50,100,75,100,71,86,83
avance_0292,2,True,positioning_synthetic_v1,avance,60,20,12,100,50,50,50,50,100,71,57,50
avance_0292,3,True,positioning_synthetic_v1,avance,60,20,12,100,50,50,75,50,75,86,71,17
avance_0292,4,True,positioning_synthetic_v1,avance,65,20,13,100,75,75,50,75,50,86,71,33
avance_0293,1,True,positioning_synthetic_v1,avance,80,20,16,100,75,100,100,50,75,86,100,50
avance_0293,2,True,positioning_synthetic_v1,avance,75,20,15,100,50,75,100,75,75,86,43,100
avance_0293,3,True,positioning_synthetic_v1,avance,85,20,17,100,100,100,50,75,100,86,86,83
avance_0293,4,True,positioning_synthetic_v1,avance,80,20,16,100,100,75,50,75,100,86,71,83
avance_0294,1,True,positioning_synthetic_v1,avance,85,20,17,100,100,50,100,75,100,86,86,83
avance_0294,2,True,positioning_synthetic_v1,avance,80,20,16,100,100,75,50,100,75,86,86,67
avance_0294,3,True,positioning_synthetic_v1,avance,85,20,17,100,75,100,50,100,100,86,86,83
avance_0294,4,True,positioning_synthetic_v1,avance,90,20,18,100,100,100,100,75,75,100,86,83
avance_0295,1,True,positioning_synthetic_v1,avance,90,20,18,100,100,75,75,100,100,100,100,67
avance_0295,2,True,positioning_synthetic_v1,avance,80,20,16,100,75,100,50,75,100,100,71,67
avance_0295,3,True,positioning_synthetic_v1,avance,95,20,19,100,100,100,75,100,100,100,100,83
avance_0295,4,True,positioning_synthetic_v1,avance,90,20,18,100,75,100,100,75,100,100,86,83
avance_0296,1,True,positioning_synthetic_v1,avance,80,20,16,100,100,75,75,75,75,100,100,33
avance_0296,2,True,positioning_synthetic_v1,avance,70,20,14,100,75,50,75,100,50,71,86,50
avance_0296,3,True,positioning_synthetic_v1,avance,65,20,13,100,75,50,75,75,50,86,57,50
avance_0296,4,True,positioning_synthetic_v1,avance,75,20,15,100,50,75,100,75,75,86,71,67
avance_0297,1,True,positioning_synthetic_v1,avance,55,20,11,100,75,50,50,0,100,57,57,50
avance_0297,2,True,positioning_synthetic_v1,avance,65,20,13,100,75,50,75,75,50,86,57,50
avance_0297,3,True,positioning_synthetic_v1,avance,55,20,11,100,50,75,50,25,75,57,71,33
avance_0297,4,True,positioning_synthetic_v1,avance,60,20,12,100,75,25,75,50,75,86,57,33
avance_0298,1,True,positioning_synthetic_v1,avance,85,20,17,100,100,100,75,50,100,100,71,83
avance_0298,2,True,positioning_synthetic_v1,avance,90,20,18,100,100,100,75,100,75,100,100,67
avance_0298,3,True,positioning_synthetic_v1,avance,90,20,18,100,100,75,100,100,75,86,86,100
avance_0298,4,True,positioning_synthetic_v1,avance,95,20,19,100,75,100,100,100,100,100,100,83
avance_0299,1,True,positioning_synthetic_v1,avance,85,20,17,100,75,75,75,100,100,86,86,83
avance_0299,2,True,positioning_synthetic_v1,avance,95,20,19,100,100,75,100,100,100,86,100,100
avance_0299,3,True,positioning_synthetic_v1,avance,75,20,15,100,75,25,75,100,100,71,71,83
avance_0299,4,True,positioning_synthetic_v1,avance,75,20,15,100,50,75,100,100,50,86,100,33
avance_0300,1,True,positioning_synthetic_v1,avance,80,20,16,100,50,75,100,100,75,100,57,83
avance_0300,2,True,positioning_synthetic_v1,avance,80,20,16,100,75,100,75,75,75,100,100,33
avance_0300,3,True,positioning_synthetic_v1,avance,95,20,19,100,100,75,100,100,100,100,100,83
avance_0300,4,True,positioning_synthetic_v1,avance,75,20,15,100,50,100,100,75,50,86,71,67
avance_0301,1,True,positioning_synthetic_v1,avance,90,20,18,100,100,75,100,100,75,100,86,83
avance_0301,2,True,positioning_synthetic_v1,avance,75,20,15,100,25,75,75,100,100,71,86,67
avance_0301,3,True,positioning_synthetic_v1,avance,90,20,18,100,75,100,75,100,100,86,100,83
avance_0301,4,True,positioning_synthetic_v1,avance,75,20,15,100,100,50,100,50,75,86,86,50
avance_0302,1,True,positioning_synthetic_v1,avance,85,20,17,100,100,100,75,50,100,86,71,100
avance_0302,2,True,positioning_synthetic_v1,avance,95,20,19,100,100,100,100,100,75,100,100,83
avance_0302,3,True,positioning_synthetic_v1,avance,70,20,14,100,25,75,75,75,100,100,71,33
avance_0302,4,True,positioning_synthetic_v1,avance,75,20,15,100,75,50,100,75,75,86,71,67
avance_0303,1,True,positioning_synthetic_v1,avance,95,20,19,100,100,100,75,100,100,100,100,83
avance_0303,2,True,positioning_synthetic_v1,avance,80,20,16,100,75,100,75,75,75,100,71,67
avance_0303,3,True,positioning_synthetic_v1,avance,85,20,17,100,100,100,50,100,75,86,86,83
avance_0303,4,True,positioning_synthetic_v1,avance,80,20,16,100,50,75,75,100,100,86,86,67
avance_0304,1,True,positioning_synthetic_v1,avance,80,20,16,100,75,100,75,75,75,86,86,67
avance_0304,2,True,positioning_synthetic_v1,avance,85,20,17,100,75,100,100,75,75,71,100,83
avance_0304,3,True,positioning_synthetic_v1,avance,95,20,19,100,100,100,100,100,75,100,100,83
avance_0304,4,True,positioning_synthetic_v1,avance,65,20,13,100,50,100,50,50,75,71,86,33
avance_0305,1,True,positioning_synthetic_v1,avance,90,20,18,100,100,100,100,75,75,100,71,100
avance_0305,2,True,positioning_synthetic_v1,avance,95,20,19,100,100,100,100,100,75,100,86,100
avance_0305,3,True,positioning_synthetic_v1,avance,80,20,16,100,100,100,75,50,75,100,71,67
avance_0305,4,True,positioning_synthetic_v1,avance,70,20,14,100,100,50,75,75,50,100,71,33
avance_0306,1,True,positioning_synthetic_v1,avance,65,20,13,100,100,75,25,25,100,71,43,83
avance_0306,2,True,positioning_synthetic_v1,avance,85,20,17,100,100,50,100,75,100,100,86,67
avance_0306,3,True,positioning_synthetic_v1,avance,75,20,15,100,75,75,25,100,100,71,86,67
avance_0306,4,True,positioning_synthetic_v1,avance,85,20,17,100,100,75,100,75,75,100,100,50
avance_0307,1,True,positioning_synthetic_v1,avance,90,20,18,100,100,100,75,75,100,100,86,83
avance_0307,2,True,positioning_synthetic_v1,avance,90,20,18,100,75,100,100,75,100,100,86,83
avance_0307,3,True,positioning_synthetic_v1,avance,100,20,20,100,100,100,100,100,100,100,100,100
avance_0307,4,True,positioning_synthetic_v1,avance,90,20,18,100,100,50,100,100,100,86,100,83
avance_0308,1,True,positioning_synthetic_v1,avance,85,20,17,100,100,75,50,100,100,100,86,67
avance_0308,2,True,positioning_synthetic_v1,avance,65,20,13,100,75,75,75,25,75,71,57,67
avance_0308,3,True,positioning_synthetic_v1,avance,90,20,18,100,100,100,75,75,100,100,86,83
avance_0308,4,True,positioning_synthetic_v1,avance,70,20,14,100,50,75,50,100,75,71,86,50
avance_0309,1,True,positioning_synthetic_v1,avance,65,20,13,100,75,25,75,100,50,86,71,33
avance_0309,2,True,positioning_synthetic_v1,avance,85,20,17,100,100,75,100,50,100,86,71,100
avance_0309,3,True,positioning_synthetic_v1,avance,75,20,15,100,50,75,75,100,75,71,71,83
avance_0309,4,True,positioning_synthetic_v1,avance,70,20,14,100,100,50,100,75,25,100,71,33
avance_0310,1,True,positioning_synthetic_v1,avance,90,20,18,100,75,100,100,75,100,100,100,67
avance_0310,2,True,positioning_synthetic_v1,avance,55,20,11,100,50,50,75,50,50,71,57,33
avance_0310,3,True,positioning_synthetic_v1,avance,75,20,15,100,50,75,100,100,50,100,57,67
avance_0310,4,True,positioning_synthetic_v1,avance,85,20,17,100,75,100,75,75,100,100,71,83
avance_0311,1,True,positioning_synthetic_v1,avance,75,20,15,100,100,75,100,50,50,86,100,33
avance_0311,2,True,positioning_synthetic_v1,avance,70,20,14,100,75,25,75,75,100,100,71,33
avance_0311,3,True,positioning_synthetic_v1,avance,65,20,13,100,75,75,50,25,100,71,71,50
avance_0311,4,True,positioning_synthetic_v1,avance,70,20,14,100,100,50,50,50,100,86,71,50
avance_0312,1,True,positioning_synthetic_v1,avance,90,20,18,100,100,75,75,100,100,100,86,83
avance_0312,2,True,positioning_synthetic_v1,avance,50,20,10,100,25,50,50,50,75,57,71,17
avance_0312,3,True,positioning_synthetic_v1,avance,65,20,13,100,50,50,75,50,100,57,71,67
avance_0312,4,True,positioning_synthetic_v1,avance,70,20,14,100,75,75,100,75,25,86,71,50
avance_0313,1,True,positioning_synthetic_v1,avance,65,20,13,100,100,100,50,25,50,86,71,33
avance_0313,2,True,positioning_synthetic_v1,avance,65,20,13,100,75,75,25,50,100,86,71,33
avance_0313,3,True,positioning_synthetic_v1,avance,80,20,16,100,75,75,75,75,100,100,57,83
avance_0313,4,True,positioning_synthetic_v1,avance,70,20,14,100,50,50,100,50,100,71,86,50
avance_0314,1,True,positioning_synthetic_v1,avance,80,20,16,100,100,75,50,75,100,100,71,67
avance_0314,2,True,positioning_synthetic_v1,avance,95,20,19,100,100,75,100,100,100,100,100,83
avance_0314,3,True,positioning_synthetic_v1,avance,85,20,17,100,100,75,100,100,50,86,100,67
avance_0314,4,True,positioning_synthetic_v1,avance,70,20,14,100,100,75,75,50,50,71,71,67
avance_0315,1,True,positioning_synthetic_v1,avance,70,20,14,100,50,75,50,75,100,71,100,33
avance_0315,2,True,positioning_synthetic_v1,avance,75,20,15,100,75,100,75,50,75,86,57,83
avance_0315,3,True,positioning_synthetic_v1,avance,65,20,13,100,50,50,50,100,75,86,71,33
avance_0315,4,True,positioning_synthetic_v1,avance,75,20,15,100,75,100,75,50,75,100,57,67
avance_0316,1,True,positioning_synthetic_v1,avance,90,20,18,100,100,50,100,100,100,100,86,83
avance_0316,2,True,positioning_synthetic_v1,avance,85,20,17,100,75,75,100,75,100,71,100,83
avance_0316,3,True,positioning_synthetic_v1,avance,100,20,20,100,100,100,100,100,100,100,100,100
avance_0316,4,True,positioning_synthetic_v1,avance,80,20,16,100,100,100,75,75,50,100,86,50
avance_0317,1,True,positioning_synthetic_v1,avance,55,20,11,100,75,50,50,50,50,86,57,17
avance_0317,2,True,positioning_synthetic_v1,avance,80,20,16,100,75,50,100,75,100,100,71,67
avance_0317,3,True,positioning_synthetic_v1,avance,75,20,15,100,50,75,100,75,75,86,86,50
avance_0317,4,True,positioning_synthetic_v1,avance,85,20,17,100,100,75,100,50,100,100,71,83
avance_0318,1,True,positioning_synthetic_v1,avance,85,20,17,100,75,50,100,100,100,86,86,83
avance_0318,2,True,positioning_synthetic_v1,avance,85,20,17,100,100,100,50,100,75,86,86,83
avance_0318,3,True,positioning_synthetic_v1,avance,80,20,16,100,75,100,100,50,75,86,71,83
avance_0318,4,True,positioning_synthetic_v1,avance,75,20,15,100,75,75,75,75,75,100,71,50
avance_0319,1,True,positioning_synthetic_v1,avance,80,20,16,100,75,75,75,100,75,100,71,67
avance_0319,2,True,positioning_synthetic_v1,avance,70,20,14,100,75,100,75,50,50,100,57,50
avance_0319,3,True,positioning_synthetic_v1,avance,90,20,18,100,100,75,75,100,100,100,86,83
avance_0319,4,True,positioning_synthetic_v1,avance,65,20,13,100,75,75,75,50,50,71,86,33
avance_0320,1,True,positioning_synthetic_v1,avance,65,20,13,100,25,100,100,50,50,71,43,83
avance_0320,2,True,positioning_synthetic_v1,avance,90,20,18,100,100,100,75,100,75,100,86,83
avance_0320,3,True,positioning_synthetic_v1,avance,75,20,15,100,75,75,100,75,50,71,86,67
avance_0320,4,True,positioning_synthetic_v1,avance,95,20,19,100,75,100,100,100,100,100,100,83
avance_0321,1,True,positioning_synthetic_v1,avance,75,20,15,100,75,50,75,100,75,100,43,83
avance_0321,2,True,positioning_synthetic_v1,avance,75,20,15,100,100,75,50,75,75,71,57,100
avance_0321,3,True,positioning_synthetic_v1,avance,75,20,15,100,100,50,100,50,75,86,86,50
avance_0321,4,True,positioning_synthetic_v1,avance,85,20,17,100,50,100,75,100,100,100,86,67
avance_0322,1,True,positioning_synthetic_v1,avance,85,20,17,100,75,75,100,100,75,100,71,83
avance_0322,2,True,positioning_synthetic_v1,avance,85,20,17,100,100,75,100,100,50,100,71,83
avance_0322,3,True,positioning_synthetic_v1,avance,85,20,17,100,75,50,100,100,100,86,100,67
avance_0322,4,True,positioning_synthetic_v1,avance,95,20,19,100,75,100,100,100,100,86,100,100
avance_0323,1,True,positioning_synthetic_v1,avance,75,20,15,100,100,75,50,100,50,86,71,67
avance_0323,2,True,positioning_synthetic_v1,avance,65,20,13,100,25,75,100,75,50,71,86,33
avance_0323,3,True,positioning_synthetic_v1,avance,80,20,16,100,75,75,100,75,75,100,86,50
avance_0323,4,True,positioning_synthetic_v1,avance,70,20,14,100,50,75,75,75,75,57,86,67
avance_0324,1,True,positioning_synthetic_v1,avance,75,20,15,100,75,100,75,75,50,100,57,67
avance_0324,2,True,positioning_synthetic_v1,avance,90,20,18,100,75,100,100,75,100,100,86,83
avance_0324,3,True,positioning_synthetic_v1,avance,65,20,13,100,75,75,50,75,50,100,43,50
avance_0324,4,True,positioning_synthetic_v1,avance,80,20,16,100,50,100,75,75,100,86,86,67
avance_0325,1,True,positioning_synthetic_v1,avance,60,20,12,100,100,25,75,25,75,71,71,33
avance_0325,2,True,positioning_synthetic_v1,avance,60,20,12,100,75,75,75,25,50,71,57,50
avance_0325,3,True,positioning_synthetic_v1,avance,80,20,16,100,100,75,100,75,50,100,86,50
avance_0325,4,True,positioning_synthetic_v1,avance,75,20,15,100,75,50,75,100,75,86,100,33
avance_0326,1,True,positioning_synthetic_v1,avance,70,20,14,100,25,100,75,100,50,71,86,50
avance_0326,2,True,positioning_synthetic_v1,avance,80,20,16,100,50,50,100,100,100,100,71,67
avance_0326,3,True,positioning_synthetic_v1,avance,65,20,13,100,75,50,75,25,100,71,71,50
avance_0326,4,True,positioning_synthetic_v1,avance,80,20,16,100,75,75,75,100,75,86,86,67
avance_0327,1,True,positioning_synthetic_v1,avance,85,20,17,100,75,100,75,100,75,100,86,67
avance_0327,2,True,positioning_synthetic_v1,avance,95,20,19,100,75,100,100,100,100,100,100,83
avance_0327,3,True,positioning_synthetic_v1,avance,75,20,15,100,75,100,100,50,50,86,71,67
avance_0327,4,True,positioning_synthetic_v1,avance,75,20,15,100,75,75,75,50,100,86,71,67
avance_0328,1,True,positioning_synthetic_v1,avance,65,20,13,100,75,75,25,50,100,71,57,67
avance_0328,2,True,positioning_synthetic_v1,avance,75,20,15,100,75,100,75,50,75,71,86,67
avance_0328,3,True,positioning_synthetic_v1,avance,85,20,17,100,75,100,50,100,100,100,100,50
avance_0328,4,True,positioning_synthetic_v1,avance,60,20,12,100,75,75,50,25,75,57,57,67
avance_0329,1,True,positioning_synthetic_v1,avance,65,20,13,100,25,75,100,50,75,86,43,67
avance_0329,2,True,positioning_synthetic_v1,avance,65,20,13,100,25,25,100,75,100,71,71,50
avance_0329,3,True,positioning_synthetic_v1,avance,45,20,9,100,50,50,25,75,25,71,29,33
avance_0329,4,True,positioning_synthetic_v1,avance,90,20,18,100,100,100,75,75,100,100,71,100
avance_0330,1,True,positioning_synthetic_v1,avance,75,20,15,100,50,75,100,75,75,100,43,83
avance_0330,2,True,positioning_synthetic_v1,avance,80,20,16,100,75,100,100,50,75,100,57,83
avance_0330,3,True,positioning_synthetic_v1,avance,85,20,17,100,75,100,50,100,100,100,86,67
avance_0330,4,True,positioning_synthetic_v1,avance,75,20,15,100,100,75,50,75,75,86,86,50
avance_0331,1,True,positioning_synthetic_v1,avance,80,20,16,100,75,100,75,75,75,86,100,50
avance_0331,2,True,positioning_synthetic_v1,avance,90,20,18,100,75,75,100,100,100,100,100,67
avance_0331,3,True,positioning_synthetic_v1,avance,90,20,18,100,100,75,100,100,75,100,86,83
avance_0331,4,True,positioning_synthetic_v1,avance,80,20,16,100,75,75,100,75,75,86,86,67
avance_0332,1,True,positioning_synthetic_v1,avance,95,20,19,100,100,100,100,100,75,100,86,100
avance_0332,2,True,positioning_synthetic_v1,avance,55,20,11,100,50,75,50,75,25,71,57,33
avance_0332,3,True,positioning_synthetic_v1,avance,80,20,16,100,75,75,100,75,75,100,57,83
avance_0332,4,True,positioning_synthetic_v1,avance,80,20,16,100,75,75,100,100,50,100,86,50
avance_0333,1,True,positioning_synthetic_v1,avance,85,20,17,100,100,100,75,100,50,100,86,67
avance_0333,2,True,positioning_synthetic_v1,avance,90,20,18,100,75,100,100,75,100,100,86,83
avance_0333,3,True,positioning_synthetic_v1,avance,85,20,17,100,75,75,100,100,75,86,86,83
avance_0333,4,True,positioning_synthetic_v1,avance,75,20,15,100,100,50,50,100,75,71,71,83
avance_0334,1,True,positioning_synthetic_v1,avance,85,20,17,100,75,100,75,75,100,100,100,50
avance_0334,2,True,positioning_synthetic_v1,avance,85,20,17,100,75,100,100,75,75,86,86,83
avance_0334,3,True,positioning_synthetic_v1,avance,75,20,15,100,75,75,100,75,50,86,71,67
avance_0334,4,True,positioning_synthetic_v1,avance,90,20,18,100,75,100,100,100,75,100,86,83
avance_0335,1,True,positioning_synthetic_v1,avance,80,20,16,100,100,25,100,100,75,86,71,83
avance_0335,2,True,positioning_synthetic_v1,avance,85,20,17,100,100,100,75,75,75,100,86,67
avance_0335,3,True,positioning_synthetic_v1,avance,90,20,18,100,75,100,100,100,75,100,100,67
avance_0335,4,True,positioning_synthetic_v1,avance,90,20,18,100,100,75,75,100,100,100,71,100
avance_0336,1,True,positioning_synthetic_v1,avance,70,20,14,100,50,75,75,75,75,71,86,50
avance_0336,2,True,positioning_synthetic_v1,avance,85,20,17,100,75,100,100,100,50,100,86,67
avance_0336,3,True,positioning_synthetic_v1,avance,80,20,16,100,100,50,75,75,100,86,86,67
avance_0336,4,True,positioning_synthetic_v1,avance,90,20,18,100,75,100,100,75,100,100,71,100
avance_0337,1,True,positioning_synthetic_v1,avance,65,20,13,100,75,50,75,50,75,86,57,50
avance_0337,2,True,positioning_synthetic_v1,avance,70,20,14,100,100,50,75,75,50,100,71,33
avance_0337,3,True,positioning_synthetic_v1,avance,80,20,16,100,75,75,100,100,50,86,100,50
avance_0337,4,True,positioning_synthetic_v1,avance,80,20,16,100,100,75,75,75,75,86,71,83
avance_0338,1,True,positioning_synthetic_v1,avance,70,20,14,100,75,75,75,75,50,71,71,67
avance_0338,2,True,positioning_synthetic_v1,avance,75,20,15,100,75,100,75,75,50,86,86,50
avance_0338,3,True,positioning_synthetic_v1,avance,75,20,15,100,50,50,100,75,100,100,71,50
avance_0338,4,True,positioning_synthetic_v1,avance,75,20,15,100,75,25,100,100,75,57,86,83
avance_0339,1,True,positioning_synthetic_v1,avance,70,20,14,100,75,50,75,75,75,71,86,50
avance_0339,2,True,positioning_synthetic_v1,avance,85,20,17,100,100,75,75,100,75,86,100,67
avance_0339,3,True,positioning_synthetic_v1,avance,75,20,15,100,75,100,75,50,75,71,71,83
avance_0339,4,True,positioning_synthetic_v1,avance,80,20,16,100,50,75,75,100,100,86,57,100
avance_0340,1,True,positioning_synthetic_v1,avance,85,20,17,100,100,100,75,100,50,86,100,67
avance_0340,2,True,positioning_synthetic_v1,avance,75,20,15,100,75,75,75,75,75,86,71,67
avance_0340,3,True,positioning_synthetic_v1,avance,80,20,16,100,100,100,50,75,75,100,86,50
avance_0340,4,True,positioning_synthetic_v1,avance,80,20,16,100,100,100,50,100,50,86,71,83
avance_0341,1,True,positioning_synthetic_v1,avance,75,20,15,100,75,75,75,50,100,100,71,50
avance_0341,2,True,positioning_synthetic_v1,avance,80,20,16,100,75,50,75,100,100,100,86,50
avance_0341,3,True,positioning_synthetic_v1,avance,80,20,16,100,50,75,100,100,75,86,100,50
avance_0341,4,True,positioning_synthetic_v1,avance,90,20,18,100,100,100,75,100,75,100,100,67
avance_0342,1,True,positioning_synthetic_v1,avance,95,20,19,100,100,100,100,100,75,100,86,100
avance_0342,2,True,positioning_synthetic_v1,avance,75,20,15,100,100,50,75,50,100,100,71,50
avance_0342,3,True,positioning_synthetic_v1,avance,70,20,14,100,50,100,50,100,50,86,57,67
avance_0342,4,True,positioning_synthetic_v1,avance,85,20,17,100,75,100,50,100,100,100,86,67
avance_0343,1,True,positioning_synthetic_v1,avance,75,20,15,100,50,100,75,50,100,100,43,83
avance_0343,2,True,positioning_synthetic_v1,avance,85,20,17,100,75,100,100,50,100,86,100,67
avance_0343,3,True,positioning_synthetic_v1,avance,90,20,18,100,75,100,100,75,100,86,86,100
avance_0343,4,True,positioning_synthetic_v1,avance,85,20,17,100,100,100,75,75,75,100,71,83
avance_0344,1,True,positioning_synthetic_v1,avance,70,20,14,100,50,100,100,50,50,86,71,50
avance_0344,2,True,positioning_synthetic_v1,avance,70,20,14,100,50,50,100,50,100,71,71,67
avance_0344,3,True,positioning_synthetic_v1,avance,70,20,14,100,75,75,25,75,100,71,71,67
avance_0344,4,True,positioning_synthetic_v1,avance,70,20,14,100,25,75,100,75,75,100,43,67
avance_0345,1,True,positioning_synthetic_v1,avance,65,20,13,100,75,75,75,50,50,71,71,50
avance_0345,2,True,positioning_synthetic_v1,avance,85,20,17,100,100,100,50,75,100,100,86,67
avance_0345,3,True,positioning_synthetic_v1,avance,65,20,13,100,75,50,50,75,75,71,71,50
avance_0345,4,True,positioning_synthetic_v1,avance,70,20,14,100,75,50,75,100,50,100,57,50
avance_0346,1,True,positioning_synthetic_v1,avance,80,20,16,100,75,75,75,100,75,100,100,33
avance_0346,2,True,positioning_synthetic_v1,avance,85,20,17,100,100,100,75,100,50,86,86,83
avance_0346,3,True,positioning_synthetic_v1,avance,80,20,16,100,100,50,100,100,50,100,71,67
avance_0346,4,True,positioning_synthetic_v1,avance,85,20,17,100,100,50,75,100,100,100,71,83
avance_0347,1,True,positioning_synthetic_v1,avance,90,20,18,100,100,75,75,100,100,100,100,67
avance_0347,2,True,positioning_synthetic_v1,avance,90,20,18,100,75,100,100,75,100,100,86,83
avance_0347,3,True,positioning_synthetic_v1,avance,90,20,18,100,75,100,100,75,100,100,86,83
avance_0347,4,True,positioning_synthetic_v1,avance,80,20,16,100,100,75,75,50,100,86,71,83
avance_0348,1,True,positioning_synthetic_v1,avance,90,20,18,100,100,75,75,100,100,86,86,100
avance_0348,2,True,positioning_synthetic_v1,avance,85,20,17,100,75,100,100,75,75,100,100,50
avance_0348,3,True,positioning_synthetic_v1,avance,95,20,19,100,100,75,100,100,100,100,100,83
avance_0348,4,True,positioning_synthetic_v1,avance,70,20,14,100,75,100,75,25,75,71,100,33
avance_0349,1,True,positioning_synthetic_v1,avance,70,20,14,100,75,100,50,25,100,71,86,50
avance_0349,2,True,positioning_synthetic_v1,avance,75,20,15,100,50,75,75,75,100,86,86,50
avance_0349,3,True,positioning_synthetic_v1,avance,70,20,14,100,100,100,50,50,50,86,57,67
avance_0349,4,True,positioning_synthetic_v1,avance,70,20,14,100,75,75,75,75,50,86,71,50
avance_0350,1,True,positioning_synthetic_v1,avance,75,20,15,100,75,100,75,50,75,100,57,67
avance_0350,2,True,positioning_synthetic_v1,avance,45,20,9,100,25,50,50,25,75,57,29,50
avance_0350,3,True,positioning_synthetic_v1,avance,45,20,9,100,75,50,25,25,50,57,43,33
avance_0350,4,True,positioning_synthetic_v1,avance,55,20,11,100,50,100,25,25,75,86,43,33
avance_0351,1,True,positioning_synthetic_v1,avance,65,20,13,100,75,25,75,75,75,71,71,50
avance_0351,2,True,positioning_synthetic_v1,avance,80,20,16,100,50,75,75,100,100,71,100,67
avance_0351,3,True,positioning_synthetic_v1,avance,65,20,13,100,50,50,50,75,100,71,57,67
avance_0351,4,True,positioning_synthetic_v1,avance,65,20,13,100,50,75,75,75,50,71,71,50
avance_0352,1,True,positioning_synthetic_v1,avance,75,20,15,100,75,100,100,50,50,71,86,67
avance_0352,2,True,positioning_synthetic_v1,avance,75,20,15,100,75,50,75,75,100,86,71,67
avance_0352,3,True,positioning_synthetic_v1,avance,70,20,14,100,75,75,75,25,100,86,71,50
avance_0352,4,True,positioning_synthetic_v1,avance,65,20,13,100,50,75,50,75,75,100,57,33
avance_0353,1,True,positioning_synthetic_v1,avance,80,20,16,100,50,100,100,75,75,71,100,67
avance_0353,2,True,positioning_synthetic_v1,avance,85,20,17,100,100,100,50,100,75,100,71,83
avance_0353,3,True,positioning_synthetic_v1,avance,85,20,17,100,75,100,100,75,75,100,71,83
avance_0353,4,True,positioning_synthetic_v1,avance,70,20,14,100,75,100,75,75,25,86,100,17
avance_0354,1,True,positioning_synthetic_v1,avance,80,20,16,100,100,75,100,75,50,100,86,50
avance_0354,2,True,positioning_synthetic_v1,avance,80,20,16,100,100,100,75,50,75,100,57,83
avance_0354,3,True,positioning_synthetic_v1,avance,80,20,16,100,100,50,75,100,75,100,71,67
avance_0354,4,True,positioning_synthetic_v1,avance,75,20,15,100,75,100,25,100,75,86,86,50
avance_0355,1,True,positioning_synthetic_v1,avance,70,20,14,100,50,100,50,75,75,43,86,83
avance_0355,2,True,positioning_synthetic_v1,avance,75,20,15,100,75,100,100,50,50,71,100,50
avance_0355,3,True,positioning_synthetic_v1,avance,75,20,15,100,50,50,100,75,100,100,57,67
avance_0355,4,True,positioning_synthetic_v1,avance,60,20,12,100,75,100,50,50,25,71,71,33
avance_0356,1,True,positioning_synthetic_v1,avance,80,20,16,100,50,75,100,100,75,100,86,50
avance_0356,2,True,positioning_synthetic_v1,avance,80,20,16,100,100,50,100,75,75,86,100,50
avance_0356,3,True,positioning_synthetic_v1,avance,75,20,15,100,50,50,100,100,75,100,43,83
avance_0356,4,True,positioning_synthetic_v1,avance,85,20,17,100,75,75,100,100,75,100,86,67
avance_0357,1,True,positioning_synthetic_v1,avance,95,20,19,100,75,100,100,100,100,100,100,83
avance_0357,2,True,positioning_synthetic_v1,avance,95,20,19,100,75,100,100,100,100,100,100,83
avance_0357,3,True,positioning_synthetic_v1,avance,85,20,17,100,100,100,50,75,100,100,71,83
avance_0357,4,True,positioning_synthetic_v1,avance,90,20,18,100,100,75,100,75,100,86,100,83
avance_0358,1,True,positioning_synthetic_v1,avance,80,20,16,100,100,75,75,75,75,100,100,33
avance_0358,2,True,positioning_synthetic_v1,avance,65,20,13,100,75,50,50,50,100,86,71,33
avance_0358,3,True,positioning_synthetic_v1,avance,75,20,15,100,100,75,75,75,50,100,71,50
avance_0358,4,True,positioning_synthetic_v1,avance,65,20,13,100,75,75,75,75,25,100,43,50
avance_0359,1,True,positioning_synthetic_v1,avance,75,20,15,100,50,50,100,100,75,86,71,67
avance_0359,2,True,positioning_synthetic_v1,avance,75,20,15,100,75,100,50,75,75,86,71,67
avance_0359,3,True,positioning_synthetic_v1,avance,80,20,16,100,100,75,75,75,75,100,86,50
avance_0359,4,True,positioning_synthetic_v1,avance,75,20,15,100,100,50,75,75,75,86,71,67
avance_0360,1,True,positioning_synthetic_v1,avance,90,20,18,100,100,100,100,75,75,100,86,83
avance_0360,2,True,positioning_synthetic_v1,avance,90,20,18,100,75,75,100,100,100,100,100,67
avance_0360,3,True,positioning_synthetic_v1,avance,80,20,16,100,75,75,75,75,100,71,86,83
avance_0360,4,True,positioning_synthetic_v1,avance,75,20,15,100,75,100,50,100,50,86,71,67
avance_0361,1,True,positioning_synthetic_v1,avance,90,20,18,100,100,100,100,100,50,86,86,100
avance_0361,2,True,positioning_synthetic_v1,avance,90,20,18,100,100,100,75,100,75,100,86,83
avance_0361,3,True,positioning_synthetic_v1,avance,85,20,17,100,100,50,75,100,100,100,71,83
avance_0361,4,True,positioning_synthetic_v1,avance,90,20,18,100,100,75,75,100,100,86,86,100
avance_0362,1,True,positioning_synthetic_v1,avance,80,20,16,100,100,100,75,50,75,86,86,67
avance_0362,2,True,positioning_synthetic_v1,avance,90,20,18,100,100,75,100,75,100,100,86,83
avance_0362,3,True,positioning_synthetic_v1,avance,80,20,16,100,75,75,75,100,75,100,71,67
avance_0362,4,True,positioning_synthetic_v1,avance,75,20,15,100,75,25,75,100,100,86,57,83
avance_0363,1,True,positioning_synthetic_v1,avance,80,20,16,100,75,100,100,50,75,100,57,83
avance_0363,2,True,positioning_synthetic_v1,avance,90,20,18,100,75,75,100,100,100,100,100,67
avance_0363,3,True,positioning_synthetic_v1,avance,95,20,19,100,100,100,100,100,75,100,86,100
avance_0363,4,True,positioning_synthetic_v1,avance,95,20,19,100,100,100,75,100,100,100,86,100
avance_0364,1,True,positioning_synthetic_v1,avance,90,20,18,100,100,100,50,100,100,71,100,100
avance_0364,2,True,positioning_synthetic_v1,avance,90,20,18,100,100,100,100,75,75,100,86,83
avance_0364,3,True,positioning_synthetic_v1,avance,90,20,18,100,100,100,100,75,75,86,100,83
avance_0364,4,True,positioning_synthetic_v1,avance,90,20,18,100,100,100,75,100,75,100,86,83
avance_0365,1,True,positioning_synthetic_v1,avance,75,20,15,100,50,100,75,75,75,86,71,67
avance_0365,2,True,positioning_synthetic_v1,avance,75,20,15,100,50,100,100,75,50,86,57,83
avance_0365,3,True,positioning_synthetic_v1,avance,80,20,16,100,75,50,100,75,100,57,100,83
avance_0365,4,True,positioning_synthetic_v1,avance,70,20,14,100,75,75,75,50,75,86,100,17
avance_0366,1,True,positioning_synthetic_v1,avance,85,20,17,100,75,100,75,100,75,100,71,83
avance_0366,2,True,positioning_synthetic_v1,avance,75,20,15,100,50,75,75,100,75,100,43,83
avance_0366,3,True,positioning_synthetic_v1,avance,75,20,15,100,75,75,75,75,75,100,71,50
avance_0366,4,True,positioning_synthetic_v1,avance,75,20,15,100,75,100,50,75,75,86,86,50
avance_0367,1,True,positioning_synthetic_v1,avance,80,20,16,100,50,75,100,100,75,100,57,83
avance_0367,2,True,positioning_synthetic_v1,avance,85,20,17,100,100,75,100,75,75,100,86,67
avance_0367,3,True,positioning_synthetic_v1,avance,75,20,15,100,50,75,100,100,50,86,71,67
avance_0367,4,True,positioning_synthetic_v1,avance,95,20,19,100,100,75,100,100,100,100,86,100
avance_0368,1,True,positioning_synthetic_v1,avance,75,20,15,100,100,100,75,75,25,86,86,50
avance_0368,2,True,positioning_synthetic_v1,avance,85,20,17,100,100,100,75,75,75,86,100,67
avance_0368,3,True,positioning_synthetic_v1,avance,80,20,16,100,50,75,100,100,75,86,86,67
avance_0368,4,True,positioning_synthetic_v1,avance,85,20,17,100,50,100,100,75,100,86,86,83
avance_0369,1,True,positioning_synthetic_v1,avance,85,20,17,100,100,100,75,100,50,100,86,67
avance_0369,2,True,positioning_synthetic_v1,avance,75,20,15,100,75,75,75,50,100,86,71,67
avance_0369,3,True,positioning_synthetic_v1,avance,90,20,18,100,100,100,50,100,100,86,86,100
avance_0369,4,True,positioning_synthetic_v1,avance,90,20,18,100,100,100,100,75,75,100,100,67
avance_0370,1,True,positioning_synthetic_v1,avance,75,20,15,100,50,100,75,75,75,100,71,50
avance_0370,2,True,positioning_synthetic_v1,avance,85,20,17,100,100,100,100,50,75,100,71,83
avance_0370,3,True,positioning_synthetic_v1,avance,80,20,16,100,75,100,50,100,75,86,100,50
avance_0370,4,True,positioning_synthetic_v1,avance,80,20,16,100,75,100,100,50,75,57,100,83
avance_0371,1,True,positioning_synthetic_v1,avance,85,20,17,100,50,100,100,100,75,100,71,83
avance_0371,2,True,positioning_synthetic_v1,avance,60,20,12,100,50,100,25,25,100,86,43,50
avance_0371,3,True,positioning_synthetic_v1,avance,75,20,15,100,75,75,75,75,75,100,71,50
avance_0371,4,True,positioning_synthetic_v1,avance,55,20,11,100,25,100,25,75,50,57,43,67
avance_0372,1,True,positioning_synthetic_v1,avance,85,20,17,100,75,100,75,75,100,100,86,67
avance_0372,2,True,positioning_synthetic_v1,avance,85,20,17,100,100,75,50,100,100,100,86,67
avance_0372,3,True,positioning_synthetic_v1,avance,95,20,19,100,100,100,100,100,75,100,86,100
avance_0372,4,True,positioning_synthetic_v1,avance,95,20,19,100,100,100,100,100,75,100,100,83
avance_0373,1,True,positioning_synthetic_v1,avance,80,20,16,100,100,50,75,75,100,86,71,83
avance_0373,2,True,positioning_synthetic_v1,avance,70,20,14,100,50,75,75,50,100,71,86,50
avance_0373,3,True,positioning_synthetic_v1,avance,80,20,16,100,100,75,50,75,100,100,71,67
avance_0373,4,True,positioning_synthetic_v1,avance,75,20,15,100,50,100,75,75,75,86,86,50
avance_0374,1,True,positioning_synthetic_v1,avance,75,20,15,100,100,25,75,100,75,71,86,67
avance_0374,2,True,positioning_synthetic_v1,avance,75,20,15,100,75,75,100,50,75,86,86,50
avance_0374,3,True,positioning_synthetic_v1,avance,65,20,13,100,75,50,75,75,50,57,57,83
avance_0374,4,True,positioning_synthetic_v1,avance,70,20,14,100,75,75,75,50,75,86,100,17
avance_0375,1,True,positioning_synthetic_v1,avance,70,20,14,100,50,75,75,75,75,86,86,33
avance_0375,2,True,positioning_synthetic_v1,avance,80,20,16,100,75,100,100,50,75,86,100,50
avance_0375,3,True,positioning_synthetic_v1,avance,80,20,16,100,25,100,100,100,75,71,86,83
avance_0375,4,True,positioning_synthetic_v1,avance,85,20,17,100,100,75,75,75,100,71,100,83
avance_0376,1,True,positioning_synthetic_v1,avance,75,20,15,100,100,75,75,75,50,86,71,67
avance_0376,2,True,positioning_synthetic_v1,avance,75,20,15,100,100,50,50,75,100,86,57,83
avance_0376,3,True,positioning_synthetic_v1,avance,70,20,14,100,75,100,75,50,50,57,86,67
avance_0376,4,True,positioning_synthetic_v1,avance,70,20,14,100,50,75,75,75,75,100,57,50
avance_0377,1,True,positioning_synthetic_v1,avance,75,20,15,100,75,100,100,50,50,100,71,50
avance_0377,2,True,positioning_synthetic_v1,avance,80,20,16,100,50,75,100,75,100,100,43,100
avance_0377,3,True,positioning_synthetic_v1,avance,80,20,16,100,100,100,50,75,75,86,86,67
avance_0377,4,True,positioning_synthetic_v1,avance,70,20,14,100,75,75,100,50,50,86,71,50
avance_0378,1,True,positioning_synthetic_v1,avance,75,20,15,100,50,100,75,100,50,71,71,83
avance_0378,2,True,positioning_synthetic_v1,avance,70,20,14,100,50,75,50,75,100,71,71,67
avance_0378,3,True,positioning_synthetic_v1,avance,80,20,16,100,100,50,100,100,50,86,86,67
avance_0378,4,True,positioning_synthetic_v1,avance,75,20,15,100,100,75,25,100,75,71,86,67
avance_0379,1,True,positioning_synthetic_v1,avance,80,20,16,100,50,75,100,100,75,86,71,83
avance_0379,2,True,positioning_synthetic_v1,avance,75,20,15,100,75,75,50,100,75,100,57,67
avance_0379,3,True,positioning_synthetic_v1,avance,80,20,16,100,100,100,75,50,75,100,71,67
avance_0379,4,True,positioning_synthetic_v1,avance,70,20,14,100,75,75,75,50,75,71,71,67
avance_0380,1,True,positioning_synthetic_v1,avance,75,20,15,100,75,50,100,100,50,86,71,67
avance_0380,2,True,positioning_synthetic_v1,avance,70,20,14,100,25,75,75,100,75,86,71,50
avance_0380,3,True,positioning_synthetic_v1,avance,75,20,15,100,100,75,50,75,75,86,71,67
avance_0380,4,True,positioning_synthetic_v1,avance,60,20,12,100,50,50,100,75,25,71,71,33
avance_0381,1,True,positioning_synthetic_v1,avance,85,20,17,100,75,100,75,75,100,100,100,50
avance_0381,2,True,positioning_synthetic_v1,avance,80,20,16,100,100,100,75,50,75,100,71,67
avance_0381,3,True,positioning_synthetic_v1,avance,100,20,20,100,100,100,100,100,100,100,100,100
avance_0381,4,True,positioning_synthetic_v1,avance,95,20,19,100,100,100,75,100,100,86,100,100
avance_0382,1,True,positioning_synthetic_v1,avance,75,20,15,100,100,50,75,100,50,100,57,67
avance_0382,2,True,positioning_synthetic_v1,avance,85,20,17,100,75,100,100,75,75,100,86,67
avance_0382,3,True,positioning_synthetic_v1,avance,75,20,15,100,75,100,75,50,75,71,71,83
avance_0382,4,True,positioning_synthetic_v1,avance,85,20,17,100,75,100,50,100,100,100,71,83
avance_0383,1,True,positioning_synthetic_v1,avance,75,20,15,100,75,75,100,50,75,100,57,67
avance_0383,2,True,positioning_synthetic_v1,avance,80,20,16,100,100,50,100,75,75,100,71,67
avance_0383,3,True,positioning_synthetic_v1,avance,75,20,15,100,75,75,75,100,50,71,86,67
avance_0383,4,True,positioning_synthetic_v1,avance,80,20,16,100,75,100,75,75,75,86,86,67
avance_0384,1,True,positioning_synthetic_v1,avance,95,20,19,100,100,100,100,75,100,100,100,83
avance_0384,2,True,positioning_synthetic_v1,avance,85,20,17,100,100,75,75,100,75,100,100,50
avance_0384,3,True,positioning_synthetic_v1,avance,55,20,11,100,75,25,50,50,75,57,71,33
avance_0384,4,True,positioning_synthetic_v1,avance,70,20,14,100,75,50,50,100,75,86,57,67
avance_0385,1,True,positioning_synthetic_v1,avance,75,20,15,100,50,75,50,100,100,86,86,50
avance_0385,2,True,positioning_synthetic_v1,avance,80,20,16,100,100,50,75,75,100,100,86,50
avance_0385,3,True,positioning_synthetic_v1,avance,65,20,13,100,75,50,25,100,75,71,57,67
avance_0385,4,True,positioning_synthetic_v1,avance,85,20,17,100,100,75,75,100,75,86,100,67
avance_0386,1,True,positioning_synthetic_v1,avance,90,20,18,100,75,75,100,100,100,71,100,100
avance_0386,2,True,positioning_synthetic_v1,avance,60,20,12,100,50,50,25,75,100,57,57,67
avance_0386,3,True,positioning_synthetic_v1,avance,90,20,18,100,100,75,75,100,100,86,86,100
avance_0386,4,True,positioning_synthetic_v1,avance,70,20,14,100,75,100,25,100,50,86,57,67
avance_0387,1,True,positioning_synthetic_v1,avance,90,20,18,100,100,75,100,75,100,100,100,67
avance_0387,2,True,positioning_synthetic_v1,avance,70,20,14,100,75,25,100,75,75,100,57,50
avance_0387,3,True,positioning_synthetic_v1,avance,80,20,16,100,75,75,75,100,75,86,100,50
avance_0387,4,True,positioning_synthetic_v1,avance,95,20,19,100,100,100,100,75,100,100,100,83
avance_0388,1,True,positioning_synthetic_v1,avance,45,20,9,100,75,75,25,50,0,71,57,0
avance_0388,2,True,positioning_synthetic_v1,avance,65,20,13,100,50,50,75,100,50,43,71,83
avance_0388,3,True,positioning_synthetic_v1,avance,65,20,13,100,75,50,75,75,50,86,71,33
avance_0388,4,True,positioning_synthetic_v1,avance,60,20,12,100,50,50,50,75,75,57,86,33
avance_0389,1,True,positioning_synthetic_v1,avance,65,20,13,100,75,75,100,25,50,86,57,50
avance_0389,2,True,positioning_synthetic_v1,avance,60,20,12,100,75,75,75,50,25,43,86,50
avance_0389,3,True,positioning_synthetic_v1,avance,80,20,16,100,100,50,100,75,75,71,100,67
avance_0389,4,True,positioning_synthetic_v1,avance,75,20,15,100,75,100,75,50,75,100,71,50
avance_0390,1,True,positioning_synthetic_v1,avance,70,20,14,100,100,0,75,100,75,71,86,50
avance_0390,2,True,positioning_synthetic_v1,avance,70,20,14,100,75,50,75,75,75,71,100,33
avance_0390,3,True,positioning_synthetic_v1,avance,70,20,14,100,75,75,75,75,50,86,86,33
avance_0390,4,True,positioning_synthetic_v1,avance,70,20,14,100,75,50,75,75,75,100,43,67
avance_0391,1,True,positioning_synthetic_v1,avance,80,20,16,100,75,75,50,100,100,100,86,50
avance_0391,2,True,positioning_synthetic_v1,avance,70,20,14,100,50,100,50,50,100,86,57,67
avance_0391,3,True,positioning_synthetic_v1,avance,85,20,17,100,100,100,50,100,75,100,71,83
avance_0391,4,True,positioning_synthetic_v1,avance,90,20,18,100,100,75,100,75,100,100,100,67
avance_0392,1,True,positioning_synthetic_v1,avance,75,20,15,100,50,100,75,50,100,100,71,50
avance_0392,2,True,positioning_synthetic_v1,avance,80,20,16,100,75,100,75,75,75,100,57,83
avance_0392,3,True,positioning_synthetic_v1,avance,90,20,18,100,100,100,75,100,75,86,100,83
avance_0392,4,True,positioning_synthetic_v1,avance,80,20,16,100,100,75,75,50,100,86,71,83
avance_0393,1,True,positioning_synthetic_v1,avance,85,20,17,100,100,75,100,100,50,86,86,83
avance_0393,2,True,positioning_synthetic_v1,avance,75,20,15,100,100,50,100,75,50,57,100,67
avance_0393,3,True,positioning_synthetic_v1,avance,80,20,16,100,100,100,100,50,50,86,86,67
avance_0393,4,True,positioning_synthetic_v1,avance,75,20,15,100,50,100,75,100,50,86,43,100
avance_0394,1,True,positioning_synthetic_v1,avance,80,20,16,100,75,75,100,75,75,86,71,83
avance_0394,2,True,positioning_synthetic_v1,avance,80,20,16,100,75,75,100,75,75,100,100,33
avance_0394,3,True,positioning_synthetic_v1,avance,90,20,18,100,75,100,100,100,75,100,86,83
avance_0394,4,True,positioning_synthetic_v1,avance,60,20,12,100,50,50,75,50,75,43,86,50
avance_0395,1,True,positioning_synthetic_v1,avance,75,20,15,100,100,100,50,75,50,57,86,83
avance_0395,2,True,positioning_synthetic_v1,avance,70,20,14,100,100,75,50,75,50,86,86,33
avance_0395,3,True,positioning_synthetic_v1,avance,95,20,19,100,100,100,75,100,100,100,86,100
avance_0395,4,True,positioning_synthetic_v1,avance,80,20,16,100,75,100,100,75,50,86,86,67
avance_0396,1,True,positioning_synthetic_v1,avance,70,20,14,100,50,100,50,75,75,86,71,50
avance_0396,2,True,positioning_synthetic_v1,avance,70,20,14,100,75,75,75,50,75,100,86,17
avance_0396,3,True,positioning_synthetic_v1,avance,65,20,13,100,25,75,75,75,75,71,71,50
avance_0396,4,True,positioning_synthetic_v1,avance,85,20,17,100,100,100,75,50,100,71,100,83
avance_0397,1,True,positioning_synthetic_v1,avance,60,20,12,100,50,75,50,75,50,57,71,50
avance_0397,2,True,positioning_synthetic_v1,avance,70,20,14,100,75,50,75,50,100,71,100,33
avance_0397,3,True,positioning_synthetic_v1,avance,90,20,18,100,75,100,100,75,100,100,86,83
avance_0397,4,True,positioning_synthetic_v1,avance,80,20,16,100,75,100,75,75,75,86,71,83
avance_0398,1,True,positioning_synthetic_v1,avance,85,20,17,100,100,75,50,100,100,100,86,67
avance_0398,2,True,positioning_synthetic_v1,avance,80,20,16,100,75,100,50,100,75,86,86,67
avance_0398,3,True,positioning_synthetic_v1,avance,70,20,14,100,75,100,50,50,75,71,57,83
avance_0398,4,True,positioning_synthetic_v1,avance,75,20,15,100,75,50,100,75,75,100,71,50
avance_0399,1,True,positioning_synthetic_v1,avance,70,20,14,100,50,50,75,75,100,71,57,83
avance_0399,2,True,positioning_synthetic_v1,avance,70,20,14,100,75,50,50,75,100,86,57,67
avance_0399,3,True,positioning_synthetic_v1,avance,55,20,11,100,50,75,50,50,50,71,71,17
avance_0399,4,True,positioning_synthetic_v1,avance,75,20,15,100,100,50,75,75,75,71,86,67
avance_0400,1,True,positioning_synthetic_v1,avance,60,20,12,100,75,50,75,50,50,57,71,50
avance_0400,2,True,positioning_synthetic_v1,avance,65,20,13,100,50,75,50,50,100,71,57,67
avance_0400,3,True,positioning_synthetic_v1,avance,75,20,15,100,75,75,75,100,50,86,86,50
avance_0400,4,True,positioning_synthetic_v1,avance,65,20,13,100,50,75,50,50,100,71,100,17
avance_0401,1,True,positioning_synthetic_v1,avance,75,20,15,100,100,75,25,100,75,86,57,83
avance_0401,2,True,positioning_synthetic_v1,avance,75,20,15,100,100,50,75,50,100,86,71,67
avance_0401,3,True,positioning_synthetic_v1,avance,100,20,20,100,100,100,100,100,100,100,100,100
avance_0401,4,True,positioning_synthetic_v1,avance,80,20,16,100,50,100,50,100,100,86,86,67
avance_0402,1,True,positioning_synthetic_v1,avance,70,20,14,100,100,75,50,50,75,100,57,50
avance_0402,2,True,positioning_synthetic_v1,avance,75,20,15,100,50,75,75,100,75,86,57,83
avance_0402,3,True,positioning_synthetic_v1,avance,75,20,15,100,75,75,75,75,75,57,100,67
avance_0402,4,True,positioning_synthetic_v1,avance,55,20,11,100,25,75,50,25,100,86,43,33
avance_0403,1,True,positioning_synthetic_v1,avance,80,20,16,100,75,100,100,75,50,86,100,50
avance_0403,2,True,positioning_synthetic_v1,avance,90,20,18,100,75,100,100,75,100,100,86,83
avance_0403,3,True,positioning_synthetic_v1,avance,70,20,14,100,50,75,50,100,75,100,71,33
avance_0403,4,True,positioning_synthetic_v1,avance,80,20,16,100,75,100,75,75,75,100,86,50
avance_0404,1,True,positioning_synthetic_v1,avance,65,20,13,100,50,50,75,100,50,86,57,50
avance_0404,2,True,positioning_synthetic_v1,avance,70,20,14,100,75,75,50,75,75,71,71,67
avance_0404,3,True,positioning_synthetic_v1,avance,75,20,15,100,50,75,75,100,75,71,86,67
avance_0404,4,True,positioning_synthetic_v1,avance,80,20,16,100,100,25,75,100,100,100,86,50
avance_0405,1,True,positioning_synthetic_v1,avance,70,20,14,100,75,75,75,75,50,86,86,33
avance_0405,2,True,positioning_synthetic_v1,avance,65,20,13,100,100,75,50,50,50,71,57,67
avance_0405,3,True,positioning_synthetic_v1,avance,55,20,11,100,50,50,50,75,50,71,57,33
avance_0405,4,True,positioning_synthetic_v1,avance,75,20,15,100,75,100,100,50,50,86,71,67
avance_0406,1,True,positioning_synthetic_v1,avance,80,20,16,100,25,100,100,75,100,71,86,83
avance_0406,2,True,positioning_synthetic_v1,avance,70,20,14,100,25,100,100,25,100,86,71,50
avance_0406,3,True,positioning_synthetic_v1,avance,75,20,15,100,50,100,75,100,50,100,86,33
avance_0406,4,True,positioning_synthetic_v1,avance,85,20,17,100,100,75,75,100,75,86,86,83
avance_0407,1,True,positioning_synthetic_v1,avance,75,20,15,100,100,75,75,50,75,86,86,50
avance_0407,2,True,positioning_synthetic_v1,avance,65,20,13,100,50,75,25,75,100,86,57,50
avance_0407,3,True,positioning_synthetic_v1,avance,70,20,14,100,75,75,75,50,75,100,71,33
avance_0407,4,True,positioning_synthetic_v1,avance,70,20,14,100,75,50,50,100,75,71,100,33
avance_0408,1,True,positioning_synthetic_v1,avance,60,20,12,100,25,25,75,75,100,43,86,50
avance_0408,2,True,positioning_synthetic_v1,avance,85,20,17,100,75,100,75,75,100,100,86,67
avance_0408,3,True,positioning_synthetic_v1,avance,75,20,15,100,75,100,75,75,50,100,71,50
avance_0408,4,True,positioning_synthetic_v1,avance,60,20,12,100,100,50,50,25,75,86,57,33
avance_0409,1,True,positioning_synthetic_v1,avance,75,20,15,100,50,75,75,75,100,71,86,67
avance_0409,2,True,positioning_synthetic_v1,avance,60,20,12,100,75,25,50,50,100,86,43,50
avance_0409,3,True,positioning_synthetic_v1,avance,55,20,11,100,50,50,50,50,75,71,57,33
avance_0409,4,True,positioning_synthetic_v1,avance,80,20,16,100,100,75,100,50,75,100,71,67
avance_0410,1,True,positioning_synthetic_v1,avance,65,20,13,100,100,75,50,50,50,86,57,50
avance_0410,2,True,positioning_synthetic_v1,avance,65,20,13,100,100,50,75,50,50,71,57,67
avance_0410,3,True,positioning_synthetic_v1,avance,65,20,13,100,50,75,75,50,75,100,57,33
avance_0410,4,True,positioning_synthetic_v1,avance,55,20,11,100,50,50,100,75,0,71,71,17
avance_0411,1,True,positioning_synthetic_v1,avance,65,20,13,100,50,75,50,100,50,71,86,33
avance_0411,2,True,positioning_synthetic_v1,avance,75,20,15,100,50,75,75,75,100,100,71,50
avance_0411,3,True,positioning_synthetic_v1,avance,70,20,14,100,75,50,75,100,50,71,71,67
avance_0411,4,True,positioning_synthetic_v1,avance,90,20,18,100,75,100,100,75,100,86,86,100
avance_0412,1,True,positioning_synthetic_v1,avance,65,20,13,100,100,75,75,25,50,71,57,67
avance_0412,2,True,positioning_synthetic_v1,avance,60,20,12,100,75,50,75,50,50,71,71,33
avance_0412,3,True,positioning_synthetic_v1,avance,85,20,17,100,75,100,75,100,75,100,86,67
avance_0412,4,True,positioning_synthetic_v1,avance,70,20,14,100,50,75,50,75,100,86,71,50
avance_0413,1,True,positioning_synthetic_v1,avance,70,20,14,100,100,75,75,75,25,100,71,33
avance_0413,2,True,positioning_synthetic_v1,avance,65,20,13,100,75,100,50,50,50,86,43,67
avance_0413,3,True,positioning_synthetic_v1,avance,65,20,13,100,100,75,50,50,50,100,57,33
avance_0413,4,True,positioning_synthetic_v1,avance,90,20,18,100,100,100,100,75,75,100,71,100
avance_0414,1,True,positioning_synthetic_v1,avance,85,20,17,100,100,75,50,100,100,86,86,83
avance_0414,2,True,positioning_synthetic_v1,avance,70,20,14,100,75,50,100,75,50,86,86,33
avance_0414,3,True,positioning_synthetic_v1,avance,80,20,16,100,100,75,75,75,75,86,57,100
avance_0414,4,True,positioning_synthetic_v1,avance,85,20,17,100,75,75,75,100,100,86,86,83
avance_0415,1,True,positioning_synthetic_v1,avance,65,20,13,100,75,75,100,25,50,71,71,50
avance_0415,2,True,positioning_synthetic_v1,avance,90,20,18,100,100,100,75,75,100,86,86,100
avance_0415,3,True,positioning_synthetic_v1,avance,85,20,17,100,75,75,100,75,100,71,86,100
avance_0415,4,True,positioning_synthetic_v1,avance,85,20,17,100,100,75,100,75,75,86,86,83
avance_0416,1,True,positioning_synthetic_v1,avance,85,20,17,100,100,100,75,75,75,100,86,67
avance_0416,2,True,positioning_synthetic_v1,avance,90,20,18,100,100,100,100,75,75,71,100,100
avance_0416,3,True,positioning_synthetic_v1,avance,80,20,16,100,100,50,100,100,50,86,71,83
avance_0416,4,True,positioning_synthetic_v1,avance,80,20,16,100,100,50,75,100,75,86,86,67
avance_0417,1,True,positioning_synthetic_v1,avance,65,20,13,100,50,50,50,100,75,71,71,50
avance_0417,2,True,positioning_synthetic_v1,avance,80,20,16,100,100,75,100,75,50,71,86,83
avance_0417,3,True,positioning_synthetic_v1,avance,65,20,13,100,75,75,25,75,75,86,43,67
avance_0417,4,True,positioning_synthetic_v1,avance,65,20,13,100,50,100,75,50,50,86,71,33
avance_0418,1,True,positioning_synthetic_v1,avance,85,20,17,100,75,100,100,50,100,86,86,83
avance_0418,2,True,positioning_synthetic_v1,avance,85,20,17,100,75,75,100,75,100,100,100,50
avance_0418,3,True,positioning_synthetic_v1,avance,75,20,15,100,75,100,75,50,75,86,86,50
avance_0418,4,True,positioning_synthetic_v1,avance,90,20,18,100,75,100,100,75,100,86,100,83
avance_0419,1,True,positioning_synthetic_v1,avance,95,20,19,100,100,100,75,100,100,100,86,100
avance_0419,2,True,positioning_synthetic_v1,avance,70,20,14,100,100,50,100,25,75,100,71,33
avance_0419,3,True,positioning_synthetic_v1,avance,90,20,18,100,100,100,75,75,100,86,100,83
avance_0419,4,True,positioning_synthetic_v1,avance,85,20,17,100,100,100,100,50,75,100,86,67
avance_0420,1,True,positioning_synthetic_v1,avance,85,20,17,100,75,75,100,75,100,100,71,83
avance_0420,2,True,positioning_synthetic_v1,avance,95,20,19,100,100,100,75,100,100,100,86,100
avance_0420,3,True,positioning_synthetic_v1,avance,80,20,16,100,75,75,100,75,75,86,100,50
avance_0420,4,True,positioning_synthetic_v1,avance,90,20,18,100,75,100,75,100,100,100,71,100
avance_0421,1,True,positioning_synthetic_v1,avance,80,20,16,100,75,75,100,50,100,86,71,83
avance_0421,2,True,positioning_synthetic_v1,avance,65,20,13,100,50,100,75,50,50,71,57,67
avance_0421,3,True,positioning_synthetic_v1,avance,75,20,15,100,75,100,75,50,75,86,86,50
avance_0421,4,True,positioning_synthetic_v1,avance,60,20,12,100,50,75,75,25,75,71,57,50
avance_0422,1,True,positioning_synthetic_v1,avance,90,20,18,100,100,100,100,100,50,86,100,83
avance_0422,2,True,positioning_synthetic_v1,avance,90,20,18,100,100,100,75,75,100,100,100,67
avance_0422,3,True,positioning_synthetic_v1,avance,100,20,20,100,100,100,100,100,100,100,100,100
avance_0422,4,True,positioning_synthetic_v1,avance,75,20,15,100,100,100,75,25,75,86,71,67
avance_0423,1,True,positioning_synthetic_v1,avance,95,20,19,100,100,100,100,75,100,100,86,100
avance_0423,2,True,positioning_synthetic_v1,avance,85,20,17,100,50,75,100,100,100,86,86,83
avance_0423,3,True,positioning_synthetic_v1,avance,95,20,19,100,100,100,100,75,100,100,86,100
avance_0423,4,True,positioning_synthetic_v1,avance,85,20,17,100,75,75,100,75,100,100,86,67
avance_0424,1,True,positioning_synthetic_v1,avance,90,20,18,100,100,75,100,100,75,100,71,100
avance_0424,2,True,positioning_synthetic_v1,avance,55,20,11,100,25,75,50,50,75,86,71,0
avance_0424,3,True,positioning_synthetic_v1,avance,80,20,16,100,50,100,100,75,75,86,71,83
avance_0424,4,True,positioning_synthetic_v1,avance,80,20,16,100,50,75,100,75,100,100,71,67
avance_0425,1,True,positioning_synthetic_v1,avance,75,20,15,100,50,75,50,100,100,86,71,67
avance_0425,2,True,positioning_synthetic_v1,avance,80,20,16,100,75,100,100,50,75,86,71,83
avance_0425,3,True,positioning_synthetic_v1,avance,70,20,14,100,75,50,75,75,75,100,71,33
avance_0425,4,True,positioning_synthetic_v1,avance,75,20,15,100,100,75,75,50,75,100,86,33
avance_0426,1,True,positioning_synthetic_v1,avance,80,20,16,100,75,50,75,100,100,100,86,50
avance_0426,2,True,positioning_synthetic_v1,avance,70,20,14,100,100,75,75,25,75,71,86,50
avance_0426,3,True,positioning_synthetic_v1,avance,85,20,17,100,75,100,100,75,75,86,100,67
avance_0426,4,True,positioning_synthetic_v1,avance,70,20,14,100,100,100,75,25,50,71,57,83
avance_0427,1,True,positioning_synthetic_v1,avance,60,20,12,100,75,75,50,50,50,86,71,17
avance_0427,2,True,positioning_synthetic_v1,avance,85,20,17,100,75,75,100,100,75,100,86,67
avance_0427,3,True,positioning_synthetic_v1,avance,80,20,16,100,75,75,75,100,75,86,100,50
avance_0427,4,True,positioning_synthetic_v1,avance,80,20,16,100,75,75,100,100,50,86,71,83
avance_0428,1,True,positioning_synthetic_v1,avance,70,20,14,100,75,75,100,75,25,86,86,33
avance_0428,2,True,positioning_synthetic_v1,avance,85,20,17,100,100,75,100,75,75,86,86,83
avance_0428,3,True,positioning_synthetic_v1,avance,90,20,18,100,100,75,100,100,75,100,71,100
avance_0428,4,True,positioning_synthetic_v1,avance,70,20,14,100,100,75,100,75,0,57,71,83
avance_0429,1,True,positioning_synthetic_v1,avance,85,20,17,100,75,100,75,100,75,71,100,83
avance_0429,2,True,positioning_synthetic_v1,avance,85,20,17,100,50,75,100,100,100,100,71,83
avance_0429,3,True,positioning_synthetic_v1,avance,85,20,17,100,100,50,75,100,100,100,71,83
avance_0429,4,True,positioning_synthetic_v1,avance,95,20,19,100,100,100,75,100,100,100,100,83
avance_0430,1,True,positioning_synthetic_v1,avance,75,20,15,100,75,75,75,100,50,100,86,33
avance_0430,2,True,positioning_synthetic_v1,avance,90,20,18,100,75,100,100,100,75,100,100,67
avance_0430,3,True,positioning_synthetic_v1,avance,70,20,14,100,75,75,25,100,75,86,43,83
avance_0430,4,True,positioning_synthetic_v1,avance,95,20,19,100,100,100,100,100,75,100,86,100
avance_0431,1,True,positioning_synthetic_v1,avance,85,20,17,100,75,75,100,100,75,100,86,67
avance_0431,2,True,positioning_synthetic_v1,avance,80,20,16,100,75,100,75,100,50,100,71,67
avance_0431,3,True,positioning_synthetic_v1,avance,70,20,14,100,75,75,50,75,75,86,57,67
avance_0431,4,True,positioning_synthetic_v1,avance,85,20,17,100,100,75,100,75,75,86,86,83
avance_0432,1,True,positioning_synthetic_v1,avance,70,20,14,100,75,100,25,50,100,100,57,50
avance_0432,2,True,positioning_synthetic_v1,avance,70,20,14,100,50,100,75,50,75,71,86,50
avance_0432,3,True,positioning_synthetic_v1,avance,70,20,14,100,50,75,50,100,75,71,57,83
avance_0432,4,True,positioning_synthetic_v1,avance,65,20,13,100,100,75,50,50,50,86,71,33
avance_0433,1,True,positioning_synthetic_v1,avance,75,20,15,100,100,75,75,50,75,100,71,50
avance_0433,2,True,positioning_synthetic_v1,avance,80,20,16,100,75,75,100,100,50,86,86,67
avance_0433,3,True,positioning_synthetic_v1,avance,75,20,15,100,100,75,50,75,75,71,86,67
avance_0433,4,True,positioning_synthetic_v1,avance,80,20,16,100,100,75,75,50,100,100,71,67
avance_0434,1,True,positioning_synthetic_v1,avance,50,20,10,100,75,50,25,50,50,86,43,17
avance_0434,2,True,positioning_synthetic_v1,avance,70,20,14,100,75,75,75,25,100,100,57,50
avance_0434,3,True,positioning_synthetic_v1,avance,55,20,11,100,50,50,25,75,75,86,57,17
avance_0434,4,True,positioning_synthetic_v1,avance,85,20,17,100,100,100,50,100,75,86,71,100
avance_0435,1,True,positioning_synthetic_v1,avance,85,20,17,100,100,75,100,100,50,57,100,100
avance_0435,2,True,positioning_synthetic_v1,avance,85,20,17,100,100,75,75,75,100,100,86,67
avance_0435,3,True,positioning_synthetic_v1,avance,80,20,16,100,50,75,100,75,100,100,57,83
avance_0435,4,True,positioning_synthetic_v1,avance,95,20,19,100,75,100,100,100,100,100,100,83
avance_0436,1,True,positioning_synthetic_v1,avance,65,20,13,100,75,75,50,50,75,100,57,33
avance_0436,2,True,positioning_synthetic_v1,avance,65,20,13,100,75,50,50,50,100,57,86,50
avance_0436,3,True,positioning_synthetic_v1,avance,75,20,15,100,50,75,100,75,75,86,71,67
avance_0436,4,True,positioning_synthetic_v1,avance,65,20,13,100,75,75,50,50,75,86,71,33
avance_0437,1,True,positioning_synthetic_v1,avance,70,20,14,100,100,50,50,75,75,100,71,33
avance_0437,2,True,positioning_synthetic_v1,avance,70,20,14,100,75,50,75,75,75,86,57,67
avance_0437,3,True,positioning_synthetic_v1,avance,75,20,15,100,100,75,75,50,75,86,86,50
avance_0437,4,True,positioning_synthetic_v1,avance,75,20,15,100,100,50,75,100,50,71,86,67
avance_0438,1,True,positioning_synthetic_v1,avance,80,20,16,100,100,25,75,100,100,86,86,67
avance_0438,2,True,positioning_synthetic_v1,avance,85,20,17,100,100,75,75,75,100,86,100,67
avance_0438,3,True,positioning_synthetic_v1,avance,90,20,18,100,100,75,75,100,100,100,86,83
avance_0438,4,True,positioning_synthetic_v1,avance,60,20,12,100,50,50,75,50,75,57,71,50
avance_0439,1,True,positioning_synthetic_v1,avance,55,20,11,100,75,50,25,75,50,71,29,67
avance_0439,2,True,positioning_synthetic_v1,avance,75,20,15,100,75,75,50,100,75,100,71,50
avance_0439,3,True,positioning_synthetic_v1,avance,75,20,15,100,75,75,50,75,100,100,86,33
avance_0439,4,True,positioning_synthetic_v1,avance,60,20,12,100,75,50,25,50,100,86,43,50
avance_0440,1,True,positioning_synthetic_v1,avance,75,20,15,100,100,75,75,50,75,86,100,33
avance_0440,2,True,positioning_synthetic_v1,avance,90,20,18,100,75,100,75,100,100,100,71,100
avance_0440,3,True,positioning_synthetic_v1,avance,85,20,17,100,75,100,100,75,75,71,100,83
avance_0440,4,True,positioning_synthetic_v1,avance,80,20,16,100,100,100,75,50,75,71,71,100
avance_0441,1,True,positioning_synthetic_v1,avance,80,20,16,100,100,75,75,100,50,100,71,67
avance_0441,2,True,positioning_synthetic_v1,avance,70,20,14,100,75,75,75,75,50,71,71,67
avance_0441,3,True,positioning_synthetic_v1,avance,50,20,10,100,50,50,75,50,25,86,43,17
avance_0441,4,True,positioning_synthetic_v1,avance,80,20,16,100,75,100,50,100,75,86,86,67
avance_0442,1,True,positioning_synthetic_v1,avance,80,20,16,100,75,100,50,100,75,86,86,67
avance_0442,2,True,positioning_synthetic_v1,avance,90,20,18,100,100,75,75,100,100,100,71,100
avance_0442,3,True,positioning_synthetic_v1,avance,90,20,18,100,100,100,50,100,100,100,86,83
avance_0442,4,True,positioning_synthetic_v1,avance,85,20,17,100,75,75,75,100,100,100,100,50
avance_0443,1,True,positioning_synthetic_v1,avance,65,20,13,100,50,100,50,75,50,100,57,33
avance_0443,2,True,positioning_synthetic_v1,avance,80,20,16,100,75,100,50,75,100,86,71,83
avance_0443,3,True,positioning_synthetic_v1,avance,80,20,16,100,75,75,100,75,75,100,71,67
avance_0443,4,True,positioning_synthetic_v1,avance,60,20,12,100,25,100,75,75,25,86,57,33
avance_0444,1,True,positioning_synthetic_v1,avance,75,20,15,100,100,75,50,100,50,86,86,50
avance_0444,2,True,positioning_synthetic_v1,avance,80,20,16,100,100,50,100,50,100,86,57,100
avance_0444,3,True,positioning_synthetic_v1,avance,85,20,17,100,50,75,100,100,100,100,71,83
avance_0444,4,True,positioning_synthetic_v1,avance,90,20,18,100,75,100,75,100,100,86,100,83
avance_0445,1,True,positioning_synthetic_v1,avance,70,20,14,100,100,50,100,0,100,86,57,67
avance_0445,2,True,positioning_synthetic_v1,avance,80,20,16,100,75,50,75,100,100,86,71,83
avance_0445,3,True,positioning_synthetic_v1,avance,75,20,15,100,75,100,50,100,50,57,86,83
avance_0445,4,True,positioning_synthetic_v1,avance,60,20,12,100,50,50,75,75,50,86,57,33
avance_0446,1,True,positioning_synthetic_v1,avance,85,20,17,100,100,100,75,100,50,100,71,83
avance_0446,2,True,positioning_synthetic_v1,avance,65,20,13,100,75,50,50,75,75,71,43,83
avance_0446,3,True,positioning_synthetic_v1,avance,90,20,18,100,100,75,100,75,100,100,86,83
avance_0446,4,True,positioning_synthetic_v1,avance,100,20,20,100,100,100,100,100,100,100,100,100
avance_0447,1,True,positioning_synthetic_v1,avance,75,20,15,100,100,75,75,50,75,86,57,83
avance_0447,2,True,positioning_synthetic_v1,avance,50,20,10,100,25,75,50,25,75,71,57,17
avance_0447,3,True,positioning_synthetic_v1,avance,65,20,13,100,50,75,75,75,50,71,71,50
avance_0447,4,True,positioning_synthetic_v1,avance,60,20,12,100,75,75,50,75,25,100,57,17
avance_0448,1,True,positioning_synthetic_v1,avance,70,20,14,100,100,50,75,50,75,71,86,50
avance_0448,2,True,positioning_synthetic_v1,avance,50,20,10,100,50,75,75,25,25,71,43,33
avance_0448,3,True,positioning_synthetic_v1,avance,65,20,13,100,100,75,75,25,50,71,86,33
avance_0448,4,True,positioning_synthetic_v1,avance,80,20,16,100,75,75,75,75,100,100,71,67
avance_0449,1,True,positioning_synthetic_v1,avance,80,20,16,100,75,100,100,50,75,100,71,67
avance_0449,2,True,positioning_synthetic_v1,avance,85,20,17,100,50,75,100,100,100,100,86,67
avance_0449,3,True,positioning_synthetic_v1,avance,85,20,17,100,75,100,75,100,75,86,86,83
avance_0449,4,True,positioning_synthetic_v1,avance,75,20,15,100,100,50,75,50,100,86,71,67
avance_0450,1,True,positioning_synthetic_v1,avance,75,20,15,100,75,100,75,75,50,86,71,67
avance_0450,2,True,positioning_synthetic_v1,avance,90,20,18,100,100,100,100,75,75,100,86,83
avance_0450,3,True,positioning_synthetic_v1,avance,75,20,15,100,100,75,50,100,50,100,57,67
avance_0450,4,True,positioning_synthetic_v1,avance,70,20,14,100,75,75,100,75,25,86,71,50
avance_0451,1,True,positioning_synthetic_v1,avance,90,20,18,100,75,100,100,75,100,100,100,67
avance_0451,2,True,positioning_synthetic_v1,avance,90,20,18,100,100,100,75,75,100,86,100,83
avance_0451,3,True,positioning_synthetic_v1,avance,85,20,17,100,100,50,100,75,100,86,86,83
avance_0451,4,True,positioning_synthetic_v1,avance,80,20,16,100,75,75,75,75,100,86,100,50
avance_0452,1,True,positioning_synthetic_v1,avance,65,20,13,100,50,75,75,50,75,86,71,33
avance_0452,2,True,positioning_synthetic_v1,avance,70,20,14,100,100,50,50,75,75,57,71,83
avance_0452,3,True,positioning_synthetic_v1,avance,80,20,16,100,75,75,75,100,75,100,86,50
avance_0452,4,True,positioning_synthetic_v1,avance,80,20,16,100,75,75,75,75,100,86,71,83
avance_0453,1,True,positioning_synthetic_v1,avance,80,20,16,100,75,75,100,75,75,100,86,50
avance_0453,2,True,positioning_synthetic_v1,avance,90,20,18,100,100,100,100,50,100,100,86,83
avance_0453,3,True,positioning_synthetic_v1,avance,75,20,15,100,75,75,50,75,100,86,86,50
avance_0453,4,True,positioning_synthetic_v1,avance,70,20,14,100,50,50,100,100,50,71,57,83
avance_0454,1,True,positioning_synthetic_v1,avance,90,20,18,100,50,100,100,100,100,100,86,83
avance_0454,2,True,positioning_synthetic_v1,avance,60,20,12,100,25,50,75,50,100,86,57,33
avance_0454,3,True,positioning_synthetic_v1,avance,65,20,13,100,50,75,25,75,100,86,71,33
avance_0454,4,True,positioning_synthetic_v1,avance,75,20,15,100,75,75,50,75,100,86,100,33
avance_0455,1,True,positioning_synthetic_v1,avance,80,20,16,100,100,50,75,100,75,100,71,67
avance_0455,2,True,positioning_synthetic_v1,avance,80,20,16,100,75,75,50,100,100,100,86,50
avance_0455,3,True,positioning_synthetic_v1,avance,85,20,17,100,100,100,75,75,75,100,100,50
avance_0455,4,True,positioning_synthetic_v1,avance,85,20,17,100,75,75,100,100,75,100,86,67
avance_0456,1,True,positioning_synthetic_v1,avance,90,20,18,100,75,100,100,75,100,86,100,83
avance_0456,2,True,positioning_synthetic_v1,avance,90,20,18,100,100,75,100,75,100,100,71,100
avance_0456,3,True,positioning_synthetic_v1,avance,90,20,18,100,100,75,75,100,100,100,86,83
avance_0456,4,True,positioning_synthetic_v1,avance,70,20,14,100,75,50,75,75,75,100,86,17
avance_0457,1,True,positioning_synthetic_v1,avance,85,20,17,100,75,75,75,100,100,100,86,67
avance_0457,2,True,positioning_synthetic_v1,avance,80,20,16,100,100,75,75,75,75,100,86,50
avance_0457,3,True,positioning_synthetic_v1,avance,80,20,16,100,75,100,75,100,50,57,100,83
avance_0457,4,True,positioning_synthetic_v1,avance,75,20,15,100,75,75,50,100,75,100,43,83
avance_0458,1,True,positioning_synthetic_v1,avance,90,20,18,100,100,100,100,75,75,86,100,83
avance_0458,2,True,positioning_synthetic_v1,avance,75,20,15,100,75,75,75,75,75,100,57,67
avance_0458,3,True,positioning_synthetic_v1,avance,90,20,18,100,75,75,100,100,100,100,86,83
avance_0458,4,True,positioning_synthetic_v1,avance,60,20,12,100,50,75,50,75,50,71,57,50
avance_0459,1,True,positioning_synthetic_v1,avance,85,20,17,100,100,75,75,100,75,100,71,83
avance_0459,2,True,positioning_synthetic_v1,avance,80,20,16,100,100,50,75,75,100,71,71,100
avance_0459,3,True,positioning_synthetic_v1,avance,65,20,13,100,50,75,75,75,50,71,86,33
avance_0459,4,True,positioning_synthetic_v1,avance,90,20,18,100,50,100,100,100,100,86,100,83
avance_0460,1,True,positioning_synthetic_v1,avance,80,20,16,100,75,75,100,100,50,57,100,83
avance_0460,2,True,positioning_synthetic_v1,avance,80,20,16,100,75,75,75,75,100,71,86,83
avance_0460,3,True,positioning_synthetic_v1,avance,80,20,16,100,75,100,100,50,75,86,71,83
avance_0460,4,True,positioning_synthetic_v1,avance,90,20,18,100,75,100,100,100,75,100,100,67
avance_0461,1,True,positioning_synthetic_v1,avance,65,20,13,100,50,25,75,100,75,71,86,33
avance_0461,2,True,positioning_synthetic_v1,avance,80,20,16,100,100,75,75,50,100,86,86,67
avance_0461,3,True,positioning_synthetic_v1,avance,85,20,17,100,100,75,75,100,75,100,71,83
avance_0461,4,True,positioning_synthetic_v1,avance,80,20,16,100,100,100,75,100,25,86,86,67
avance_0462,1,True,positioning_synthetic_v1,avance,85,20,17,100,75,75,100,100,75,100,86,67
avance_0462,2,True,positioning_synthetic_v1,avance,75,20,15,100,50,75,75,75,100,100,71,50
avance_0462,3,True,positioning_synthetic_v1,avance,80,20,16,100,50,100,75,75,100,71,86,83
avance_0462,4,True,positioning_synthetic_v1,avance,60,20,12,100,50,75,75,50,50,29,86,67
avance_0463,1,True,positioning_synthetic_v1,avance,65,20,13,100,25,75,75,75,75,71,71,50
avance_0463,2,True,positioning_synthetic_v1,avance,80,20,16,100,50,100,100,100,50,86,86,67
avance_0463,3,True,positioning_synthetic_v1,avance,70,20,14,100,75,100,75,50,50,86,71,50
avance_0463,4,True,positioning_synthetic_v1,avance,70,20,14,100,50,100,50,50,100,86,57,67
avance_0464,1,True,positioning_synthetic_v1,avance,70,20,14,100,75,75,100,50,50,100,71,33
avance_0464,2,True,positioning_synthetic_v1,avance,80,20,16,100,100,75,100,25,100,100,71,67
avance_0464,3,True,positioning_synthetic_v1,avance,75,20,15,100,25,100,75,100,75,86,71,67
avance_0464,4,True,positioning_synthetic_v1,avance,90,20,18,100,75,100,100,100,75,100,86,83
avance_0465,1,True,positioning_synthetic_v1,avance,75,20,15,100,50,100,75,75,75,100,71,50
avance_0465,2,True,positioning_synthetic_v1,avance,80,20,16,100,100,75,100,50,75,100,86,50
avance_0465,3,True,positioning_synthetic_v1,avance,80,20,16,100,100,100,75,25,100,86,86,67
avance_0465,4,True,positioning_synthetic_v1,avance,70,20,14,100,75,100,75,75,25,86,43,83
avance_0466,1,True,positioning_synthetic_v1,avance,85,20,17,100,100,50,75,100,100,86,100,67
avance_0466,2,True,positioning_synthetic_v1,avance,80,20,16,100,100,75,75,75,75,71,86,83
avance_0466,3,True,positioning_synthetic_v1,avance,80,20,16,100,75,50,75,100,100,86,71,83
avance_0466,4,True,positioning_synthetic_v1,avance,80,20,16,100,100,75,50,75,100,100,86,50
avance_0467,1,True,positioning_synthetic_v1,avance,90,20,18,100,100,100,100,75,75,86,86,100
avance_0467,2,True,positioning_synthetic_v1,avance,85,20,17,100,75,100,75,75,100,86,86,83
avance_0467,3,True,positioning_synthetic_v1,avance,75,20,15,100,100,75,75,25,100,71,71,83
avance_0467,4,True,positioning_synthetic_v1,avance,70,20,14,100,75,100,50,75,50,86,57,67
avance_0468,1,True,positioning_synthetic_v1,avance,70,20,14,100,50,75,50,75,100,100,57,50
avance_0468,2,True,positioning_synthetic_v1,avance,80,20,16,100,100,100,75,75,50,86,71,83
avance_0468,3,True,positioning_synthetic_v1,avance,90,20,18,100,75,100,100,100,75,100,100,67
avance_0468,4,True,positioning_synthetic_v1,avance,90,20,18,100,100,100,75,100,75,100,100,67
avance_0469,1,True,positioning_synthetic_v1,avance,60,20,12,100,25,50,50,100,75,57,71,50
avance_0469,2,True,positioning_synthetic_v1,avance,65,20,13,100,75,75,75,50,50,71,71,50
avance_0469,3,True,positioning_synthetic_v1,avance,75,20,15,100,75,50,100,100,50,86,57,83
avance_0469,4,True,positioning_synthetic_v1,avance,75,20,15,100,75,75,100,50,75,86,86,50
avance_0470,1,True,positioning_synthetic_v1,avance,75,20,15,100,100,75,50,75,75,86,57,83
avance_0470,2,True,positioning_synthetic_v1,avance,70,20,14,100,50,75,100,50,75,86,71,50
avance_0470,3,True,positioning_synthetic_v1,avance,65,20,13,100,75,100,25,75,50,86,57,50
avance_0470,4,True,positioning_synthetic_v1,avance,70,20,14,100,75,100,75,25,75,100,71,33
avance_0471,1,True,positioning_synthetic_v1,avance,85,20,17,100,75,100,100,75,75,100,86,67
avance_0471,2,True,positioning_synthetic_v1,avance,90,20,18,100,75,100,100,75,100,86,100,83
avance_0471,3,True,positioning_synthetic_v1,avance,85,20,17,100,75,75,100,100,75,100,100,50
avance_0471,4,True,positioning_synthetic_v1,avance,90,20,18,100,100,100,100,50,100,100,71,100
avance_0472,1,True,positioning_synthetic_v1,avance,70,20,14,100,50,75,75,75,75,86,71,50
avance_0472,2,True,positioning_synthetic_v1,avance,80,20,16,100,100,75,75,75,75,100,86,50
avance_0472,3,True,positioning_synthetic_v1,avance,85,20,17,100,75,100,100,75,75,86,71,100
avance_0472,4,True,positioning_synthetic_v1,avance,85,20,17,100,100,75,100,75,75,86,71,100
avance_0473,1,True,positioning_synthetic_v1,avance,80,20,16,100,100,75,100,50,75,86,71,83
avance_0473,2,True,positioning_synthetic_v1,avance,80,20,16,100,75,75,100,75,75,71,86,83
avance_0473,3,True,positioning_synthetic_v1,avance,90,20,18,100,100,100,75,100,75,100,100,67
avance_0473,4,True,positioning_synthetic_v1,avance,95,20,19,100,100,75,100,100,100,100,100,83
avance_0474,1,True,positioning_synthetic_v1,avance,70,20,14,100,50,75,75,75,75,86,71,50
avance_0474,2,True,positioning_synthetic_v1,avance,70,20,14,100,50,50,75,100,75,86,71,50
avance_0474,3,True,positioning_synthetic_v1,avance,90,20,18,100,75,100,100,75,100,100,86,83
avance_0474,4,True,positioning_synthetic_v1,avance,90,20,18,100,75,100,100,75,100,100,100,67
avance_0475,1,True,positioning_synthetic_v1,avance,70,20,14,100,50,50,50,100,100,71,86,50
avance_0475,2,True,positioning_synthetic_v1,avance,75,20,15,100,50,100,75,100,50,100,71,50
avance_0475,3,True,positioning_synthetic_v1,avance,85,20,17,100,50,100,100,100,75,100,86,67
avance_0475,4,True,positioning_synthetic_v1,avance,80,20,16,100,25,100,75,100,100,86,71,83
avance_0476,1,True,positioning_synthetic_v1,avance,45,20,9,100,25,0,75,50,75,57,29,50
avance_0476,2,True,positioning_synthetic_v1,avance,80,20,16,100,100,50,100,100,50,100,86,50
avance_0476,3,True,positioning_synthetic_v1,avance,70,20,14,100,50,25,100,75,100,100,43,67
avance_0476,4,True,positioning_synthetic_v1,avance,85,20,17,100,25,100,100,100,100,86,86,83
avance_0477,1,True,positioning_synthetic_v1,avance,80,20,16,100,75,100,75,50,100,100,57,83
avance_0477,2,True,positioning_synthetic_v1,avance,85,20,17,100,100,75,100,75,75,86,86,83
avance_0477,3,True,positioning_synthetic_v1,avance,80,20,16,100,50,75,100,75,100,100,71,67
avance_0477,4,True,positioning_synthetic_v1,avance,90,20,18,100,50,100,100,100,100,100,100,67
avance_0478,1,True,positioning_synthetic_v1,avance,80,20,16,100,75,100,75,75,75,86,86,67
avance_0478,2,True,positioning_synthetic_v1,avance,80,20,16,100,75,50,100,75,100,100,86,50
avance_0478,3,True,positioning_synthetic_v1,avance,70,20,14,100,100,50,75,50,75,86,71,50
avance_0478,4,True,positioning_synthetic_v1,avance,75,20,15,100,75,25,100,75,100,71,71,83
avance_0479,1,True,positioning_synthetic_v1,avance,70,20,14,100,75,75,50,50,100,86,57,67
avance_0479,2,True,positioning_synthetic_v1,avance,90,20,18,100,100,100,75,75,100,86,86,100
avance_0479,3,True,positioning_synthetic_v1,avance,75,20,15,100,75,100,0,100,100,57,86,83
avance_0479,4,True,positioning_synthetic_v1,avance,80,20,16,100,75,50,100,75,100,100,57,83
avance_0480,1,True,positioning_synthetic_v1,avance,70,20,14,100,75,75,100,50,50,71,100,33
avance_0480,2,True,positioning_synthetic_v1,avance,60,20,12,100,50,25,75,50,100,86,57,33
avance_0480,3,True,positioning_synthetic_v1,avance,65,20,13,100,75,50,50,75,75,71,86,33
avance_0480,4,True,positioning_synthetic_v1,avance,75,20,15,100,75,50,75,100,75,86,86,50
avance_0481,1,True,positioning_synthetic_v1,avance,75,20,15,100,75,75,75,75,75,100,57,67
avance_0481,2,True,positioning_synthetic_v1,avance,70,20,14,100,75,25,100,100,50,86,86,33
avance_0481,3,True,positioning_synthetic_v1,avance,75,20,15,100,50,75,75,100,75,100,57,67
avance_0481,4,True,positioning_synthetic_v1,avance,65,20,13,100,75,75,75,75,25,71,71,50
avance_0482,1,True,positioning_synthetic_v1,avance,90,20,18,100,100,100,75,75,100,100,86,83
avance_0482,2,True,positioning_synthetic_v1,avance,100,20,20,100,100,100,100,100,100,100,100,100
avance_0482,3,True,positioning_synthetic_v1,avance,85,20,17,100,75,75,75,100,100,100,86,67
avance_0482,4,True,positioning_synthetic_v1,avance,90,20,18,100,75,75,100,100,100,86,86,100
avance_0483,1,True,positioning_synthetic_v1,avance,75,20,15,100,100,50,75,100,50,71,86,67
avance_0483,2,True,positioning_synthetic_v1,avance,75,20,15,100,75,100,50,100,50,86,71,67
avance_0483,3,True,positioning_synthetic_v1,avance,80,20,16,100,75,75,75,75,100,71,100,67
avance_0483,4,True,positioning_synthetic_v1,avance,80,20,16,100,50,100,75,75,100,100,86,50
avance_0484,1,True,positioning_synthetic_v1,avance,85,20,17,100,100,75,100,100,50,86,86,83
avance_0484,2,True,positioning_synthetic_v1,avance,70,20,14,100,75,50,50,75,100,86,71,50
avance_0484,3,True,positioning_synthetic_v1,avance,90,20,18,100,100,75,100,75,100,100,71,100
avance_0484,4,True,positioning_synthetic_v1,avance,85,20,17,100,100,100,75,100,50,86,100,67
avance_0485,1,True,positioning_synthetic_v1,avance,90,20,18,100,100,75,100,75,100,100,71,100
avance_0485,2,True,positioning_synthetic_v1,avance,80,20,16,100,75,100,75,75,75,100,86,50
avance_0485,3,True,positioning_synthetic_v1,avance,80,20,16,100,75,75,75,75,100,100,100,33
avance_0485,4,True,positioning_synthetic_v1,avance,65,20,13,100,50,50,50,75,100,86,71,33
avance_0486,1,True,positioning_synthetic_v1,avance,80,20,16,100,75,100,75,75,75,86,71,83
avance_0486,2,True,positioning_synthetic_v1,avance,85,20,17,100,100,75,100,100,50,86,71,100
avance_0486,3,True,positioning_synthetic_v1,avance,85,20,17,100,75,100,100,75,75,100,100,50
avance_0486,4,True,positioning_synthetic_v1,avance,65,20,13,100,75,50,75,50,75,86,71,33
avance_0487,1,True,positioning_synthetic_v1,avance,75,20,15,100,100,100,25,100,50,100,43,83
avance_0487,2,True,positioning_synthetic_v1,avance,80,20,16,100,100,100,75,75,50,100,86,50
avance_0487,3,True,positioning_synthetic_v1,avance,85,20,17,100,50,100,100,75,100,100,86,67
avance_0487,4,True,positioning_synthetic_v1,avance,75,20,15,100,75,100,25,75,100,86,71,67
avance_0488,1,True,positioning_synthetic_v1,avance,65,20,13,100,50,75,50,75,75,100,57,33
avance_0488,2,True,positioning_synthetic_v1,avance,75,20,15,100,75,75,75,75,75,86,57,83
avance_0488,3,True,positioning_synthetic_v1,avance,95,20,19,100,100,100,100,100,75,100,100,83
avance_0488,4,True,positioning_synthetic_v1,avance,75,20,15,100,75,100,75,75,50,100,71,50
avance_0489,1,True,positioning_synthetic_v1,avance,65,20,13,100,75,25,75,75,75,100,43,50
avance_0489,2,True,positioning_synthetic_v1,avance,90,20,18,100,100,100,50,100,100,100,86,83
avance_0489,3,True,positioning_synthetic_v1,avance,80,20,16,100,75,50,75,100,100,86,86,67
avance_0489,4,True,positioning_synthetic_v1,avance,55,20,11,100,50,100,25,50,50,71,57,33
avance_0490,1,True,positioning_synthetic_v1,avance,70,20,14,100,100,25,50,75,100,71,86,50
avance_0490,2,True,positioning_synthetic_v1,avance,55,20,11,100,100,25,50,50,50,71,57,33
avance_0490,3,True,positioning_synthetic_v1,avance,80,20,16,100,75,100,50,75,100,100,43,100
avance_0490,4,True,positioning_synthetic_v1,avance,80,20,16,100,100,50,100,50,100,100,71,67
avance_0491,1,True,positioning_synthetic_v1,avance,75,20,15,100,25,75,100,100,75,71,86,67
avance_0491,2,True,positioning_synthetic_v1,avance,80,20,16,100,75,100,75,75,75,100,71,67
avance_0491,3,True,positioning_synthetic_v1,avance,60,20,12,100,50,50,75,75,50,29,86,67
avance_0491,4,True,positioning_synthetic_v1,avance,60,20,12,100,75,50,50,100,25,86,29,67
avance_0492,1,True,positioning_synthetic_v1,avance,70,20,14,100,100,50,75,75,50,100,71,33
avance_0492,2,True,positioning_synthetic_v1,avance,80,20,16,100,75,100,50,100,75,100,71,67
avance_0492,3,True,positioning_synthetic_v1,avance,70,20,14,100,100,75,75,75,25,71,57,83
avance_0492,4,True,positioning_synthetic_v1,avance,75,20,15,100,75,75,100,50,75,86,71,67
avance_0493,1,True,positioning_synthetic_v1,avance,75,20,15,100,50,75,75,100,75,86,57,83
avance_0493,2,True,positioning_synthetic_v1,avance,85,20,17,100,100,50,75,100,100,100,86,67
avance_0493,3,True,positioning_synthetic_v1,avance,95,20,19,100,75,100,100,100,100,100,100,83
avance_0493,4,True,positioning_synthetic_v1,avance,80,20,16,100,50,75,100,100,75,100,71,67
avance_0494,1,True,positioning_synthetic_v1,avance,90,20,18,100,100,75,100,100,75,100,100,67
avance_0494,2,True,positioning_synthetic_v1,avance,95,20,19,100,100,75,100,100,100,100,100,83
avance_0494,3,True,positioning_synthetic_v1,avance,65,20,13,100,50,75,50,100,50,86,57,50
avance_0494,4,True,positioning_synthetic_v1,avance,70,20,14,100,100,50,100,50,50,86,86,33
avance_0495,1,True,positioning_synthetic_v1,avance,85,20,17,100,50,100,100,75,100,100,86,67
avance_0495,2,True,positioning_synthetic_v1,avance,80,20,16,100,75,75,75,75,100,86,86,67
avance_0495,3,True,positioning_synthetic_v1,avance,95,20,19,100,100,100,100,100,75,100,100,83
avance_0495,4,True,positioning_synthetic_v1,avance,85,20,17,100,100,75,75,100,75,100,71,83
avance_0496,1,True,positioning_synthetic_v1,avance,65,20,13,100,75,50,100,50,50,86,86,17
avance_0496,2,True,positioning_synthetic_v1,avance,85,20,17,100,100,75,100,75,75,100,86,67
avance_0496,3,True,positioning_synthetic_v1,avance,75,20,15,100,100,25,100,75,75,86,86,50
avance_0496,4,True,positioning_synthetic_v1,avance,75,20,15,100,75,100,100,50,50,100,71,50
avance_0497,1,True,positioning_synthetic_v1,avance,70,20,14,100,75,75,75,50,75,100,57,50
avance_0497,2,True,positioning_synthetic_v1,avance,75,20,15,100,25,100,100,75,75,86,71,67
avance_0497,3,True,positioning_synthetic_v1,avance,70,20,14,100,75,100,75,75,25,86,71,50
avance_0497,4,True,positioning_synthetic_v1,avance,85,20,17,100,100,50,100,100,75,86,100,67
avance_0498,1,True,positioning_synthetic_v1,avance,65,20,13,100,75,50,75,75,50,100,57,33
avance_0498,2,True,positioning_synthetic_v1,avance,85,20,17,100,100,100,100,100,25,86,86,83
avance_0498,3,True,positioning_synthetic_v1,avance,80,20,16,100,75,100,100,75,50,86,86,67
avance_0498,4,True,positioning_synthetic_v1,avance,60,20,12,100,100,50,50,75,25,71,71,33
avance_0499,1,True,positioning_synthetic_v1,avance,80,20,16,100,100,100,50,75,75,86,86,67
avance_0499,2,True,positioning_synthetic_v1,avance,60,20,12,100,50,75,75,50,50,86,71,17
avance_0499,3,True,positioning_synthetic_v1,avance,75,20,15,100,75,100,50,75,75,86,57,83
avance_0499,4,True,positioning_synthetic_v1,avance,70,20,14,100,50,75,100,75,50,100,57,50
avance_0500,1,True,positioning_synthetic_v1,avance,70,20,14,100,50,100,100,50,50,100,71,33
avance_0500,2,True,positioning_synthetic_v1,avance,50,20,10,100,75,50,0,75,50,57,57,33
avance_0500,3,True,positioning_synthetic_v1,avance,65,20,13,100,75,50,75,75,50,86,57,50
avance_0500,4,True,positioning_synthetic_v1,avance,75,20,15,100,75,75,25,100,100,71,71,83
